Date,GC=F_Volume,^VIX_Volatility,GC=F_Volatility,SHY_Volatility,SPY_Premium_pct,y_target_log
2022-11-07,3.7612001156935615,0.8458682348334262,1.791759469228055,0.0392215934676473,0.0349739863741776,5.940039697243788
2022-11-08,3.1780538303479458,1.0715836424082534,2.2925372232044228,0.0676583632627635,0.0157299608385197,5.945420608606575
2022-11-09,6.210600077024653,0.8458682348334262,2.7212922154704264,0.1310277270101533,0.006894571615377,5.924603343651877
2022-11-10,5.786897381366708,1.55814461804655,3.7635252629134,0.1222152021177277,-0.0295718240407065,5.978100652835479
2022-11-11,5.552959584921617,0.9321636905495464,2.240712286513277,0.1043605651903641,0.0171000514075033,5.987732616523648
2022-11-14,5.883322388488279,0.9042178726457144,2.5649493574615367,0.0582666049078799,0.0350968749585572,5.979189503874573
2022-11-15,4.060443010546419,1.3962444464727095,1.5892401875659032,0.076962736555698,0.012357479500855,5.987682379305946
2022-11-16,5.717027701406222,0.548121143906374,1.9315249498668816,0.0582738024405657,0.0498466073676934,5.980024387834136
2022-11-17,2.9444389791664403,0.8628903092538963,2.079441541679836,0.0676583632627635,0.030818199381536,5.976959836134339
2022-11-18,6.028278520230698,0.7608064351069738,2.8154131051728224,0.1043605651903641,0.0089546132091736,5.981489962878428
2022-11-21,6.300785794663244,1.0367374530962623,2.2823873681258484,0.0953087926407206,0.0207674683343401,5.977847241868001
2022-11-22,2.772588722239781,0.8878905980218481,1.481582346075639,0.0582738024405657,0.0132282805982794,5.991214500590168
2022-11-23,3.688879454113936,0.9001617531235759,2.7343690947470605,0.1043605651903641,0.0499579560550562,5.997496352707163
2022-11-25,5.37989735354046,0.5007762126871563,2.27213343622181,0.0487858045059107,0.0539003811542237,5.997272614016031
2022-11-28,11.796358523132596,0.6151858452900644,0.7884906517135162,0.0582666049078799,-0.0072537330020299,5.981186921946701
2022-11-29,9.873904249994451,0.553884981685144,3.0587036341091154,0.0487930706012202,-0.0286330992435342,5.979467901721101
2022-11-30,8.113726085970747,1.1999646910079769,3.230806325697027,0.2700252735424304,0.0105421425872259,6.010482534978137
2022-12-01,6.960347729101308,0.815364914559338,3.58351893845611,0.1484231621041305,0.0073263461438734,6.009746422771886
2022-12-02,7.453561871643373,1.101939521130464,3.1738794804458346,0.1655146971010833,0.0036563873978107,6.008592039768375
2022-12-05,7.446585099157725,0.9202828443316708,3.799972409267137,0.1397632692255012,-0.0153042623745617,5.990439012271575
2022-12-06,4.663439094112067,1.1693817386565946,2.525728644308256,0.076962736555698,-0.0265357368870327,5.975919310010597
2022-12-07,6.0473721790462776,0.6043159251626482,3.091042453358316,0.0953087926407206,-0.0134843798106114,5.974216663012981
2022-12-08,6.570882962339584,0.7975077457503095,2.2925372232044228,0.0676583632627635,0.0069145289144887,5.982020063634249
2022-12-09,4.836281906951478,0.7080351917219265,2.653247122494441,0.076962736555698,-0.0119710090198463,5.974521823273767
2022-12-12,4.454347296253507,0.6259378596817148,2.844913642077056,0.1222219537879222,0.0080856784300309,5.988836126352187
2022-12-13,5.327876168789581,1.6826885727081036,3.696352680567908,0.1222219537879222,0.0354899200968991,5.996377462005428
2022-12-14,6.980075940561763,1.2237753194251308,2.766320644700636,0.1739553587232242,-0.0204352584923556,5.989963405700003
2022-12-15,6.045005314036012,1.2296405733826847,3.303215178148686,0.086181335945581,0.0075566838277164,5.965197583389183
2022-12-16,5.332718793265369,1.0079578368664586,2.6741486494265287,0.1739553587232242,-0.0675729564890722,5.948739672983263
2022-12-19,4.382026634673881,0.8109302162163288,2.4595951018001423,0.0676583632627635,-0.0201803876589725,5.940223854004517
2022-12-20,3.951243718581428,1.1118571891610742,3.580737975551453,0.076962736555698,0.0096229220541689,5.941591319066982
2022-12-21,3.58351893845611,0.8544154904835977,2.079441541679836,0.0487930706012202,0.0040335070357506,5.956433075381093
2022-12-22,6.021023349349527,1.6658180583803437,3.529296668334303,0.0861743365020368,0.0232903097630362,5.942064200019156
2022-12-23,3.912023005428146,1.0508211713361792,2.27213343622181,0.0392142574909171,0.0099196754342554,5.947799984185608
2022-12-27,4.248495242049359,0.7929921012638093,3.1738794804458346,0.0953087926407206,0.0127876594865411,5.943848677163394
2022-12-28,6.075346031088684,0.8329096205041888,1.7578663361591784,0.0392215934676473,-0.0292741593195231,5.931342933489187
2022-12-29,5.627621113690637,0.667828785698981,2.6878441721380173,0.0487858045059107,0.0115578872068971,5.94918316121849
2022-12-30,4.564348191467836,0.5933265502182339,1.8718021769015916,0.1043536918421155,-0.0033948392396885,5.946545610831114
2023-01-03,3.4011973816621555,0.7080361313026574,1.5040773967762742,0.086181335945581,-0.0273714970258358,5.942326841779192
2023-01-04,3.258096538021482,0.8458682348334262,2.6741486494265287,0.0953087926407206,-0.0136648077514052,5.950017382641028
2023-01-05,3.218875824868201,0.6678297638265807,3.063386358641225,0.0953087926407206,-0.0072834899319244,5.938538354169083
2023-01-06,3.295836866004329,1.0647106054511344,3.523412133666916,0.2390142572122082,0.0014581155869823,5.961211469336532
2023-01-09,4.143134726391533,0.5364928351183177,2.6390573296152584,0.086181335945581,0.003627562127665,5.960644412000762
2023-01-10,4.624972813284271,1.0577900027473266,2.0149030205422647,0.0676583632627635,0.007860870155484,5.967632779475675
2023-01-11,7.120444372392488,0.4885794999514228,1.7404790242645292,0.086181335945581,-0.0122277187621043,5.980201327052349
2023-01-12,4.0943445622221,1.378765921740518,3.054004636492164,0.1043605651903641,-0.0009019832484463,5.983835498417589
2023-01-13,6.240275845170769,0.8754685784081679,3.161245677536856,0.1310277270101533,-0.0151013577904028,5.98770749823027
2023-01-17,6.561030665896573,0.6981348359425381,2.766320644700636,0.0676583632627635,0.0049888136739747,5.985873921174936
2023-01-18,6.93537044601511,1.0543123221873052,2.19722457733622,0.0582666049078799,-0.0195659601310084,5.969959947375709
2023-01-19,5.918893854273146,0.9321636905495464,2.3702505865086856,0.0582666049078799,0.0030177032474992,5.962653502945395
2023-01-20,7.205635176410364,0.8285522173596682,2.0918610475920607,0.0582666049078799,-0.0245029659782238,5.981111147362562
2023-01-23,5.389071729816501,0.5766137500598226,2.572610366536476,0.0676583632627635,-0.0114302178580705,5.993038320284109
2023-01-24,5.308267697401205,0.9400070498751928,1.791759469228055,0.086181335945581,-0.0499315244571074,5.99196445265196
2023-01-25,2.079441541679836,1.068153028747698,0.8754280464218686,0.0582666049078799,0.0049339522352462,5.992339179764092
2023-01-26,4.882801922586371,0.5933265502182339,2.3978952727983707,0.0582666049078799,-0.00307291359876,6.003269592557745
2023-01-27,11.924392525274028,0.7080361313026574,0.0,0.0392215934676473,-0.0231925408139331,6.005564653432586
2023-01-30,10.211744013223518,0.5364928351183177,2.660254415421451,0.029557617092177,0.0087824028846442,5.992938451222193
2023-01-31,7.555381944240273,0.943906522320495,3.427516275307006,0.1043605651903641,0.0150396520150258,6.007534754313443
2023-02-01,7.736743682453495,1.205970852673605,3.5263605246161616,0.2311134163829563,0.0334478432987262,6.018106448339137
2023-02-02,6.618738983517219,1.1600210842129202,3.887728811993477,0.086181335945581,0.0167533172075744,6.032558501714052
2023-02-03,6.900730664045173,0.8628895044654048,4.034240638152395,0.1222152021177277,-0.0163583992503442,6.021872518081148
2023-02-06,6.052089168924417,0.4700038676642862,2.867897514880502,0.1043605651903641,-0.0205729402539081,6.015742406803348
2023-02-07,5.697093486505405,0.9400070498751928,2.1633174132166277,0.1397632692255012,-0.0002096767174609,6.028736252663431
2023-02-08,5.442417710521793,0.943906522320495,2.2300196504814487,0.0676583632627635,0.0095925180472217,6.017741255323141
2023-02-09,5.41164605185504,1.1184147414356411,3.2503716530790654,0.1222152021177277,0.0090075022357723,6.009034282222219
2023-02-10,3.332204510175204,0.9162907318741552,2.493203434909544,0.076962736555698,0.0031702663322788,6.011365229755701
2023-02-13,6.345636360828596,0.8586618776610286,2.4849066497880004,0.0487930706012202,0.0190707037398671,6.023035853419237
2023-02-14,6.48768401848461,1.1847901248980428,2.821381792841001,0.0953157284394993,-0.0109127654521261,6.02257557763235
2023-02-15,5.910796644040527,0.8329087912222433,2.694630479962262,0.0582666049078799,0.0123555012181712,6.02581769001795
2023-02-16,5.407171771460119,1.1118578165783957,2.862200880929469,0.0861743365020368,0.0019371344479813,6.01195321054543
2023-02-17,3.58351893845611,0.908258375594748,3.210840699852563,0.0953087926407206,0.0109911810535473,6.009451826101215
2023-02-21,6.760414691083428,0.9321644414742164,2.3978952727983707,0.076962736555698,0.0035187131045737,5.989186946187775
2023-02-22,5.631211781821365,0.9593497244007352,2.493203434909544,0.0676583632627635,0.0210451123142532,5.9878078910450006
2023-02-23,5.676753802268282,0.9321644414742164,2.3513752571634776,0.0676583632627635,0.0135860969577546,5.993113196493699
2023-02-24,6.003887067106539,0.9477893693622292,0.0,0.0769556722885273,-0.0077044159131706,5.982373359414716
2023-02-27,6.721425700790643,0.8501509945781082,2.2617605553390465,0.0392215934676473,0.0141696550998004,5.98577341073527
2023-02-28,6.428105272684596,0.8197800331512963,3.131137976675892,0.076962736555698,-0.062759817177899,5.982070586110601
2023-03-01,5.356586274672012,0.7419375263816116,2.7472693492502605,0.1133311376093812,0.0190858825365038,5.978227295586576
2023-03-02,5.043425116919247,1.0543123221873052,1.9878810369162223,0.076962736555698,0.025827678802359,5.985974498227227
2023-03-03,4.127134385045092,0.9555115917465512,2.9496870568286,0.0861743365020368,0.0129298591049502,6.00188507047611
2023-03-06,1.791759469228055,0.5306286998499833,2.360863213929357,0.086181335945581,0.0104256475063347,6.002577571129582
2023-03-07,6.111467339502679,0.802001380196817,3.332204510175204,0.1988518593209965,0.0023283776931372,5.987130139655301
2023-03-08,4.330733340286331,0.6981348359425381,0.8754789098282018,0.139756634956183,0.0162448488788489,5.9887609291938855
2023-03-09,5.808142489980444,1.6601310702632746,2.687852476234013,0.1484231621041305,-0.0060698229778697,5.970138754158154
2023-03-10,5.517452896464707,2.1016919547499846,2.862200880929469,0.1988518593209965,0.0048276959177092,5.955604191146448
2023-03-13,6.222576268071369,2.074428884840287,3.6635616461296463,0.3074851485357735,0.0248695203255303,5.954177924309619
2023-03-14,4.68213122712422,1.7867468123885062,2.493203434909544,0.277631505404479,-0.019907202476788,5.970572855011094
2023-03-15,6.336825731146441,2.0438142750929624,3.370737335205875,0.3364733265341234,0.0471219116813471,5.964298875899416
2023-03-16,5.978885764901122,1.708377943217202,3.1267573235785906,0.3852632312005892,0.0370262405108843,5.981691913478422
2023-03-17,4.418840607796598,1.5173225064083893,3.691375725482849,0.3148127446424262,-0.032855369763409,5.966121072728608
2023-03-20,5.966146739123692,1.7766458055994123,3.58351893845611,0.2468650847091529,0.0353139947545421,5.975690768189724
2023-03-21,3.871201010907891,1.3532542310428837,3.605499172025228,0.1484231621041305,0.0428504864740265,5.988735836717014
2023-03-22,3.9318256327243257,1.235471072172723,3.3393202464487746,0.3920443559718254,-0.0243154887997308,5.971542375313128
2023-03-23,3.5263605246161616,1.749199854809259,1.6292357526477437,0.2468591242567546,-0.0607176358223733,5.974242122464886
2023-03-24,2.995732273553991,1.5282275756642507,2.660262951814228,0.2390142572122082,0.0315101152596047,5.9807826987611215
2023-03-27,6.777646593635117,1.2119411556273472,1.7578452895092782,0.1310277270101533,0.054029589742832,5.982650795445704
2023-03-28,3.091042453358316,0.912282618556196,0.0,0.0861743365020368,-0.0154432404637437,5.980403615177059
2023-03-29,11.391480733480853,0.3074851485357735,0.0,0.1043605651903641,0.0146041264202462,5.99483387978505
2023-03-30,9.222268942841456,0.802001380196817,3.417726683613366,0.0861743365020368,0.0155466834333581,6.0006720580967725
2023-03-31,6.86484777797086,0.6471031621695873,2.985684403764368,0.1397632692255012,-0.0212254575580108,6.0146682827207485
2023-04-03,6.6039438246004725,0.8285513844563213,3.754197776718117,0.190619602974195,-0.0094710074808447,6.018471582298928
2023-04-04,6.699500340161678,0.8960883359604456,3.893858537568936,0.2623666119707453,0.0064624595640975,6.01290801725879
2023-04-05,6.26530121273771,0.7323678570334446,3.054004636492164,0.2151096568489544,-0.0185551666622324,6.010286316322848
2023-04-06,0.0,0.9282188202479588,2.9601076258623027,0.1043605651903641,-0.0060009005187182,6.0141796018176334
2023-04-10,6.481577129276431,0.7514155848558535,3.161245677536856,0.0676583632627635,-0.0049841633672257,6.015205451727865
2023-04-11,4.23410650459726,0.542325000536229,2.77881775558787,0.113324325643482,0.0262350905969454,6.015474002547693
2023-04-12,5.153291594497779,1.0043014415178535,3.068052935133617,0.113324325643482,0.0299155259579997,6.011389685999723
2023-04-13,6.950814768442584,0.8285513844563213,3.526364114913025,0.1222219537879222,0.0176257197212128,6.024584963393536
2023-04-14,6.577861357721047,0.7178403513985413,3.985274374753293,0.086181335945581,-0.0196391492631264,6.0221392106589295
2023-04-17,6.318968113746434,0.6365775153131517,3.234750135207592,0.086181335945581,0.0073364905682768,6.025721041684044
2023-04-18,4.290459441148391,0.5653139390965497,2.4423470353692043,0.0953157284394993,-0.0126783243169983,6.026373070966727
2023-04-19,4.127134385045092,0.9360930599783476,3.627003401085465,0.0676583632627635,-0.0207175277186781,6.026204116282616
2023-04-20,5.10594547390058,0.8586618776610286,2.360851697901926,0.0582666049078799,0.0177031630728199,6.02073205664349
2023-04-21,4.890349128221754,0.7561215857149658,3.1398315606413667,0.1397632692255012,0.0042784961258382,6.021508698070699
2023-04-24,4.983606621708336,0.9162907318741552,2.595256528900169,0.0582738024405657,0.0237455207479972,6.022551319473472
2023-04-25,5.726847747587197,1.2612980654623276,2.879194342559939,0.190619602974195,0.0114253038966845,6.006550151459301
2023-04-26,6.423246963533519,1.0079578368664586,2.653247122494441,0.1570021838044337,-0.0290667917848162,6.002305534059628
2023-04-27,5.87493073085203,0.996949000877258,3.152737065699116,0.1222152021177277,0.0048256885809319,6.022018009031217
2023-04-28,5.030437921392435,1.0750022016983931,2.595256528900169,0.076962736555698,0.0239762897748009,6.03051695926238
2023-05-01,5.351858133476067,0.7371645952886403,3.370737335205875,0.0953087926407206,-0.0366225798715587,6.02950670489732
2023-05-02,7.5480289699350145,1.5151270652838442,3.190478359732344,0.2700252735424304,-0.003696597414573,6.018203835383892
2023-05-03,7.2078598714324755,0.9707786859644244,3.0397503271070447,0.1655146971010833,0.0064846649754876,6.011316165884628
2023-05-04,6.836259277277067,1.2974631057225936,3.49650756146648,0.277631505404479,0.0087260797665308,6.004208015307803
2023-05-05,4.0943445622221,1.3711803747587623,3.763522430657976,0.1043605651903641,0.0098506860708894,6.022551319473472
2023-05-08,1.3862943611198906,0.7178394209846607,1.568626090388147,0.0861743365020368,-0.0101612406382538,6.022817831105501
2023-05-09,5.488937726156687,0.4946970326876664,2.517698441485061,0.0676583632627635,0.0018615867235271,6.018422865865544
2023-05-10,5.517452896464707,1.0818047824163382,2.760013030415804,0.139756634956183,0.0187818004523101,6.023084345647295
2023-05-11,4.51085950651685,0.9400077949331302,3.230806325697027,0.1310277270101533,-0.0071897183652593,6.02133884540748
2023-05-12,4.7535901911063645,0.9321644414742164,0.0,0.139756634956183,-0.0019933668537565,6.020027699334828
2023-05-15,1.3862943611198906,0.7323678570334446,1.6486492355192566,0.0392215934676473,0.0342253516083942,6.02347182938797
2023-05-16,3.912023005428146,0.7129493216691004,0.0,0.1133311376093812,-0.0027845659698136,6.0167667299702
2023-05-17,2.6390573296152584,0.9477893693622292,1.3609828131320325,0.1133311376093812,0.0041756881366021,6.028832610035136
2023-05-18,3.1780538303479458,0.7419375263816116,0.2624018238582821,0.0953087926407206,0.0070386332974727,6.038419721537652
2023-05-19,4.672828834461906,0.9202828443316708,2.9806161571558456,0.1988518593209965,0.004072383452845,6.036963575515132
2023-05-22,2.19722457733622,0.8372472933399018,1.9021002385905137,0.1222152021177277,0.0179192407399148,6.037369621369198
2023-05-23,0.6931471805599453,1.1019401548012586,0.0,0.1043536918421155,0.013382055323118,6.026083332659844
2023-05-24,5.247024072160486,1.1019401548012586,2.6100679975887404,0.1310277270101533,0.0171985443716878,6.018812159717928
2023-05-25,0.6931471805599453,0.8109302162163288,0.0,0.1570087046434048,0.0064385905503066,6.027434776177532
2023-05-26,12.01996593406831,1.1908872633117975,1.6677160333694117,0.113324325643482,-0.0062376440857966,6.040302303034603
2023-05-30,10.541095595755303,0.8586618776610286,3.484311539474759,0.1570021838044337,0.0238432479141956,6.040683173464336
2023-05-31,8.692825760059396,0.8241749075700986,3.044522437723423,0.1222219537879222,0.0584850884844015,6.035122531054399
2023-06-01,6.621405651764134,1.1019401548012586,3.3911454017626896,0.0953087926407206,0.0083529150940205,6.044578700120844
2023-06-02,5.877735781779639,0.802001380196817,3.5862921890487867,0.1739553587232242,0.0004473818094782,6.058936293602071
2023-06-05,6.570882962339584,0.4885800850278206,3.222866873465452,0.190619602974195,0.007114320916158,6.057018192138021
2023-06-06,5.10594547390058,0.703097738028767,2.0412139875245967,0.0861743365020368,-0.0119860922736762,6.059193283731399
2023-06-07,4.941642422609304,0.4187100086011288,3.356899674754915,0.1222152021177277,0.0198486922685864,6.055729564736649
2023-06-08,6.073044534100405,0.5187939750674018,3.2921271941933483,0.086181335945581,-0.003415658739645,6.061759914705037
2023-06-09,3.912023005428146,0.4946964511792278,2.3513752571634776,0.0676583632627635,0.0593710971876989,6.063552609304711
2023-06-12,5.3612921657094255,0.5306286998499833,2.572610366536476,0.0676583632627635,0.0374482733318667,6.0725835702530055
2023-06-13,5.840641657373398,0.4637341121993623,3.3393202464487746,0.2390202646073116,0.0023814660520228,6.079154868621608
2023-06-14,5.313205979041787,0.6418536853988344,2.9391567550548934,0.2390142572122082,0.0166194130832376,6.080344992848531
2023-06-15,5.799092654460526,0.5481216951631982,3.5204622471070124,0.076962736555698,0.0249861561139917,6.092666441407088
2023-06-16,4.787491742782046,0.7227061864988957,2.341808153650581,0.113324325643482,0.0511936407650646,6.08554668102498
2023-06-20,5.267858159063328,0.593327077110138,3.3428592165826805,0.076962736555698,0.0053623068732939,6.080344992848531
2023-06-21,6.324358962381311,0.5822155985415055,2.879201200447367,0.0953087926407206,0.0113820469899484,6.075208096154044
2023-06-22,5.472270673671475,0.8109302162163288,2.2925372232044228,0.1133311376093812,-0.0072793110124413,6.078811306896736
2023-06-23,4.663439094112067,0.6523252257761192,2.694630479962262,0.1310277270101533,0.0024345495359762,6.071222579161593
2023-06-26,4.276666119016055,0.6575201610389482,1.9459101490553128,0.0676583632627635,0.0411789750400357,6.06712845668771
2023-06-27,3.912023005428146,0.5596157879354227,2.7972828234913925,0.1570021838044337,-0.0072222518808087,6.078032106396996
2023-06-28,6.444131256700441,0.4700038676642862,0.0,0.0953087926407206,0.0785815207930277,6.078536372506573
2023-06-29,5.66988092298052,0.3646434844611858,2.9123519914652825,0.0487930706012202,0.0137848205830244,6.082469986962672
2023-06-30,6.100318952020064,0.4885800850278206,3.068052935133617,0.0582666049078799,-0.0353575132464384,6.094201621805297
2023-07-03,3.737669618283368,0.3220835820973112,2.533694876331547,0.1310344194426852,-0.0414336133216332,6.09535149682668
2023-07-05,5.267858159063328,0.5247282806410464,3.005686230251452,0.0861743365020368,-0.0051048139645791,6.093863191739534
2023-07-06,4.406719247264253,1.190887553182456,2.079441541679836,0.1570021838044337,-0.0034969749558448,6.086001709261383
2023-07-07,4.127134385045092,1.0043014415178535,3.077310010399873,0.1043605651903641,0.0143825938254126,6.083473802562408
2023-07-10,5.598421958998375,0.7747267632295348,2.6946222319613717,0.1043605651903641,0.0267372704396223,6.086001709261383
2023-07-11,4.962844630259907,0.4824260786017482,2.624672130426827,0.0487930706012202,-0.0115580243400505,6.092350045569536
2023-07-12,4.890349128221754,0.8372472933399018,3.288403709460114,0.076962736555698,0.0500761867759558,6.100363769432054
2023-07-13,4.804021044733257,0.3987759663453855,2.2082717306551944,0.0953087926407206,-0.0126115069302614,6.108269321219409
2023-07-14,4.553876891600541,0.431782391654776,2.186054019887421,0.1222219537879222,0.0252932503023871,6.107646298680371
2023-07-17,3.4011973816621555,0.4510754249807193,2.388765029054837,0.0582738024405657,-0.0127618044305559,6.11111250125102
2023-07-18,4.430816798843313,0.3220835820973112,2.772588722239781,0.113324325643482,0.0186893816516897,6.118515618071667
2023-07-19,3.58351893845611,0.5423244460746569,1.7047480922384253,0.0769556722885273,0.0044642165255734,6.120736909628973
2023-07-20,6.459904454377535,0.5007750567186888,2.2082717306551944,0.076962736555698,0.0065251894002294,6.114080314450597
2023-07-21,3.9318256327243257,0.4187106360184501,1.252762968495368,0.0582738024405657,-0.0247922344371498,6.114080314450597
2023-07-24,1.0986122886681098,0.4510760324165232,1.8245414165160017,0.1222152021177277,0.0170077809599488,6.118537656547352
2023-07-25,2.995732273553991,0.239017260914271,2.3513752571634776,0.0487930706012202,0.0074057919672401,6.121263990003371
2023-07-26,3.951243718581428,0.6981348359425381,1.9169297927628983,0.1397632692255012,0.0366694451634552,6.121417691794728
2023-07-27,12.176921860038473,1.1878436317391732,0.0,0.1043536918421155,0.0084705698618677,6.114765641866302
2023-07-28,10.050009205198895,0.6471031621695873,2.9444389791664403,0.0676583632627635,-0.0082135797065061,6.124508350253241
2023-07-31,6.933423025730715,0.4187106360184501,3.1179488260094046,0.0676583632627635,0.0328965392523028,6.126410582345659
2023-08-01,6.535241271013659,0.4382550539858982,3.2464938417876774,0.076962736555698,0.0105801118134692,6.12354491153268
2023-08-02,6.481577129276431,0.9282191971944396,3.063392062871197,0.086181335945581,0.000784864484158,6.109536440780455
2023-08-03,6.651571873589727,0.993251702367739,2.2512917986064958,0.076962736555698,-0.0361271412966795,6.106666468637612
2023-08-04,5.673323267171493,1.3402503427295327,3.258096538021482,0.0861743365020368,0.0342342174123883,6.102133442859198
2023-08-07,5.932245187448011,0.9516579346256882,2.5014319494258737,0.0582738024405657,0.0038921120329654,6.110824098199666
2023-08-08,6.320768294250582,1.1568809928617076,2.415909418637528,0.0582738024405657,-0.0100636110908185,6.106465939802488
2023-08-09,6.113682179832232,0.9122830015578912,2.7788253375776115,0.076962736555698,0.0163113533822686,6.09975825674325
2023-08-10,5.187385805840755,1.181727265587766,2.8564716093265394,0.1222152021177277,0.0148910201186105,6.100117146147663
2023-08-11,4.060443010546419,0.982078500986669,1.7578452895092782,0.0676583632627635,0.0497251286110777,6.099533876880966
2023-08-14,3.8501476017100575,0.8285513844563213,2.332136784318317,0.0582666049078799,0.0217409856906839,6.105038705300932
2023-08-15,4.30406509320417,0.9783260654297374,2.6173922687310127,0.0861743365020368,-0.0051096647988902,6.093321465288769
2023-08-16,3.1354942159291497,0.7561220334494628,2.7212922154704264,0.0953087926407206,-0.0003267097675277,6.085956243519863
2023-08-17,5.5053315359323625,1.0043014415178535,2.9652743245253204,0.0861743365020368,-0.0118575532401544,6.078307179443146
2023-08-18,2.995732273553991,1.0079578368664586,1.902118458006946,0.0582738024405657,0.0454373601008354,6.0787883752796565
2023-08-21,6.776506992372183,0.8020022355099152,0.2623079227360947,0.0487930706012202,0.008179832830828,6.0852735924505605
2023-08-22,3.8501476017100575,0.6780331941988172,1.6094379124341005,0.0487930706012202,0.0135832432454482,6.082561303571663
2023-08-23,6.306275286948016,0.7839017876903054,2.2925372232044228,0.0769556722885273,0.0236093420974139,6.093637485087176
2023-08-24,5.823045895483019,1.0438041059012435,1.280960971830252,0.0676583632627635,-0.0227578373748841,6.07968148069149
2023-08-25,5.278114659230517,1.0681533564707948,2.27213343622181,0.1133311376093812,0.0003796229377125,6.086706545544153
2023-08-28,4.605170185988092,0.8241757441266145,1.9459101490553128,0.0676583632627635,0.0086191285880273,6.093027884573672
2023-08-29,7.423568444259167,0.672944492705167,3.0252898906461683,0.1988518593209965,0.0038189769849787,6.1073791798575785
2023-08-30,5.983936280687191,0.6259383696681415,2.549448985615561,0.0676583632627635,0.0168469795397462,6.111489533858655
2023-08-31,6.198478716492308,0.4446860902464731,1.9740911984963116,0.076962736555698,0.0069055735600047,6.110025071782578
2023-09-01,5.123963979403259,0.431782391654776,2.667229902001525,0.139756634956183,0.0096308929143749,6.111888542228714
2023-09-05,4.736198448394496,0.5709798052092477,2.3702505865086856,0.0953157284394993,-0.0085305175567427,6.107557244356733
2023-09-06,3.218875824868201,0.7747272027108676,2.302585092994046,0.1222152021177277,0.0123418978633304,6.100812106678917
2023-09-07,3.737669618283368,0.8285518009080813,1.6094379124341005,0.0769556722885273,0.0124974822673286,6.097737160411167
2023-09-08,4.663439094112067,0.8285518009080813,1.987864314927643,0.0861743365020368,0.0143167861773023,6.099242114621851
2023-09-11,3.9318256327243257,0.4637341121993623,2.0149030205422647,0.029557617092177,0.0019543712962224,6.105797219784508
2023-09-12,5.902633333401366,0.5364933928227393,2.3513752571634776,0.0295650242526791,0.0177823126712236,6.1002965083475225
2023-09-13,2.772588722239781,0.8197800331512963,1.9021002385905137,0.076962736555698,0.0100365640199994,6.101461818353342
2023-09-14,5.135798437050262,0.5128236721136599,2.079441541679836,0.076962736555698,0.0041580359664408,6.110047230408867
2023-09-15,2.19722457733622,0.912282618556196,1.568626090388147,0.0582666049078799,0.0124451324883989,6.094404624881639
2023-09-18,2.995732273553991,0.6365770107237853,1.8082847688659285,0.0392215934676473,-0.0023124855924939,6.094990892690145
2023-09-19,1.9459101490553128,0.703097738028767,1.0986122886681098,0.0582666049078799,0.0057324004987426,6.0929149088420695
2023-09-20,4.787491742782046,0.9477893693622292,2.8564716093265394,0.1484231621041305,0.0197815535658886,6.0836790644909176
2023-09-21,2.302585092994046,1.2354716266346022,1.7578663361591784,0.0582666049078799,0.0036118618094766,6.067012587299685
2023-09-22,0.6931471805599453,0.908258375594748,0.0,0.076962736555698,0.0073513667296171,6.064761507366256
2023-09-25,4.74493212836325,0.963173910095352,0.0,0.0392215934676473,0.0241869521750523,6.068957879390761
2023-09-26,5.087596335232384,1.2029722810812575,1.740457608466094,0.0487930706012202,0.0223997946596867,6.0541576279116365
2023-09-27,9.413444467952663,0.9858161966968956,0.0,0.1222219537879222,0.0375420309062804,6.054556681622325
2023-09-28,8.445697189711167,0.996949000877258,3.1135153092103742,0.0953087926407206,0.0150517413879428,6.060337385756515
2023-09-29,7.381501894506707,1.068153028747698,3.306888490765322,0.0676583632627635,0.0406911982034008,6.057907529356911
2023-10-02,7.745002803515839,0.963173910095352,3.005686230251452,0.0487930706012202,-0.0072507535291189,6.057509739424233
2023-10-03,5.739792912179234,1.376243794072589,2.7146931269942405,0.1043605651903641,0.0214551439263536,6.04403326909434
2023-10-04,5.8805329864007,1.2753627791014508,2.549439448863302,0.1133311376093812,-0.060331717065604,6.0512888573772745
2023-10-05,5.976350909297934,0.8415670541369249,2.4595951018001423,0.029557617092177,0.0147084056922301,6.050912005751402
2023-10-06,5.968707559985366,1.319085550228087,3.152737065699116,0.0676583632627635,0.0049533450551218,6.0627148885293405
2023-10-09,5.4510384535657,1.1118578165783957,2.995732273553991,0.0953157284394993,0.0155937110920307,6.069096679088477
2023-10-10,5.468060141135132,0.8544154904835977,2.2617605553390465,0.0861743365020368,0.0138626808361757,6.074288019971388
2023-10-11,4.189654742026425,0.9895413921481582,1.8718021769015916,0.0582738024405657,-0.0099957176268316,6.078375935883625
2023-10-12,3.8501476017100575,1.2919837759680828,2.7212922154704264,0.0487858045059107,-0.0062103179950345,6.072260825380727
2023-10-13,3.784189633918261,1.6639262277646594,3.981548612590412,0.0487858045059107,-0.0034726488119582,6.067267510523482
2023-10-16,3.9889840465642745,1.2325603501503757,2.4680933244873136,0.029557617092177,-0.0125022102611892,6.077734001856804
2023-10-17,4.6443908991413725,0.943906522320495,2.525728644308256,0.0861743365020368,-0.0067405178424293,6.077688088659754
2023-10-18,4.219507705176107,1.1847901248980428,3.1738794804458346,0.076962736555698,-0.0005370708627242,6.064273441703582
2023-10-19,7.57353126274595,1.3480732473827337,3.49650756146648,0.1043605651903641,-0.0402964274244037,6.055448209673865
2023-10-20,6.324358962381311,0.8796266841880842,2.219198176636019,0.076962736555698,-0.0142835689082433,6.043084044084023
2023-10-23,4.852030263919617,1.5260563864232473,1.9459101490553128,0.0861743365020368,-0.0191749712559037,6.041349329714186
2023-10-24,2.3978952727983707,0.9516579346256882,1.740457608466094,0.0769556722885273,0.0071088032318216,6.048860444275396
2023-10-25,4.584967478670572,1.2178754612009917,2.71470121110129,0.0676583632627635,0.0038808339803184,6.034404268364341
2023-10-26,6.257667587882639,1.0079578368664586,2.174743398473672,0.0953087926407206,-0.0130978379031382,6.022357380961135
2023-10-27,5.921578419643816,1.2089604597085288,0.0,0.0582666049078799,0.0118385194481065,6.017814304596395
2023-10-30,5.062595033026967,0.959350455185748,2.533694876331547,0.0582666049078799,-0.0006972357206319,6.029699188526065
2023-10-31,4.442651256490317,1.0612569509121537,2.9069037280473675,0.0392215934676473,-0.0258156173705803,6.035959816183991
2023-11-01,3.737669618283368,1.0260419239792218,2.6173922687310127,0.190619602974195,-0.008939800161203,6.046568081998439
2023-11-02,3.688879454113936,0.712950256643938,2.4681036694397527,0.1133311376093812,0.0174612069900627,6.065551113131367
2023-11-03,2.5649493574615367,0.6523252257761192,1.252762968495368,0.1310277270101533,-0.011843258529038,6.074633138975742
2023-11-06,4.875197323201151,0.553884981685144,1.6486492355192566,0.0676583632627635,0.0400223095990675,6.076930986891362
2023-11-07,3.044522437723423,0.3784364618483081,1.9601085383540875,0.086181335945581,0.03931847182975,6.07977298243564
2023-11-08,3.784189633918261,0.5822155985415055,3.049277668729604,0.0392215934676473,0.0074509839467224,6.080505113898711
2023-11-09,2.3978952727983707,0.8919978673310387,2.9907148243691597,0.139756634956183,0.0159423665759414,6.072675794091653
2023-11-10,5.929589143389895,0.8285518009080813,3.332204510175204,0.1043605651903641,0.0024771617284048,6.088160097188068
2023-11-13,5.2574953720277815,0.4762339657524023,2.653238526000951,0.0861743365020368,-0.0154167732807813,6.087206457433741
2023-11-14,1.0986122886681098,0.6678292747629003,1.6094379124341005,0.0861743365020368,-0.0006861570364421,6.106421395047328
2023-11-15,1.9459101490553128,0.3220835820973112,1.3350139161563648,0.076962736555698,0.033348307885058,6.108536202406196
2023-11-16,3.688879454113936,0.553884981685144,3.0106232913712034,0.0487858045059107,0.013295636164339,6.109758587704272
2023-11-17,3.49650756146648,0.4187100086011288,1.6486492355192566,0.0676583632627635,0.0082556437258096,6.111001618088859
2023-11-20,5.209486152841421,0.6523252257761192,2.3702505865086856,0.0295650242526791,0.0304697581962811,6.118669742841146
2023-11-21,2.833213344056216,0.7793250167898783,2.8903717578961645,0.0582666049078799,0.0119115417803906,6.116487950181925
2023-11-22,8.712101863715663,0.3576746576814303,2.240712286513277,0.0769556722885273,-0.0116321986073874,6.120341349884153
2023-11-24,4.158883083359672,0.5423244460746569,2.459584668450985,0.0392215934676473,-0.0113585182637847,6.120956515529774
2023-11-27,5.43372200355424,0.4946958696704509,0.095398954272846,0.076962736555698,0.0019864824523098,6.119153932422274
2023-11-28,12.070630857833892,1.0079578368664586,1.3862943611198906,0.1570021838044337,0.0031097346697655,6.12014354486191
2023-11-29,9.63501969900815,0.4824266672894662,2.83908417438412,0.0861743365020368,0.01013220555471,6.119439876314834
2023-11-30,7.826842098158293,0.4510760324165232,2.70805020110221,0.0676583632627635,-0.002698459977036,6.123369604614749
2023-12-01,6.421622267806518,0.3920424228507273,3.642834237388545,0.2151096568489544,-0.0044635115463163,6.1292680645497
2023-12-04,6.977281341630747,0.5423244460746569,4.702296453632282,0.0953087926407206,0.0098699094740689,6.124004829085145
2023-12-05,5.66988092298052,0.6678292747629003,3.325037777102423,0.1043605651903641,0.0428655197210894,6.123807747463009
2023-12-06,6.035481432524756,0.3293033080406604,2.879201200447367,0.0487930706012202,0.0269306306597376,6.119769828735145
2023-12-07,4.219507705176107,0.2851788848697921,2.4765404517172698,0.0487858045059107,-0.0197964013751467,6.127371265443986
2023-12-08,6.1092475827643655,0.6365765061341642,3.6661218425905497,0.1043605651903641,6.067083731363724e-05,6.131661204126757
2023-12-11,6.480044561926653,0.425268184192157,3.332204510175204,0.0861743365020368,-0.0023542738557302,6.1355432246876624
2023-12-12,4.564348191467836,0.657519666907134,2.8564645937765727,0.0582666049078799,-0.0077759296718482,6.140100059398424
2023-12-13,7.720017940432244,0.4946964511792278,3.927897315767537,0.3364733265341234,0.0088517930373457,6.153795959025435
2023-12-14,5.468060141135132,0.6418536853988344,2.821374526745692,0.0953087926407206,0.0429628287201143,6.157000192491249
2023-12-15,5.568344503761097,0.4252675608756958,3.2619343789235167,0.0953087926407206,-0.1188678566315152,6.151306117141496
2023-12-18,4.61512051684126,0.2151119641268395,2.2823873681258484,0.0487858045059107,-0.0108632347071587,6.156915426829942
2023-12-19,6.212606095751519,0.239017260914271,2.917770732084279,0.0487930706012202,0.0022768899284549,6.162977897473032
2023-12-20,5.556828061699537,0.970779047204714,2.054114343627421,0.086181335945581,0.0752512969683745,6.14902371806448
2023-12-21,5.43372200355424,0.7654676647117759,2.525728644308256,0.086181335945581,-0.0062618867301847,6.158460963623247
2023-12-22,5.313205979041787,0.672944492705167,2.862200880929469,0.0487858045059107,0.0293923372378797,6.160468639435413
2023-12-26,4.174387269895637,0.6097656545490923,2.02816109671631,0.0582666049078799,0.0280513645752387,6.164682276820519
2023-12-27,6.375024819828097,0.5128236721136599,2.895903845179639,0.076962736555698,0.0578977147646769,6.166488729726974
2023-12-28,5.82600010738045,0.2390165099896011,3.081912209614783,0.0487930706012202,0.047669283977187,6.166866389558312
2023-12-29,3.871201010907891,0.6043159251626482,2.054098693317936,0.0861743365020368,0.0365580486463522,6.163967217605762
2024-01-02,4.127134385045092,0.7561215857149658,2.867890579033617,0.0392215934676473,0.0407469251348098,6.158355143958
2024-01-03,4.007333185232471,0.6365770107237853,2.379550655242639,0.1043605651903641,0.0214640107051924,6.150154925204883
2024-01-04,4.48863636973214,0.4446854789167607,2.0149030205422647,0.0487930706012202,0.0293751261157583,6.146928647119695
2024-01-05,2.5649493574615367,0.8285518009080813,1.902118458006946,0.1655146971010833,-0.015609541621226,6.148297369831416
2024-01-08,2.3978952727983707,0.7701081510535291,2.7472693492502605,0.1222219537879222,-0.0009171631911545,6.162472356862
2024-01-09,3.332204510175204,0.5364933928227393,2.341808153650581,0.0487858045059107,-0.018840063480709,6.160954135390459
2024-01-10,6.289715570908998,0.2468598693152473,2.7013628514777555,0.0582666049078799,-0.0209479447084162,6.166593628197455
2024-01-11,4.584967478670572,0.672944492705167,2.4680933244873136,0.1310277270101533,-0.0013397314794393,6.166152890965879
2024-01-12,5.968707559985366,0.4762339657524023,3.2921271941933483,0.076962736555698,-0.0146758951419063,6.166845390857541
2024-01-16,3.8501476017100575,0.6043159251626482,3.394510032037701,0.1310277270101533,-0.0100007526290649,6.163167409332115
2024-01-17,6.639875833826536,0.7030972659127643,3.214868783954619,0.0582738024405657,-0.0062757192249251,6.157593221787179
2024-01-18,7.29641326877392,0.6931471805599453,2.3125330066103813,0.0487930706012202,-0.0049718961952108,6.166446716020252
2024-01-19,3.9318256327243257,0.832909205863302,2.862200880929469,0.0676583632627635,0.0058438164336151,6.1788358173521125
2024-01-22,2.5649493574615367,0.5128236721136599,0.9162907318741552,0.0392142574909171,-0.0016809713836899,6.180947922179389
2024-01-23,2.772588722239781,0.5653139390965497,2.1747572701193354,0.0487930706012202,-0.0039322483326216,6.183860159261726
2024-01-24,5.537334267018537,0.5709798052092477,3.0106172780517007,0.1310344194426852,0.0233973115852022,6.184952721693263
2024-01-25,6.3080984415095305,0.4187100086011288,2.424807046781968,0.076962736555698,0.0361724920381117,6.19037687687216
2024-01-26,3.912023005428146,0.6418541873326599,1.8870659499251596,0.0392215934676473,-0.0251983711215923,6.189105665523175
2024-01-29,11.923106104131936,1.0152307626572563,0.0,0.0487858045059107,0.0098507503887963,6.196993852459818
2024-01-30,10.200178919145497,0.4121098024041962,3.063392062871197,0.1222219537879222,-0.0153636783058099,6.196220099949484
2024-01-31,7.60489448081162,0.8878909904805963,3.258096538021482,0.1570021838044337,-0.0405601067157058,6.179768185691339
2024-02-01,6.854354502255021,0.5653139390965497,3.597312260588446,0.1397632692255012,0.0140551651655044,6.192771428766066
2024-02-02,6.790097235513905,0.609765136247742,3.374167037076776,0.0953087926407206,-0.0047227255060314,6.203243780689689
2024-02-05,6.023447592961033,0.6678292747629003,3.332204510175204,0.0769556722885273,-0.0516178885841594,6.199595953518354
2024-02-06,5.521460917862246,0.5877867708659263,2.517698441485061,0.113324325643482,0.0052085764236909,6.20249505277882
2024-02-07,4.276666119016055,0.277631505404479,2.0541299936919777,0.0953087926407206,0.0146124747482881,6.2108008723328325
2024-02-08,5.834810737062605,0.3576746576814303,2.8564645937765727,0.0487858045059107,-0.0105103486955609,6.2112424556437125
2024-02-09,4.143134726391533,0.2776322278849278,2.5649493574615367,0.029557617092177,-0.0149715792401423,6.217005247377522
2024-02-12,5.762051382780177,0.470003271617803,2.7013628514777555,0.0392215934676473,0.0348882070868282,6.216566202058028
2024-02-13,5.293304824724492,1.7065646647041754,3.605499172025228,0.113324325643482,0.0113856011007696,6.202697420219109
2024-02-14,7.558516743045645,0.8109302162163288,2.272120851669348,0.0953087926407206,-0.0544310484118162,6.2117440154979935
2024-02-15,5.659482215759621,0.5306286998499833,2.681019856516831,0.076962736555698,0.0314721760306593,6.218620059265096
2024-02-16,3.49650756146648,0.672944492705167,2.772588722239781,0.0582738024405657,-0.0020351999505605,6.213627637458639
2024-02-20,7.190676034332207,0.6097656545490923,2.667229902001525,0.0582666049078799,0.0437631572393616,6.20810703173847
2024-02-21,2.772588722239781,0.6418541873326599,1.931507258423348,0.1043605651903641,0.0039352035065379,6.209012454879292
2024-02-22,6.872128101338986,0.4187106360184501,2.6741486494265287,0.086181335945581,-0.0389095836140369,6.229496710915942
2024-02-23,3.1354942159291497,0.5128236721136599,3.206801266784812,0.0676583632627635,-0.005989972207468,6.230186140403854
2024-02-26,4.969813299576001,0.431782391654776,2.451002993449544,0.0676654935146398,0.0022005335288145,6.226516886946293
2024-02-27,6.872128101338986,0.2926697278343736,1.0647191555992332,0.0582738024405657,0.0165469699075502,6.22837291254972
2024-02-28,6.366470447731438,0.3784364618483081,2.5802131304851046,0.0487858045059107,0.0407398872806454,6.227050390601821
2024-02-29,6.561030665896573,0.6151853297904073,2.803360380906535,0.0582666049078799,-0.1415689892264788,6.230638889066333
2024-03-01,7.099201743553092,0.4574247987515671,3.830809772462305,0.1739553587232242,-0.0080822980690746,6.239983357148734
2024-03-04,6.692083742506628,0.2311119026156208,3.691378769627513,0.0676583632627635,0.0005084533037292,6.23891036711726
2024-03-05,7.160845906664299,0.8544154904835977,3.139836845062102,0.076962736555698,0.0159553977701236,6.228865955727827
2024-03-06,6.095824562432225,0.7129497891566283,3.250376384488765,0.076962736555698,0.0027455388402517,6.233920409454565
2024-03-07,5.030437921392435,0.548121143906374,2.833213344056216,0.0582738024405657,-0.0456811182180796,6.243797895810389
2024-03-08,5.560681631015528,0.9400070498751928,3.3877694125213167,0.076962736555698,-0.0005166430140833,6.237777602834324
2024-03-11,6.6052979209482015,0.6471036614754274,2.0541299936919777,0.0487858045059107,0.0254057995678288,6.236917382954483
2024-03-12,6.311734809152915,0.8712931105661639,3.1484554561971416,0.0582666049078799,-0.0187825502176639,6.247617308720329
2024-03-13,3.044522437723423,0.3148106563065132,2.63188181448247,0.0487930706012202,0.0123653691250614,6.246048567476318
2024-03-14,6.246106765481563,1.068153028747698,0.530599528223203,0.0487858045059107,0.0768142162873243,6.244069832277085
2024-03-15,4.61512051684126,0.8712931105661639,1.6863808689159616,0.0392215934676473,0.0360423636915387,6.234077310479464
2024-03-18,3.091042453358316,0.4637341121993623,2.740840023925201,0.0392215934676473,-0.0018820861525651,6.240002874879879
2024-03-19,2.5649493574615367,0.7227057235501856,0.1822808658619232,0.0392215934676473,-0.0108772222218525,6.245544634594388
2024-03-20,2.8903717578961645,0.7701081510535291,3.58351893845611,0.1310277270101533,0.0104697924069679,6.254751425199584
2024-03-21,4.158883083359672,0.5187939750674018,3.4078483916612354,0.0487858045059107,0.0152739153275288,6.258050679641189
2024-03-22,2.995732273553991,0.4510754249807193,3.139836845062102,0.0197993361793975,-0.038781028775631,6.256153073716352
2024-03-25,4.382026634673881,0.4446860902464731,2.653238526000951,0.0392215934676473,-0.0091736907380457,6.253386443612981
2024-03-26,12.217872749645924,0.4637341121993623,2.091845977024126,0.0487930706012202,0.0864511041915204,6.251537722801321
2024-03-27,10.348205424565991,0.5187939750674018,3.222862010089832,0.0487858045059107,0.0522732190389223,6.25990642638353
2024-03-28,7.621195162809845,0.2311119026156208,3.871201010907891,0.0487930706012202,-0.0800850601204014,6.2597153123233245
2024-04-01,5.993961427306569,0.470003271617803,3.5610446954404478,0.1397632692255012,-0.0526702424615028,6.257974002895467
2024-04-02,6.077642243349034,1.01160091167848,3.4843077949768304,0.0676583632627635,0.0334332013632926,6.251595602233069
2024-04-03,5.655991810819852,0.6575201610389482,3.462610601766933,0.1043605651903641,0.0297655335628867,6.252693500323727
2024-04-04,5.529429087511423,1.4303113195452224,3.173874372893552,0.0861743365020368,0.0297297945317549,6.240412302379006
2024-04-05,5.84354441703136,0.797507316167428,4.127134385045092,0.086181335945581,-0.0336761978364736,6.250804999606319
2024-04-08,5.313205979041787,0.8712935095930968,3.169687632277215,0.0582738024405657,0.0581155173449057,6.25136418206814
2024-04-09,5.356586274672012,0.9895410376223976,3.32862318859718,0.0392215934676473,0.0152035980379815,6.252520277595532
2024-04-10,5.934894195619588,1.1085628461369312,3.44681255801081,0.0953087926407206,-0.0433486801387162,6.242456691744513
2024-04-11,5.648974238161206,1.3083330258500097,3.8437431191041767,0.0676583632627635,-0.0348563789106089,6.249975242259483
2024-04-12,6.371611847231857,1.6658184189377438,4.561217788238037,0.0487930706012202,0.0282948005585918,6.236076016985197
2024-04-15,7.496652438168283,1.4350842528109091,4.089331202506681,0.1043605651903641,-0.0253353953650684,6.223468751053082
2024-04-16,3.737669618283368,1.0715836424082534,3.015542081431008,0.086181335945581,-0.0021849701774571,6.221643290878897
2024-04-17,3.6375861597263857,0.9439057801616813,3.1398262761927067,0.0676583632627635,-0.0161328896369034,6.215707469478256
2024-04-18,4.859812404361672,0.7701090340849761,2.833213344056216,0.0676583632627635,-0.0073044766432004,6.213647615333297
2024-04-19,5.081404364984463,1.43270086139409,3.157000421150113,0.0392142574909171,-0.0092984198982685,6.20488095005942
2024-04-22,3.9889840465642745,1.1085622166488782,4.05004685531486,0.0487930706012202,0.0394060249573141,6.214047944006403
2024-04-23,5.147494476813453,0.7275489205615452,3.627006647633168,0.1133311376093812,0.0291604633240718,6.225844718277546
2024-04-24,4.564348191467836,0.5877862410467775,2.714685042821837,0.0392215934676473,-0.039687520574744,6.225369988312042
2024-04-25,6.932447891572509,1.1878430502303965,3.250376384488765,0.0487858045059107,0.0362073169353298,6.221563831592331
2024-04-26,6.576469569048224,0.7608055438227089,2.7788101735406414,0.0487930706012202,-0.0364861575818898,6.230993146885352
2024-04-29,6.0063531596017325,0.5822155985415055,2.923166831041394,0.029557617092177,-0.004915737154973,6.234528361070814
2024-04-30,4.736198448394496,0.802001380196817,3.4688590723821213,0.0676583632627635,-0.0205418194342322,6.218560300146607
2024-05-01,3.7612001156935615,1.0543116576058735,3.7954891891721942,0.1570021838044337,-0.0026452575595848,6.215307865734958
2024-05-02,4.04305126783455,0.912282618556196,3.50855297613856,0.1043605651903641,0.0192849055223149,6.224617831034401
2024-05-03,5.272999558563747,0.7419375263816116,3.194579129985819,0.1222152021177277,0.0007578036375754,6.236936960617731
2024-05-06,2.302585092994046,0.4574254023427536,2.5096032321367523,0.0392215934676473,-0.0002407559032376,6.247210821144764
2024-05-07,3.258096538021482,0.3920424228507273,2.312545092736113,0.0487930706012202,-0.0290106762538442,6.248313659213227
2024-05-08,1.6094379124341005,0.4510760324165232,0.0,0.029557617092177,-0.018556960660361,6.248410316551179
2024-05-09,1.791759469228055,0.4762339657524023,3.394510032037701,0.0392215934676473,0.0293870895889124,6.254155648370348
2024-05-10,4.844187086458591,0.3784364618483081,0.0,0.0582666049078799,-0.021616580107434,6.255442944422367
2024-05-13,2.70805020110221,0.3435895961717089,3.1441501740094893,0.0487858045059107,0.0146651724666977,6.255577230554677
2024-05-14,1.9459101490553128,0.5653133972360662,3.1354942159291497,0.029557617092177,-0.0239889333930126,6.260154890051139
2024-05-15,3.4011973816621555,0.9400070498751928,3.51749638845148,0.0582666049078799,0.0255864629585809,6.272461881331117
2024-05-16,2.079441541679836,0.2926697278343736,2.5802131304851046,0.0582666049078799,0.0073714868549714,6.270402253362229
2024-05-17,5.365976015021851,0.4510754249807193,3.586295570494456,0.0487930706012202,0.031363540914694,6.271838754932523
2024-05-20,3.713572066704308,0.4187106360184501,3.299537331430823,0.029557617092177,0.0469203861676231,6.272990203079941
2024-05-21,1.9459101490553128,0.5423244460746569,2.2512917986064958,0.0197993361793975,0.0402176053957178,6.275439730060615
2024-05-22,5.198497031265826,0.7080361313026574,3.7565392434311424,0.0392215934676473,0.0212555005659492,6.272556232631724
2024-05-23,5.902633333401366,1.0473187935069987,3.616307448694234,0.0953087926407206,0.0238675796966693,6.265225205995005
2024-05-24,3.258096538021482,0.6931471805599453,2.63188181448247,0.0392215934676473,-0.0143771934400141,6.2718198487846015
2024-05-28,3.295836866004329,0.7323678570334446,3.169687632277215,0.1043605651903641,0.0307745646224671,6.272518447098947
2024-05-29,11.68954747683886,0.4885800850278206,0.0,0.0676583632627635,0.0649179194387078,6.265491262331016
2024-05-30,10.391699401430532,0.792992532790735,3.3911454017626896,0.0392215934676473,-0.0124948795766993,6.2588354599678135
2024-05-31,6.848005274576363,1.108562531392954,3.58351893845611,0.0676583632627635,0.0882215928816102,6.267902380221111
2024-06-03,6.661854740545311,0.8372477061859365,3.597312260588446,0.086181335945581,0.0471696054115139,6.268717400941085
2024-06-04,6.792344427470809,0.6780336782975065,3.5496187898864844,0.0676654935146398,0.0039356282785471,6.2698346751350895
2024-06-05,5.69035945432406,0.5007750567186888,3.370741530056696,0.1043605651903641,0.0092167978940714,6.281649702189532
2024-06-06,5.19295685089021,0.3646428221873812,3.081912209614783,0.0392215934676473,0.0261582550270615,6.281630980623623
2024-06-07,5.598421958998375,0.6780336782975065,4.612147739270799,0.0769556722885273,-0.0018070934645073,6.280414583663959
2024-06-10,4.248495242049359,0.5068175104480316,2.985684403764368,0.029557617092177,0.0416723553919832,6.283499581305951
2024-06-11,6.77078942390898,0.5247288449453565,2.71470121110129,0.0676583632627635,0.0117045461893222,6.285905003038244
2024-06-12,4.890349128221754,0.792992532790735,3.3809913526979627,0.1310277270101533,-0.0168391269618972,6.2940844648653815
2024-06-13,5.700443573390687,0.5877867708659263,3.1135153092103742,0.0769556722885273,-0.0501696348167306,6.296095937771973
2024-06-14,6.855408798609928,0.8458682348334262,3.2809057088410998,0.0392215934676473,0.0260293405189064,6.296704135273693
2024-06-17,4.709530201312334,0.5822155985415055,2.4509924700692234,0.0487930706012202,0.0453538810207695,6.3046315564452815
2024-06-18,3.784189633918261,0.4054651081081644,2.9755220925159414,0.0676583632627635,0.0455713129319384,6.307169030203959
2024-06-20,5.214935757608986,0.8628899068597314,3.284661736635805,0.0487930706012202,0.0250885596899271,6.304448802421981
2024-06-21,4.343805421853684,0.5822155985415055,2.760013030415804,0.0676583632627635,0.0428921220643453,6.299886325611985
2024-06-24,4.605170185988092,0.5481216951631982,2.415909418637528,0.0295650242526791,0.0180410321680228,6.296630365906389
2024-06-25,4.663439094112067,0.5187939750674018,2.8564645937765727,0.0392215934676473,0.0103086976401374,6.300473850765812
2024-06-26,6.894670039433482,0.6259383696681415,2.8564645937765727,0.0392215934676473,-0.0220589323821859,6.301721154812609
2024-06-27,7.334981878871814,0.4446860902464731,3.555348061489413,0.0487858045059107,0.0440908701284821,6.303296392980806
2024-06-28,4.532599493153256,0.6365770107237853,3.0106232913712034,0.1043605651903641,0.0478735412026687,6.299353523035471
2024-07-01,5.472270673671475,0.7701081510535291,2.19722457733622,0.0676583632627635,-0.0163299217712636,6.3014095026041
2024-07-02,3.4339872044851463,0.7080356615124023,2.533704564423429,0.0487858045059107,0.0338833120787879,6.308116674067588
2024-07-03,4.0943445622221,0.2468598693152473,3.456322842141857,0.1043536918421155,-0.0300201841683081,6.312569346442587
2024-07-05,4.290459441148391,0.5709792664101931,3.543856504494667,0.0676583632627635,-0.0129803121666716,6.318319281044947
2024-07-08,4.174387269895637,0.470003271617803,3.4657359027997265,0.029557617092177,-0.0020316729077993,6.319472543791871
2024-07-09,2.302585092994046,0.2311111457310937,1.5260244585586569,0.0582738024405657,0.0190904565445511,6.320444514005277
2024-07-10,2.995732273553991,0.4252675608756958,2.5014319494258737,0.0392215934676473,-0.0229151272468355,6.330291165931141
2024-07-11,4.290459441148391,0.7419375263816116,3.6635616461296463,0.0487930706012202,-0.013415849037021,6.32163119606807
2024-07-12,5.87493073085203,0.5766137500598226,3.1654729878805243,0.076962736555698,0.0666043134032306,6.32791890898797
2024-07-15,6.293419278846481,0.4121098024041962,2.6461817233353155,0.0582666049078799,0.0490556775549379,6.330665253241566
2024-07-16,4.543294782270004,0.4187106360184501,3.58351893845611,0.0676583632627635,0.0035920548265602,6.336577886898535
2024-07-17,2.3978952727983707,0.8501509945781082,2.9601076258623027,0.0676583632627635,-0.0085999279940753,6.322457518580497
2024-07-18,1.0986122886681098,1.2089604597085288,2.7212922154704264,0.0582738024405657,0.0039159687770733,6.314742935635087
2024-07-19,2.772588722239781,2.024193153116267,3.206801266784812,0.029557617092177,0.0484489774514846,6.3080802086190415
2024-07-22,2.9444389791664403,1.1442226055406646,2.406953906139948,0.0392215934676473,-0.0019816763068702,6.318337328201728
2024-07-23,3.737669618283368,0.8960883359604456,2.82732228960596,0.0582666049078799,-0.0028795267239348,6.3167675488675625
2024-07-24,1.9459101490553128,1.4539527243826542,2.3417964160792017,0.0769556722885273,0.0436543751656461,6.293844291046037
2024-07-25,3.4657359027997265,1.371180858857452,2.681028217476168,0.0861743365020368,0.0351380188034476,6.288620301830077
2024-07-26,4.564348191467836,0.9858161966968956,2.9549077358989915,0.029557617092177,0.0408079987925343,6.299757747948125
2024-07-29,11.747285871489604,0.6830966135126434,0.0,0.0487930706012202,0.0171295149383631,6.3003453486272285
2024-07-30,10.16373419180184,1.1184147414356411,3.597312260588446,0.0769556722885273,0.0049426797131092,6.295266001439646
2024-07-31,7.180831199044556,0.7227061864988957,3.824285157235837,0.1739489474599168,0.044965937413217,6.311389917667612
2024-08-01,6.53813982376767,1.510721880548184,3.246498591580468,0.1310344194426852,-0.0075286192927197,6.297127753954865
2024-08-02,6.311734809152915,2.3655598563366795,4.127134385045092,0.1570087046434048,-0.03457925225787,6.278333835116326
2024-08-05,5.814130531825066,3.769076087646861,4.423650065770532,0.2851803189655624,0.0450947164834936,6.248777623629863
2024-08-06,5.099866427824199,2.463853240590168,3.7565392434311424,0.1484165850390142,-0.0669857548691123,6.257954949682356
2024-08-07,4.875197323201151,2.173614815852637,2.862200880929469,0.1043605651903641,0.0346619069401869,6.251248510738621
2024-08-08,5.308267697401205,1.961502061396417,3.676300671907076,0.076962736555698,0.0441031893090439,6.274102716215674
2024-08-09,6.416732282512326,1.6601310702632746,2.681028217476168,0.0861743365020368,0.0071900017318769,6.278502643941421
2024-08-12,6.340359303727752,1.193922815263035,3.6584215050852658,0.0953157284394993,0.0421683776755835,6.279027899133866
2024-08-13,6.236369590203704,1.3454724063360644,2.6741486494265287,0.0487930706012202,0.0043288399328059,6.295339758917548
2024-08-14,5.616771097666572,1.2149124274160794,3.517503632964667,0.086181335945581,-0.0644819801208734,6.298489582402894
2024-08-15,5.655991810819852,1.068153028747698,3.624340932976365,0.0676583632627635,0.0082993351264196,6.315484589032797
2024-08-16,5.288267030694535,0.7466882367540767,4.053524263121416,0.076962736555698,0.0203572957554363,6.317724092630765
2024-08-19,4.48863636973214,0.9593500897933084,3.1045888680656937,0.0487930706012202,-0.0042434269124921,6.327240086362584
2024-08-20,5.236441962829949,0.7654681082812057,3.3178193109867724,0.0487930706012202,0.0286035262510151,6.325612678314094
2024-08-21,4.574710978503383,0.8109302162163288,2.525728644308256,0.1570087046434048,-0.0549335761008269,6.32904330544601
2024-08-22,5.351858133476067,1.1939222372786342,3.5263605246161616,0.0676583632627635,0.0508702640223108,6.321163846770385
2024-08-23,4.553876891600541,0.9555112249487238,3.131132646086036,0.1484165850390142,-0.0323649714319574,6.33173314855635
2024-08-26,5.673323267171493,0.6205763031429671,2.70805020110221,0.0676583632627635,0.0421549330669642,6.329346464710738
2024-08-27,4.61512051684126,0.8919978673310387,2.8449207391328426,0.0769556722885273,0.0127248469663297,6.330718620756207
2024-08-28,7.763871287820222,1.2325600721112024,0.0,0.0487930706012202,0.0283897154395726,6.32489643045167
2024-08-29,8.28576542051433,0.8671005357678014,3.126762677542532,0.029557617092177,0.0362801219312726,6.324985962166426
2024-08-30,5.342334251964811,0.8153653365389922,3.4843077949768304,0.0582666049078799,-0.0289024314652751,6.334486701599352
2024-09-03,5.332718793265369,1.9851308255288125,3.277144732992177,0.0676583632627635,0.014736464772454,6.313692994267721
2024-09-04,6.154858094016418,1.603419701950478,2.3887538299059727,0.1310277270101533,-0.0337513396908177,6.311644083090118
2024-09-05,4.007333185232471,1.1999652655104651,3.039756167767974,0.1043605651903641,0.020986254915273,6.309208909141136
2024-09-06,4.574710978503383,1.780024264472665,3.5610446954404478,0.2231435513142097,0.0485809140934224,6.292235556992816
2024-09-09,4.574710978503383,1.137832659476706,2.6672214248749317,0.0676583632627635,0.0038423440695535,6.303369560550715
2024-09-10,1.791759469228055,1.0438041059012435,0.0,0.1043536918421155,-0.0088716366769397,6.307715814632947
2024-09-11,4.51085950651685,1.5810385634991355,3.198673117550681,0.1222152021177277,-0.0463394159061989,6.317922491436355
2024-09-12,4.890349128221754,0.9932520555804112,3.543856504494667,0.0953157284394993,0.0465662094260386,6.32631051001886
2024-09-13,3.4657359027997265,0.6678297638265807,2.879201200447367,0.0582666049078799,0.0137136941158662,6.331519660705941
2024-09-16,3.367295829986474,0.5766137500598226,0.0,0.0582666049078799,0.0161492657880041,6.332995443634268
2024-09-17,3.1354942159291497,0.8796266841880842,2.917770732084279,0.0487858045059107,0.0284550589450792,6.33340396734392
2024-09-18,3.258096538021482,1.1878430502303965,3.1135153092103742,0.1739489474599168,0.0189117357198415,6.330433707415602
2024-09-19,4.605170185988092,0.7227066494473916,3.1354942159291497,0.0582666049078799,0.0271555164711859,6.347354148566334
2024-09-20,2.8903717578961645,0.6259383696681415,3.4781629439107484,0.1043605651903641,0.0487237724933648,6.342561462732653
2024-09-23,2.302585092994046,0.7884577071548705,0.0,0.0861743365020368,0.0170488999876132,6.345057215805885
2024-09-24,3.58351893845611,0.8754685784081679,3.6323103943740462,0.0953157284394993,0.0516161260085774,6.347914444363305
2024-09-25,5.170483995038151,0.5007750567186888,2.7663129673048084,0.0582666049078799,0.0168151614254079,6.345706495259196
2024-09-26,9.753652546776472,0.6575201610389482,2.312520920338573,0.086181335945581,0.0036882005731038,6.34966330808528
2024-09-27,8.34972083747249,1.0188471411701177,3.44681255801081,0.076962736555698,-0.0184408394184964,6.3482119371529
2024-09-30,6.881411303642535,0.8415678762697265,3.6863799951766727,0.1043605651903641,-0.0500093530437222,6.352211207437168
2024-10-01,5.0369526024136295,1.633154230435138,3.701301974112493,0.086181335945581,-0.0158061051909484,6.343212364123031
2024-10-02,4.290459441148391,1.0224511746973022,2.90141891121514,0.0582738024405657,0.0067877814124883,6.343634332407408
2024-10-03,5.872117789475416,0.9516579346256882,2.895917333630153,0.0769556722885273,-0.0080083535736233,6.341804479987677
2024-10-04,4.74493212836325,1.0986122886681098,3.367295829986474,0.1310277270101533,-0.0164845128612528,6.350850778004477
2024-10-07,5.652489180268651,1.2178760255053018,2.965268032229293,0.0582666049078799,0.0372316795594849,6.341769222540048
2024-10-08,6.533788837933344,1.0986122886681098,3.424261064099216,0.0582738024405657,0.0144716078378844,6.351182327015021
2024-10-09,5.030437921392435,0.8329096205041888,1.740457608466094,0.0676583632627635,-0.0064261647319644,6.3580848967736605
2024-10-10,5.771441123130016,0.5596157879354227,3.288403709460114,0.1043605651903641,0.0106264883606568,6.356333338150368
2024-10-11,2.5649493574615367,0.703097738028767,3.039756167767974,0.0582666049078799,0.0045585239976,6.362303732781516
2024-10-14,3.713572066704308,0.7747272027108676,2.1400661634962708,0.0582666049078799,0.05203869000555,6.370448790501151
2024-10-15,3.688879454113936,0.8960875574507389,0.0,0.0582738024405657,0.027251083665593,6.362648771770291
2024-10-16,1.9459101490553128,0.9400070498751928,0.0,0.0392215934676473,-0.006662995452853,6.3669857578796
2024-10-17,3.4339872044851463,0.5709798052092477,2.740840023925201,0.0392215934676473,0.0182641045307602,6.36707159962531
2024-10-18,3.4011973816621555,0.8458682348334262,1.9315426409974337,0.0392215934676473,0.0012033972190487,6.370910792756512
2024-10-21,3.970291913552122,0.6830966135126434,2.9907148243691597,0.0861743365020368,0.0155674012255574,6.369267228765683
2024-10-22,4.543294782270004,0.8712939086198705,2.912345357195964,0.0676583632627635,0.009706647973339,6.368735933401455
2024-10-23,2.9444389791664403,1.1908872633117975,3.377589182510541,0.0392215934676473,0.0130926386439916,6.359556550588813
2024-10-24,3.332204510175204,0.959350455185748,2.091876117932877,0.0676583632627635,0.0151651397144699,6.3617168826010255
2024-10-25,3.4011973816621555,1.1878436317391732,2.8847952571754027,0.113324325643482,0.0105330293457601,6.361371521868733
2024-10-28,4.04305126783455,0.6780331941988172,2.6672214248749317,0.086181335945581,0.0536082696971764,6.364458144492326
2024-10-29,6.744059186311348,0.9042186448515552,0.0,0.0953087926407206,0.0544243855760848,6.366075214192364
2024-10-30,5.44673737166631,0.7608064351069738,2.734361168084542,0.1222219537879222,0.0814600306489366,6.363045361608139
2024-10-31,6.745236349484363,1.1939222372786342,4.007333185232471,0.0953087926407206,-0.0289233545633027,6.343247570726763
2024-11-01,4.700480365792417,1.0750025271845272,3.126762677542532,0.1570021838044337,-0.0192051188684696,6.347459221263536
2024-11-04,2.833213344056216,0.8501509945781082,0.6931471805599453,0.076962736555698,0.0418466330224317,6.345302967642761
2024-11-05,3.1780538303479458,1.0508211713361792,1.5260244585586569,0.0953087926407206,0.0250475769000763,6.357322221788405
2024-11-06,6.059123195581797,0.8671005357678014,4.332049548128972,0.0676583632627635,-0.0145060464702517,6.381883659834616
2024-11-07,6.517671272912275,0.548121143906374,3.627006647633168,0.1043605651903641,0.0140202581789993,6.3895860658667045
2024-11-08,6.946013991099227,0.5128236721136599,2.541617372283299,0.1043605651903641,0.0511854231299625,6.393908433320324
2024-11-11,3.044522437723423,0.5128236721136599,4.119037174812473,0.0198068159746008,0.0499423861699259,6.394860866356783
2024-11-12,4.77912349311153,0.5187939750674018,2.6173922687310127,0.076962736555698,0.0224884551594552,6.391749636076032
2024-11-13,3.9889840465642745,0.912282618556196,3.4657359027997265,0.076962736555698,0.0437216879809738,6.392235324803887
2024-11-14,3.332204510175204,0.548121143906374,3.1354942159291497,0.1570021838044337,-0.006884234179658,6.385784402965006
2024-11-15,3.044522437723423,1.3837909345217403,0.0,0.1484165850390142,0.0184553046286498,6.372893077387905
2024-11-18,4.919980925828125,0.9745594960472804,3.1045888680656937,0.0582738024405657,0.0219394223254205,6.376982058916375
2024-11-19,4.477336814478207,1.2697606627337914,2.2406993002592266,0.0487858045059107,-0.0093313684036662,6.380630861567275
2024-11-20,3.332204510175204,1.3217558399823195,2.37023917808128,0.0487858045059107,0.019503718534591,6.380969635637417
2024-11-21,3.5263605246161616,1.181727265587766,2.856478624827288,0.0861743365020368,0.008362737394779,6.386323580642149
2024-11-22,3.737669618283368,1.1999646910079769,3.254239198186801,0.0582666049078799,-0.0311535350421241,6.38941819766437
2024-11-25,4.553876891600541,0.7793250167898783,4.298643035456016,0.0676583632627635,0.0060339180414913,6.392804540780211
2024-11-26,12.088746380538185,0.7654676647117759,1.840557383863484,0.0676583632627635,-0.0490972635744456,6.398012442813454
2024-11-27,11.029293388888368,0.7747272027108676,3.456315140562648,0.0487930706012202,0.0220428462235781,6.394977780029624
2024-11-29,8.258940462988459,0.5068175104480316,3.797736048625639,0.029557617092177,0.0739407496138645,6.401170629214449
2024-12-02,6.54534966033442,0.5877867708659263,3.370741530056696,0.0953087926407206,-0.0021557637211805,6.402961435536947
2024-12-03,6.968850378341948,0.4574254023427536,2.9806161571558456,0.0676583632627635,-0.0024918416890437,6.403425135740385
2024-12-04,5.521460917862246,0.5423238916127775,3.1045888680656937,0.1222152021177277,0.0131057801962445,6.4096154708284345
2024-12-05,6.352629396319567,0.3646428221873812,3.411149324003299,0.0582738024405657,0.0293171264261987,6.407968458063619
2024-12-06,6.349138991379798,0.7129497891566283,3.280914887068508,0.0582666049078799,-0.040302344036464,6.409862329111141
2024-12-09,6.841615476477592,0.6312713304410144,3.8565113278044367,0.0295650242526791,0.044128196115476,6.404699380367954
2024-12-10,6.082218910376446,0.5187939750674018,3.642834237388545,0.0487858045059107,0.0270565548672777,6.401585446501791
2024-12-11,8.127995055771946,0.6471031621695873,3.730499957865821,0.0953087926407206,-0.0149469019809957,6.409286365596881
2024-12-12,7.768956044538332,0.4446854789167607,3.885683040604116,0.0676583632627635,0.0100870776736954,6.404120434630721
2024-12-13,7.026426808699636,0.6981348359425381,3.747151817052109,0.0582738024405657,-0.0187583387525127,6.403921855992524
2024-12-16,6.777646593635117,0.5306281388651857,2.5877677065085627,0.0392215934676473,0.0162944575784878,6.40818273123275
2024-12-17,6.559615237493242,0.7701081510535291,3.0349553342105264,0.0392215934676473,-0.0123996232323063,6.40405417879733
2024-12-18,6.340359303727752,2.6741486494265287,4.058719914530412,0.1988518593209965,-0.0557817353404414,6.373797541129889
2024-12-19,5.476463551931511,1.6014059407007857,3.374167037076776,0.0676583632627635,-0.0001328123291497,6.373490381827269
2024-12-20,6.385194398997726,2.2710944810169784,3.3214394641612146,0.076962736555698,0.1083928238172436,6.38206983360839
2024-12-23,6.113682179832232,1.453953170024886,2.867890579033617,0.0487858045059107,-0.0263176373919242,6.388040265475572
2024-12-24,3.58351893845611,1.3270751228826367,2.4423470353692043,0.0392142574909171,-0.0183560527306816,6.399093957744457
2024-12-26,4.442651256490317,0.8671005357678014,2.4765507096530657,0.0676583632627635,0.0208319654171005,6.3991605430268805
2024-12-27,6.466144724237619,1.4255152668420057,0.832930352329324,0.0392215934676473,0.0662862852265901,6.388578228539626
2024-12-30,6.678342114654332,1.3297236866941096,3.4307530235022656,0.0392215934676473,-0.0060868585188524,6.377100977775977
2024-12-31,5.996452088619021,0.7561215857149658,3.230806325697027,0.0582666049078799,0.0498364680526362,6.373456328190079
2025-01-02,7.455298485683291,1.2641269857691932,3.4372109592526057,0.076962736555698,0.0232911454986827,6.3709962982451245
2025-01-03,6.3835066348840055,1.0402766846961546,2.8847952571754027,0.0676583632627635,0.0074170896852606,6.383422192479372
2025-01-06,6.8679744089702925,0.7701085925693502,3.424261064099216,0.0487858045059107,0.022399929580178,6.389166239993976
2025-01-07,6.467698726104354,1.413422944974623,1.7047480922384253,0.0861743365020368,0.0009450648691301,6.377797811195335
2025-01-08,6.907755278982137,1.1410327364263395,3.194579129985819,0.0392215934676473,-0.0106656703452201,6.379257739738903
2025-01-10,6.001414877961151,1.181727265587766,3.621674621107335,0.1043605651903641,-0.0156554871657687,6.363872557637642
2025-01-13,6.641182169740591,1.3584094910485691,3.655838338326284,0.0392215934676473,-0.0178590623206525,6.365421813309999
2025-01-14,6.678342114654332,0.8837675716950181,2.917770732084279,0.029557617092177,0.00516549487605,6.366796859129397
2025-01-15,6.836259277277067,1.430311091393463,3.122362773466321,0.0392215934676473,-0.0153245344942671,6.384823384643944
2025-01-16,7.451241684987676,0.672944492705167,2.949693447932184,0.1133311376093812,0.0019675608792711,6.382898366562207
2025-01-17,7.102499355774649,0.5306281388651857,3.299537331430823,0.0487930706012202,0.0065764706117074,6.392888194654846
2025-01-21,7.272398392570047,0.8586618776610286,3.440416529810206,0.0582738024405657,0.0427345796868512,6.402000091787097
2025-01-22,7.640123172695364,0.5306281388651857,2.791168103398721,0.0582738024405657,-0.009550825471864,6.407605799239181
2025-01-23,7.697121317282625,0.5877867708659263,3.025295816378959,0.0487930706012202,0.0039442310041992,6.413049037096029
2025-01-24,7.374001859350161,0.4574247987515671,3.502548405194705,0.0676583632627635,-0.0113932278764532,6.410125490455513
2025-01-27,6.892641641172089,1.7817092232832392,3.2464890919723266,0.0676583632627635,0.0307948246862312,6.395879095433393
2025-01-28,7.744136627627991,1.1442226055406646,3.394510032037701,0.0487858045059107,-0.0301759080805116,6.404434787010611
2025-01-29,11.741597704881316,1.068153028747698,0.0,0.0953087926407206,-0.0111888979396304,6.399941776817332
2025-01-30,10.600178446719438,0.7419375263816116,4.102643365036796,0.0392215934676473,-0.0028793917166007,6.405294535231734
2025-01-31,8.144388865547622,1.1600210842129202,3.555348061489413,0.0582666049078799,-0.037246544008388,6.399958409446271
2025-02-03,7.882314918980268,1.32441901827463,4.22683374526818,0.0953087926407206,0.0453504538285854,6.393206097256068
2025-02-04,7.690743163541872,1.2029722810812575,3.642834237388545,0.076962736555698,-0.0056693089118013,6.399891978694955
2025-02-05,8.416267272826277,1.0919231469053308,3.5115454388310208,0.0582666049078799,0.0059744565650313,6.403938321539604
2025-02-06,8.044626279767337,0.7701081510535291,3.594566091775085,0.0392142574909171,-0.0103991485443683,6.407407911583564
2025-02-07,7.508238774678663,1.0543119898966449,3.487373584687261,0.0582666049078799,0.0173451735600848,6.398212198291468
2025-02-10,7.71333788887187,0.6471036614754274,3.975937247271285,0.0392215934676473,0.0116440090203678,6.404980453042026
2025-02-11,7.845807502637805,0.5128236721136599,4.03246742700872,0.029557617092177,0.0516245886688752,6.405740719461381
2025-02-12,7.826044013518965,0.9321640660119518,3.799972409267137,0.0487858045059107,-0.0090441384987454,6.4025140092319415
2025-02-13,8.449128460502108,0.8544154904835977,3.3357643633590306,0.0392215934676473,0.0045035845775877,6.413016204197462
2025-02-14,7.597396320212795,0.5187939750674018,4.257028069647539,0.0487858045059107,-0.0154817410634087,6.412967052935144
2025-02-18,8.296795865770052,0.5187939750674018,4.15261116712998,0.0487930706012202,0.0188855159804911,6.415898585793537
2025-02-19,7.875119281040293,0.6471031621695873,3.397855214295989,0.0487858045059107,0.0156578568004471,6.418250724970311
2025-02-20,6.48768401848461,0.9202824643817064,3.484315283958666,0.0392215934676473,0.0192566125119547,6.414081722033339
2025-02-21,6.3473892096560105,1.55814481882007,3.1654729878805243,0.1133311376093812,0.0092873646514658,6.396829654285231
2025-02-24,6.030685260261263,1.3686395035340373,3.2503669216469797,0.076962736555698,0.0470546593062675,6.392268847126129
2025-02-25,7.525639975041535,1.289232417082959,3.99268000755728,0.0676583632627635,0.0151377980236492,6.387283261730535
2025-02-26,7.62608275807238,1.172481995512056,1.6094379124341005,0.0861743365020368,0.0501871552870646,6.3877879603414565
2025-02-27,8.075893630298857,1.5686157589681131,3.977813489115477,0.076962736555698,0.0360185746138942,6.37169729280003
2025-02-28,6.898714534329988,1.470175932794779,3.784189633918261,0.1133311376093812,0.0025263481080143,6.387182291434667
2025-03-03,6.049733455231958,1.8017097119528995,3.3809996567939584,0.1310277270101533,-0.0021102845918706,6.369507103095272
2025-03-04,6.786716950605081,1.7298842954739606,3.7565335392011705,0.1655146971010833,0.0330286837238684,6.357599577358806
2025-03-05,6.313548046277095,1.4973882550134952,3.4011973816621555,0.1570021838044337,-0.0072245391797361,6.368290092819752
2025-03-06,6.769641976852503,1.510722091072306,2.760013030415804,0.0953087926407206,-0.0068447106748636,6.350379518762423
2025-03-07,6.2766434893416445,1.4973882550134952,3.325037777102423,0.1655146971010833,-0.0117738761066613,6.355968732487058
2025-03-10,4.02535169073515,1.7715566191837568,3.580741375830616,0.0953087926407206,-0.0017363696248218,6.328971992518922
2025-03-11,5.288267030694535,1.4793290880548238,3.618994635713927,0.1222152021177277,-0.0795502991957653,6.320624368264519
2025-03-12,5.365976015021851,1.3912820165024833,3.4045284161432545,0.076962736555698,-0.0383555451355902,6.325916879232789
2025-03-13,7.769378609513984,1.3001916828550195,3.985274374753293,0.1222152021177277,0.0067230792398928,6.312496738248876
2025-03-14,7.496097345175956,1.3558354289225758,2.985684403764368,0.0769556722885273,-0.0666506030519464,6.332942089045843
2025-03-17,5.3706380281276624,1.289232942523337,2.602689685444384,0.0769556722885273,0.0570346091600333,6.340623862051974
2025-03-18,6.061456918928017,1.1505719793115123,3.5779492573198306,0.0487930706012202,0.0348894499500827,6.329756590324934
2025-03-19,5.170483995038151,1.302912835109037,3.044522437723423,0.1570087046434048,0.0467665014851229,6.340588562953453
2025-03-20,5.225746673713202,1.0543123221873052,2.631899378525361,0.076962736555698,-0.0366476495101967,6.337692594664547
2025-03-21,5.0238805208462765,1.0952733108534831,3.627006647633168,0.0582666049078799,-0.0882343496871163,6.335018755245291
2025-03-24,4.927253685157205,0.985816908394319,2.9601076258623027,0.076962736555698,-0.0626154332692329,6.352768789199474
2025-03-25,4.31748811353631,0.5596157879354227,1.8083047802724308,0.0582666049078799,0.0164198174507765,6.355169759150683
2025-03-26,4.430816798843313,1.1314022345458434,2.6878441721380173,0.0392142574909171,-0.0626252644788101,6.343159659238011
2025-03-27,11.73093586417269,0.8458682348334262,3.701301974112493,0.0487930706012202,0.0025305869635355,6.3405004173859965
2025-03-28,10.34839770760722,1.449269214009408,3.3707331403374576,0.0953157284394993,-0.0411603659063514,6.320156548079474
2025-03-31,8.142936010432265,1.418277203768708,3.8607297110405954,0.1043536918421155,0.065380432173144,6.326846930498493
2025-04-01,7.451241684987676,1.0784097630028244,3.8394523125933104,0.0769556722885273,-0.0321727048806209,6.329667375931591
2025-04-02,8.690642169706594,1.3812817042803418,3.955086236500367,0.1310277270101533,-0.0742827047823211,6.335975847143783
2025-04-03,8.61558951327243,1.806648106777288,4.752726907754756,0.0953087926407206,-0.1735545662468161,6.285439301927391
2025-04-04,8.085794701281568,2.810606839922692,4.768138599413766,0.3293033080406604,-0.061338070041777,6.225112728651383
2025-04-07,8.39502555744203,3.115735032115452,4.625953681646656,0.3506609549427506,-0.0072985506683684,6.223329961914882
2025-04-08,8.075271546297458,3.0928590258240662,3.852275074401327,0.2390142572122082,-0.0044356341291152,6.207543222828511
2025-04-09,7.685243607975833,3.298056603006588,4.833101087756547,0.3920443559718254,0.9004253318753139,6.307406025373371
2025-04-10,8.148156439921625,3.0647918237260727,4.563304963575527,0.1222219537879222,-0.081748644798752,6.262597974999
2025-04-11,6.760414691083428,2.3292270685133647,3.987128666109043,0.1397632692255012,-0.1066362791445596,6.280283477669261
2025-04-14,5.575949103146316,1.8594178324908184,3.5638843471712973,0.139756634956183,0.0680955892635769,6.289938171580957
2025-04-15,5.968707559985366,1.4255150375933898,1.740457608466094,0.0676583632627635,-0.0488925202696369,6.287133362979085
2025-04-16,7.536363938404511,1.8687204397216388,4.580875992553422,0.0769556722885273,-0.0346229177872324,6.2646545648172784
2025-04-17,6.715383386334681,1.3812817042803418,4.06388451576582,0.076962736555698,-0.0250452753603668,6.266080325774894
2025-04-21,4.3694478524670215,1.6014055561546934,4.347694587263617,0.1397632692255012,-0.0595136988687562,6.241989784665263
2025-04-22,6.666956792429207,1.2809339514258715,4.827514589944095,0.0676583632627635,0.0284509561832891,6.267674819358884
2025-04-23,5.805134968916488,1.4303113195452224,4.74580216417448,0.1570087046434048,-0.086333473937574,6.283051453718398
2025-04-24,6.329720905522696,1.4586148452717211,3.912023005428146,0.0582666049078799,-0.0068600094278946,6.30388191863187
2025-04-25,5.093750200806762,1.2119411556273472,4.504243187129295,0.0861743365020368,-0.0204215785161717,6.311081264692676
2025-04-28,7.170888478512505,1.172481995512056,3.8918202981106265,0.1133311376093812,-0.0478451968506542,6.311462495465364
2025-04-29,7.153833801578843,1.172481995512056,3.716010497563843,0.0861743365020368,0.002004716922095,6.317742150532105
2025-04-30,5.337538079701318,1.5973654393086547,3.945456837062777,0.086181335945581,-0.1137122902331648,6.31813890162587
2025-05-01,7.664815785285735,1.057790665021131,4.348985518886229,0.2151096568489544,-0.0358202991664311,6.325200849298498
2025-05-02,7.2078598714324755,1.0919231469053308,3.49650756146648,0.1397632692255012,-0.0255066253359953,6.339935950926644
2025-05-05,5.501258210544727,1.0367367767316542,4.343805421853684,0.086181335945581,0.0342149576353029,6.3341850968812885
2025-05-06,7.765569081097317,0.7929929643174743,4.318818608243886,0.0392215934676473,-0.0345239056674178,6.3257916055377255
2025-05-07,6.985641817639208,1.2029722810812575,4.007333185232471,0.0953157284394993,-0.0486940131084212,6.329988292969459
2025-05-08,5.303304908059076,1.0043021401802297,4.627910150260742,0.1484165850390142,0.0680944310153236,6.336931915877836
2025-05-09,5.37989735354046,0.6881345237203963,3.624340932976365,0.076962736555698,-0.0051190176604393,6.335656954331724
2025-05-12,6.787844982309579,1.193922815263035,4.571612897514705,0.0676583632627635,0.0346100357324153,6.368170016793791
2025-05-13,7.793586803371584,0.7884577071548705,3.3638382160036806,0.0861743365020368,-0.0308684141155353,6.374752256034289
2025-05-14,8.165932137321585,0.5653139390965497,4.131962209551126,0.0861743365020368,-0.0096493593072153,6.376029471479491
2025-05-15,6.481577129276431,0.9593497244007352,4.645352913720868,0.0676583632627635,0.0411748513249397,6.380901931351725
2025-05-16,5.298317366548036,0.5933265502182339,4.010966491546718,0.0953087926407206,-0.0367991070040799,6.387215983572148
2025-05-19,5.58724865840025,1.0986122886681098,2.6173922687310127,0.0676583632627635,-0.0295414799419066,6.388309231880149
2025-05-20,5.877735781779639,0.6830966135126434,4.4624533206015045,0.0582666049078799,0.0185947685532836,6.384941374723236
2025-05-21,6.887552571664617,1.4539527243826542,3.3428635300231453,0.0392215934676473,-0.0605959422576813,6.367946995159664
2025-05-22,7.099201743553092,1.2325603501503757,3.835143015694764,0.0392142574909171,0.0214276726191202,6.368341594421181
2025-05-23,3.871201010907891,1.902107640268474,3.716010497563843,0.0953087926407206,0.0035193778970517,6.361492416962664
2025-05-27,5.247024072160486,1.1184147414356411,3.822097229450464,0.0487858045059107,0.0317244156416922,6.38206983360839
2025-05-28,11.757900955682306,0.5596157879354227,0.0,0.0487930706012202,0.0082885862178251,6.376267625536379
2025-05-29,10.101149179835646,1.1281711402908472,4.470496958682682,0.0392215934676473,0.0013378355627505,6.380207258383627
2025-05-30,7.7025561132685825,1.0919231469053308,3.8732842073851215,0.076962736555698,-0.1110051533548677,6.379088128606704
2025-06-02,6.884486652042782,1.1281711402908472,4.441475818691255,0.0676583632627635,0.0305848379467622,6.384705277664935
2025-06-03,8.765770543987257,0.9439057801616813,4.089331202506681,0.0676583632627635,0.0208494953091411,6.3903917074291
2025-06-04,5.337538079701318,0.5068175104480316,3.610917912644224,0.0953087926407206,-0.0172880223356731,6.390123198212767
2025-06-05,6.595780513961311,1.0006316278646727,4.048301475869109,0.1043605651903641,0.0183665452982915,6.385278691891807
2025-06-06,4.406719247264253,0.9932520555804112,4.082610129411857,0.0582666049078799,0.0088562516224094,6.395495318127073
2025-06-09,7.543273346705446,0.6418536853988344,3.819909858102477,0.0582738024405657,-0.0009800671506188,6.396396167396458
2025-06-10,4.189654742026425,0.8372472933399018,3.768153762678132,0.0487930706012202,0.0159352654462554,6.402049886248324
2025-06-11,7.653020413804189,1.0508218382413756,3.575149321050064,0.0582738024405657,0.0034160991436146,6.399193732510364
2025-06-12,7.506042178518122,0.8919982581811592,3.7727609380946383,0.0392215934676473,0.0187299670870566,6.403160204966783
2025-06-13,6.214608098422191,1.4158533670588411,3.6296587992773968,0.0582738024405657,0.0117182909454715,6.391917113392602
2025-06-16,6.175867270105761,0.9360930599783476,4.053524263121416,0.0487930706012202,0.0102739492617424,6.401386363780339
2025-06-17,7.298445101508147,1.1755738478494115,3.1441501740094893,0.0582666049078799,-0.0142940920781381,6.392804540780211
2025-06-18,0.0,1.0952733108534831,3.3250289950424152,0.1133311376093812,-0.0013444782011467,6.392653864439803
2025-06-20,6.565264970035361,1.085188959036143,3.4934696894918447,0.076962736555698,-0.0233551983572086,6.387350638067251
2025-06-23,3.4339872044851463,1.3056266027834869,3.660991740177805,0.1133311376093812,0.0018571391477081,6.397179664651287
2025-06-24,6.289715570908998,0.8712931105661639,4.060443010546419,0.086181335945581,-0.0075185850868766,6.408166335424665
2025-06-25,5.924255797414532,0.6043159251626482,3.072686532983096,0.0676583632627635,0.0482892381279244,6.408726457053075
2025-06-26,7.629975707027789,0.5128236721136599,0.7419838466243379,0.0582738024405657,0.0278995100536562,6.416519833667563
2025-06-27,5.652489180268651,0.7747272027108676,4.188136959621931,0.0582666049078799,-0.0035701277661459,6.421475871960325
2025-06-30,7.125283091510712,0.6312723449880977,3.8264629894770894,0.0487930706012202,-0.0498038515642513,6.4262456700356525
2025-07-01,5.918893854273146,0.6780331941988172,3.80666248977032,0.0861743365020368,0.0275397457040962,6.425921993510164
2025-07-02,3.688879454113936,0.6043159251626482,3.3843902633457743,0.0582738024405657,0.0041331721177596,6.430445040895108
2025-07-03,0.0,0.5247288449453565,3.706226892739599,0.0487930706012202,-0.0556689523692573,6.4382955447674295
2025-07-07,5.541263545158426,0.6881345237203963,3.5582039126972944,0.0392215934676473,-0.0162460431939953,6.43081563941497
2025-07-08,6.813444599510896,0.6418536853988344,3.8691134656621817,0.029557617092177,0.0001802007664822,6.430267758118188
2025-07-09,4.74493212836325,0.6931471805599453,3.49650756146648,0.0487930706012202,-0.0069950626192385,6.436246513680963
2025-07-10,5.3471075307174685,0.431782391654776,2.9907148243691597,0.0392215934676473,-0.0132607887888374,6.439062801519857
2025-07-11,6.655440350367647,0.815364914559338,3.701301974112493,0.029557617092177,-0.0345339287338126,6.435541200680467
2025-07-14,6.369900982828227,0.6626882483626304,3.277144732992177,0.0487858045059107,0.0155883771602278,6.4374475996115965
2025-07-15,5.351858133476067,0.6043159251626482,2.5014319494258737,0.0861743365020368,-0.0255087046675078,6.433165171343485
2025-07-16,2.3978952727983707,1.3323657574000292,3.194579129985819,0.1043536918421155,-0.0100988326222501,6.436502823402298
2025-07-17,6.504288173536645,0.6365775153131517,3.332204510175204,0.0582666049078799,0.0636003953037697,6.442603823721242
2025-07-18,6.401917196727186,0.4252669375588461,2.760013030415804,0.0392215934676473,-0.006051437393086,6.441871180150954
2025-07-21,3.9889840465642745,0.5247288449453565,4.133563710370151,0.029557617092177,0.041627850557638,6.443765561115808
2025-07-22,3.688879454113936,0.7178394209846607,3.837297354569434,0.0392215934676473,-0.0097401143814606,6.443908633116502
2025-07-23,4.158883083359672,0.6931471805599453,3.845879029570876,0.0676583632627635,0.0588417742673304,6.452380164522208
2025-07-24,7.069874128458572,0.4637341121993623,1.6094379124341005,0.0392215934676473,0.0218033900036254,6.452711168737162
2025-07-25,4.219507705176107,0.3852625824428792,2.970414465569701,0.029557617092177,0.04246215961442,6.456926590801829
2025-07-28,6.280395838960195,0.431782391654776,2.928520912727453,0.0198068159746008,6.475361443573452e-05,6.456675463446124
2025-07-29,11.636425460955842,0.8837679657752241,0.0,0.0582738024405657,0.031832495895194,6.454034379282938
2025-07-30,9.865422171729335,1.0402770216834978,4.232658304060531,0.1133311376093812,0.030504363629392,6.452774278034116
2025-07-31,8.217438537730187,1.2325603501503757,3.691378769627513,0.0582666049078799,0.0165384718512827,6.449015995451947
2025-08-01,8.137688184977605,1.7065646647041754,4.389499861127853,0.1310277270101533,-0.0288781834352684,6.432489783492398
2025-08-04,5.863631175598097,1.1314022345458434,3.691378769627513,0.0582738024405657,0.0145549189220457,6.447575212808587
2025-08-05,6.82001636467413,1.0402766846961546,3.610917912644224,0.0676583632627635,-0.0085013233886728,6.442492347973201
2025-08-06,7.30854279753919,0.8415670541369249,3.1354942159291497,0.0487930706012202,0.0299461134849641,6.450122856690072
2025-08-07,8.60611940061064,0.9783260654297374,3.6635616461296463,0.0487930706012202,0.0247923847202834,6.449284885550075
2025-08-08,8.943506132037239,0.8628903092538963,4.324132656254979,0.029557617092177,0.0169696196765913,6.457052178729038
2025-08-11,7.305860032684009,0.6097656545490923,3.575149321050064,0.029557617092177,0.059874159624176,6.455072742390653
2025-08-12,7.385230923066573,1.0647106054511344,3.2995283225435554,0.0487930706012202,-0.0107944839410943,6.465662496695969
2025-08-13,6.919683849847411,0.4121098024041962,1.740457608466094,0.0487930706012202,0.0056333163806711,6.469079782330694
2025-08-14,6.385194398997726,0.5988368574065169,3.335773051645049,0.0392215934676473,-0.018588650451566,6.469172813338242
2025-08-15,7.078341579557671,0.5766137500598226,2.4765507096530657,0.0676583632627635,0.0150938856804159,6.466828786390116
2025-08-18,6.472346294500901,0.6931471805599453,2.83908417438412,0.0487858045059107,-0.004062979253433,6.466611159441311
2025-08-19,7.412160334945205,0.7654676647117759,3.4372109592526057,0.0295650242526791,0.0303321934150486,6.461171253461781
2025-08-20,7.101675971619444,0.9631746380910452,3.538053725530846,0.0582666049078799,0.0050942640323966,6.458510659320368
2025-08-21,4.962844630259907,0.9516579346256882,3.173874372893552,0.076962736555698,-0.0089467579956663,6.454490746533643
2025-08-22,7.123672785204607,1.286473994224166,3.377589182510541,0.1484231621041305,0.0069209604010219,6.469730817706631
2025-08-25,6.951772164398911,0.6678292747629003,2.5649493574615367,0.0197993361793975,-0.0090812023468487,6.465320077471858
2025-08-26,6.80903930604298,0.7561220334494628,3.27336031104505,0.0487930706012202,-0.0090903847324336,6.4694983064229215
2025-08-27,8.078067881815437,0.4510754249807193,3.161250849999698,0.0582738024405657,-0.0197846991162083,6.4717742683019415
2025-08-28,6.943122422819428,0.4510754249807193,3.572348381007312,0.029557617092177,0.017038579310463,6.475309416206373
2025-08-29,0.0,0.9783260654297374,3.912023005428146,0.0582666049078799,0.0512833670832839,6.469327814246983
2025-09-02,6.490723534502507,1.3428647832724645,4.310799125385514,0.0392142574909171,-0.0188377934325162,6.461889992894188
2025-09-03,4.290459441148391,0.802001380196817,3.725693427236653,0.086181335945581,0.012489091128351,6.467294902706572
2025-09-04,5.472270673671475,0.7275489205615452,3.2068111509913324,0.0392215934676473,0.0067343574653719,6.475617591935934
2025-09-05,6.83087423464618,1.1568812927593075,3.837297354569434,0.0953087926407206,0.0199728154065459,6.472717153443503
2025-09-08,4.584967478670572,0.5068175104480316,3.951243718581428,0.0392215934676473,0.0503929789825237,6.475170767282533
2025-09-09,6.284134161070802,0.6151853297904073,3.775053790615973,0.0953087926407206,0.0107215664174691,6.477479952643964
2025-09-10,4.919980925828125,0.6931471805599453,3.5723415231198845,0.0487858045059107,-0.0003661425797965,6.48036662964724
2025-09-11,5.730099782973574,0.4637341121993623,2.970414465569701,0.0676583632627635,-0.0162591014044838,6.4886424705642085
2025-09-12,7.170888478512505,0.4446860902464731,2.694630479962262,0.0392215934676473,-0.0048723469410839,6.4883078317030165
2025-09-15,5.351858133476067,0.6523252257761192,3.956992636599277,0.0198068159746008,0.0356808439947825,6.493617632609988
2025-09-16,5.924255797414532,0.6626877567779458,2.901432325481212,0.0392142574909171,0.0231394440091067,6.492239835020471
2025-09-17,5.214935757608986,0.912282618556196,3.202740488271198,0.1222152021177277,-0.0056752634161313,6.4909966272180695
2025-09-18,4.394449154672439,0.9042182587487094,3.4468047828377157,0.0487858045059107,-0.0171620999756015,6.495658242821833
2025-09-19,5.356586274672012,0.609765136247742,3.356895421435731,0.0295650242526791,-0.0101978135972538,6.497830258544272
2025-09-22,6.018593214496234,0.4510760324165232,4.114146391672782,0.0582738024405657,0.013999597983572,6.502550177352561
2025-09-23,6.442540166468199,0.7514160347023545,3.8501476017100575,0.0392215934676473,0.0202450423164823,6.497091715245894
2025-09-24,6.3784261836515865,0.7080351917219265,3.723278521981868,0.0392142574909171,-0.0137638619820292,6.493905077410077
2025-09-25,7.549609165154532,0.8837675716950181,3.4750687419341246,0.0392215934676473,0.0253188920951884,6.489280897730023
2025-09-26,9.86832658744254,1.015230417123053,0.0,0.0487930706012202,0.0061714430306979,6.494993626708118
2025-09-29,9.089414904047302,0.4382556692593857,4.301359393233918,0.029557617092177,0.0230926141041873,6.497800094565339
2025-09-30,7.385230923066573,0.5187939750674018,4.291829702681653,0.0392215934676473,-0.0193181211792331,6.501559893299875
2025-10-01,7.483806687665835,0.8329096205041888,3.678825419153215,0.0487930706012202,-0.0232194992305312,6.504961617690828
2025-10-02,8.137103389639302,0.6881345237203963,4.18814066433414,0.0487930706012202,0.0291493915076029,6.506112811319993
2025-10-03,5.973809611869261,0.6205757904146139,3.5293002481050184,0.0582666049078799,0.0114479370431458,6.506097945050524
2025-10-06,7.145196134997171,0.5877862410467775,3.532224216344587,0.0295650242526791,-0.0014543420430706,6.509677793096971
2025-10-07,7.973844375944687,0.8586610694623379,3.7495040759303713,0.0487930706012202,0.0083738057619804,6.505963408942904
2025-10-08,7.687080155783135,0.6780341623959615,4.143134726391533,0.0487858045059107,0.0222884500003919,6.511908741777472
2025-10-09,8.049107721326406,0.6981348359425381,4.674695793150357,0.029557617092177,0.0048712286710351,6.509007518607984
2025-10-10,7.437206366871292,1.975469088858747,4.212127597878484,0.1043605651903641,2.121394064342697e-05,6.481607786587884
2025-10-13,7.437206366871292,1.1505719793115123,4.564348191467836,0.1484165850390142,-0.023947867917773,6.496835287051747
2025-10-14,7.793586803371584,1.5602477163277468,4.321480783253513,0.0487858045059107,0.0089340192567343,6.495612898127495
2025-10-15,8.098034756176071,1.4655675243945496,4.198706043855329,0.0392142574909171,0.0429776939853834,6.500042621391047
2025-10-16,8.456593569287309,1.8840347337424013,4.713126450865779,0.139756634956183,-0.0094333480744465,6.493209084310881
2025-10-17,8.309184527686298,2.225704073375349,5.175018045494222,0.0487930706012202,0.0300548834402559,6.498869348499828
2025-10-20,7.467942332285852,1.332366260658249,4.962844630259907,0.029557617092177,0.0026912378207529,6.509216112760539
2025-10-21,7.987524479848767,0.912282618556196,5.505332528373436,0.029557617092177,-0.0021782917373893,6.509201201632227
2025-10-22,7.121252453244542,1.453953170024886,4.966335035199676,0.0392215934676473,0.010148797802101,6.503988709230082
2025-10-23,5.872117789475416,1.1847901248980428,4.20618186089962,0.0487930706012202,0.0194875059103613,6.50990114841268
2025-10-24,4.820281565605037,0.7884568401781441,3.84374834694662,0.0392215934676473,0.0431848280283148,6.518040480965205
2025-10-27,5.3981627015177525,0.3715634248911894,4.684905604866724,0.0392215934676473,-0.0049550644414873,6.529769127610864
2025-10-28,5.393627546352362,0.6365765061341642,3.775053790615973,0.0392215934676473,0.0317356176496434,6.532421621099893
2025-10-29,7.20414929203594,0.8415670541369249,0.0,0.1655146971010833,0.0838762311083461,6.532901838049589
2025-10-30,6.841615476477592,0.985816908394319,4.740574822994295,0.0582666049078799,-0.0274712188013252,6.52184279205335
2025-10-31,6.327936783729195,1.2753630454908949,4.075839432655318,0.029557617092177,0.0316502745239676,6.525117626933883
2025-11-03,0.0,1.0402766846961546,4.127134385045092,0.0392215934676473,0.0420577847712059,6.526992578814617
2025-11-04,6.489204931325317,1.2753627791014508,4.23410650459726,0.029557617092177,0.0283372495013984,6.515068168770737
2025-11-05,6.327936783729195,1.3110321439565826,4.000035671325267,0.076962736555698,0.0096944206718295,6.518527652185517
2025-11-06,6.478509642208569,1.3001916828550195,3.353410132374173,0.0487930706012202,0.053712437866701,6.507740288303547
2025-11-07,5.5053315359323625,1.5347142346968703,2.9755220925159414,0.0676583632627635,0.0166732279584249,6.50872438291975
