기업,날짜,회계연도,분기,"주당순이익
EPS(달러)","주당순자산
BPS(달러)","주당매출액
SPS(달러)","주당현금흐름
CPS(달러)","주당배당금
DPS(달러)","주가수익배수
PER(배)","주가순자산배수
PBR(배)","주가매출액배수
PSR(배)","주가현금흐름
배수 PCR(배)","자기자본이익률
ROE(%)","총자산이익률
ROA(%)","투하자본이익률
ROIC(%)",부채비율(%),유동비율(%),"이자보상
배수(배)"
ABT,25.09.30,2025,FY4Q,7.97,29.43,25.17,5.23,2.32,16.68,4.55,5.32,25.56,28.1,16.9,19.0,64.2,170.3,15.0
ABT,25.06.30,2025,FY3Q,7.97,29.15,24.73,5.18,2.28,16.92,4.65,5.49,26.17,29.8,17.4,19.5,65.3,182.1,14.0
ABT,25.03.31,2025,FY2Q,7.7,28.21,24.35,5.15,2.24,17.04,4.69,5.43,25.7,30.6,17.4,19.6,66.0,178.0,13.0
ABT,24.12.31,2025,FY1Q,7.64,27.53,24.11,4.92,2.2,14.64,4.1,4.68,22.92,32.2,17.8,20.1,70.0,167.1,12.0
ABT,24.09.30,2024,FY4Q,3.29,23.01,23.7,5.02,2.16,34.4,4.96,4.81,22.73,14.7,7.9,20.9,85.8,159.7,12.0
ABT,24.06.30,2024,FY3Q,3.17,22.7,23.36,4.53,2.12,32.53,4.57,4.44,22.88,14.3,7.6,20.2,84.6,168.0,11.0
ABT,24.03.31,2024,FY2Q,3.21,22.44,23.17,4.1,2.08,35.03,5.05,4.89,27.61,14.7,7.7,20.5,85.6,159.6,10.0
ABT,23.12.31,2024,FY1Q,3.26,22.31,23.05,4.17,2.04,33.39,4.92,4.76,26.32,15.1,7.8,21.1,88.6,163.8,10.0
ABT,23.09.30,2023,FY4Q,2.94,21.68,22.98,3.77,2.0,32.56,4.46,4.21,25.66,13.8,7.0,20.0,91.3,173.8,9.0
ABT,23.06.30,2023,FY3Q,2.93,21.49,23.11,4.28,1.96,36.73,5.07,4.71,25.44,14.0,7.0,20.5,96.1,163.8,10.0
ABT,23.03.31,2023,FY2Q,3.29,21.38,23.83,4.97,1.92,30.32,4.73,4.24,20.32,15.8,7.9,22.5,98.2,167.8,12.0
ABT,22.12.31,2023,FY1Q,3.91,21.05,24.9,5.47,1.88,27.61,5.19,4.39,19.98,19.1,9.4,26.1,101.7,162.9,15.0
ABT,22.09.30,2022,FY4Q,4.43,20.47,25.69,5.89,1.86,21.48,4.72,3.76,16.42,21.9,10.7,28.6,102.9,185.9,18.0
ABT,22.06.30,2022,FY3Q,4.79,20.93,25.97,5.84,1.84,22.24,5.18,4.18,18.57,23.9,11.5,30.7,102.1,201.4,19.0
ABT,22.03.31,2022,FY2Q,4.31,20.22,25.27,5.65,1.82,27.02,5.86,4.69,20.95,22.0,10.4,28.1,107.7,185.3,17.0
ABT,21.12.31,2022,FY1Q,3.94,20.3,24.27,5.93,1.8,35.2,6.91,5.78,23.63,20.4,9.6,26.1,108.7,185.0,16.0
APP,25.09.30,2025,FY4Q,8.23,4.35,16.31,9.92,0.0,85.88,164.9,44.03,72.37,262.9,47.4,63.5,330.4,325.0,13.0
APP,25.06.30,2025,FY3Q,7.03,3.45,14.62,8.43,0.0,48.77,101.5,23.93,41.48,257.7,42.3,54.6,410.6,273.6,10.0
APP,25.03.31,2025,FY2Q,5.53,1.69,12.96,7.47,0.0,46.93,156.54,20.46,35.49,224.6,34.4,44.4,891.7,168.0,7.0
APP,24.12.31,2025,FY1Q,4.53,3.24,13.98,6.23,0.0,68.91,99.72,23.08,51.77,175.1,28.9,38.5,438.6,218.7,6.0
APP,24.09.30,2024,FY4Q,3.29,2.79,10.56,5.17,0.0,37.93,46.51,12.27,25.05,122.1,21.6,34.3,480.1,240.6,5.0
APP,24.06.30,2024,FY3Q,2.34,2.43,10.69,4.14,0.0,33.23,33.6,7.63,19.69,83.9,15.8,27.7,546.7,227.6,4.0
APP,24.03.31,2024,FY2Q,1.67,2.26,10.8,3.47,0.0,39.85,31.14,6.53,20.31,51.3,11.3,22.7,592.3,210.9,3.0
APP,23.12.31,2024,FY1Q,0.98,3.57,9.33,3.02,0.0,37.7,10.65,4.08,12.61,24.6,6.5,16.7,326.6,171.2,2.0
APP,23.09.30,2023,FY4Q,0.29,3.21,8.88,2.58,0.0,133.84,12.68,4.58,15.78,6.5,1.9,10.1,356.8,161.5,1.0
APP,23.06.30,2023,FY3Q,0.05,4.25,8.07,2.4,0.0,477.06,6.18,3.26,10.95,1.1,0.3,6.5,261.3,286.6,1.0
APP,23.03.31,2023,FY2Q,-0.23,5.09,7.79,1.96,0.0,-72.18,3.12,2.04,8.09,-4.3,-1.4,4.2,211.6,330.6,1.0
APP,22.12.31,2023,FY1Q,-0.52,5.12,7.58,1.11,0.0,-20.31,2.06,1.39,9.48,-10.0,-3.2,-0.9,207.3,334.9,0.0
APP,22.09.30,2022,FY4Q,-0.23,5.1,7.87,0.91,0.0,-84.81,3.84,2.48,21.59,-4.3,-1.4,1.0,208.5,335.6,0.0
APP,22.06.30,2022,FY3Q,-0.29,5.1,7.82,0.76,0.0,-119.85,6.83,4.46,45.74,-5.4,-1.9,0.7,211.0,281.9,0.0
APP,22.03.31,2022,FY2Q,-0.19,5.41,7.57,0.72,0.0,-281.23,10.29,7.35,77.14,-3.6,-1.4,0.1,206.5,292.7,0.0
APP,21.12.31,2022,FY1Q,0.09,6.58,8.6,1.11,0.0,1112.64,16.5,12.63,97.48,2.1,0.7,6.0,188.3,505.4,1.0
AXP,25.09.30,2025,FY4Q,14.9,46.85,94.36,30.55,3.04,21.93,7.13,3.54,10.93,33.4,3.7,4.6,817.9,-,-
AXP,25.06.30,2025,FY3Q,14.25,46.29,90.88,18.76,2.92,22.03,6.92,3.52,17.07,32.9,3.6,4.5,814.7,-,-
AXP,25.03.31,2025,FY2Q,14.32,44.51,88.52,18.92,2.8,18.39,6.06,3.05,14.25,34.1,3.7,4.7,804.6,-,-
AXP,24.12.31,2025,FY1Q,14.01,42.51,85.34,19.73,2.7,20.64,6.91,3.44,14.88,34.3,3.7,4.7,797.0,-,-
AXP,24.09.30,2024,FY4Q,13.59,41.96,83.67,21.24,2.6,19.49,6.49,3.26,12.82,34.1,3.7,4.7,812.2,-,-
AXP,24.06.30,2024,FY3Q,13.4,41.26,81.16,35.05,2.5,16.93,5.64,2.87,6.64,34.6,3.7,4.8,821.5,-,-
AXP,24.03.31,2024,FY2Q,12.14,39.9,78.92,33.96,2.4,18.32,5.73,2.9,6.73,32.5,3.5,4.4,836.1,-,-
AXP,23.12.31,2024,FY1Q,11.21,38.17,75.64,25.25,2.32,16.3,4.87,2.46,7.36,31.0,3.4,4.2,830.6,-,-
AXP,23.09.30,2023,FY4Q,10.67,37.33,74.29,27.63,2.24,13.71,4.02,2.02,5.43,30.6,3.3,4.0,817.1,-,-
AXP,23.06.30,2023,FY3Q,9.84,36.09,71.63,22.28,1.64,17.4,4.85,2.44,7.85,29.4,3.2,3.9,817.1,-,-
AXP,23.03.31,2023,FY2Q,9.52,34.98,70.17,22.64,2.08,16.98,4.72,2.35,7.3,29.6,3.3,3.9,807.4,-,-
AXP,22.12.31,2023,FY1Q,9.85,32.9,67.48,28.07,1.99,14.69,4.47,2.18,5.24,31.9,3.6,4.3,824.1,-,-
AXP,22.09.30,2022,FY4Q,9.98,32.01,66.34,23.6,1.9,13.2,4.23,2.04,5.73,33.4,3.8,4.6,797.7,-,-
AXP,22.06.30,2022,FY3Q,9.78,30.9,63.78,23.03,2.33,13.72,4.49,2.18,6.03,33.0,3.9,4.8,783.6,-,-
AXP,22.03.31,2022,FY2Q,10.01,29.57,60.54,21.46,1.29,17.92,6.34,3.1,8.74,33.5,4.2,5.2,775.0,-,-
AXP,21.12.31,2022,FY1Q,10.02,28.11,55.51,18.56,1.72,15.72,5.71,2.89,8.65,33.4,4.3,5.4,750.2,-,-
CRM,25.07.31,2025,FY4Q,6.89,64.15,41.32,13.78,1.63,37.07,4.03,6.25,18.75,11.0,6.8,43.2,59.1,112.4,-
CRM,25.04.30,2025,FY3Q,6.4,63.19,40.2,13.88,1.62,41.62,4.26,6.69,19.39,10.4,6.4,39.7,62.5,106.9,-
CRM,25.01.31,2025,FY2Q,6.36,63.59,39.39,13.61,1.6,52.77,5.35,8.63,24.98,10.5,6.5,38.0,68.3,106.2,-
CRM,24.10.31,2025,FY1Q,6.08,61.22,38.9,13.1,1.2,46.93,4.76,7.49,22.24,10.1,6.3,35.5,56.2,110.6,-
CRM,24.07.31,2024,FY4Q,5.75,59.79,37.83,12.52,0.8,44.53,4.35,6.88,20.77,9.6,5.9,33.7,59.9,104.1,-
CRM,24.04.30,2024,FY3Q,5.56,61.53,36.85,12.36,0.4,47.69,4.37,7.3,21.76,9.3,5.8,31.5,61.2,110.6,-
CRM,24.01.31,2024,FY2Q,4.2,61.24,35.79,10.51,0.0,65.79,4.56,7.81,26.59,7.1,4.4,24.5,67.4,109.2,-
CRM,23.10.31,2024,FY1Q,2.63,59.76,34.93,9.9,0.0,75.39,3.36,5.76,20.31,4.5,2.8,16.4,56.7,104.2,-
CRM,23.07.31,2023,FY4Q,1.59,59.57,33.92,8.62,0.0,138.88,3.77,6.63,26.09,2.7,1.7,11.2,59.2,101.6,-
CRM,23.04.30,2023,FY3Q,0.38,58.58,32.85,8.09,0.0,523.4,3.46,6.16,25.03,0.6,0.4,4.8,62.9,101.6,-
CRM,23.01.31,2023,FY2Q,0.21,58.83,31.61,7.17,0.0,807.55,2.88,5.36,23.62,0.4,0.2,3.0,69.4,101.9,-
CRM,22.10.31,2023,FY1Q,0.26,59.53,30.39,6.32,0.0,584.86,2.74,5.37,25.79,0.5,0.3,1.9,54.8,105.4,-
CRM,22.07.31,2022,FY4Q,0.52,60.28,29.41,6.42,0.0,341.6,3.05,6.25,28.63,0.9,0.6,1.2,56.7,105.8,-
CRM,22.04.30,2022,FY3Q,1.01,59.41,28.19,6.51,0.0,173.66,2.96,6.23,27.01,1.7,1.1,4.1,58.0,102.6,-
CRM,22.01.31,2022,FY2Q,1.48,60.87,27.74,6.28,0.0,158.69,3.94,8.65,38.19,2.7,1.7,7.6,63.8,104.9,-
CRM,21.10.31,2022,FY1Q,1.8,58.22,25.49,6.32,0.0,168.72,5.14,11.74,47.38,3.5,2.3,11.6,53.3,106.1,-
GS,25.09.30,2025,FY4Q,49.18,401.82,189.59,57.78,13.0,15.22,1.94,4.11,13.48,12.8,0.9,0.9,1353.3,-,-
GS,25.06.30,2025,FY3Q,45.33,395.59,179.19,-72.85,12.0,14.71,1.75,3.86,-9.5,12.0,0.8,0.8,1338.4,-,-
GS,25.03.31,2025,FY2Q,43.04,387.47,169.45,-69.84,11.75,12.02,1.37,3.14,-7.61,11.6,0.8,0.8,1320.9,-,-
GS,24.12.31,2025,FY1Q,40.54,371.83,163.1,-40.27,11.5,13.29,1.47,3.36,-13.61,11.2,0.8,0.8,1273.8,-,-
GS,24.09.30,2024,FY4Q,34.08,373.15,156.9,-271.97,11.25,13.63,1.29,3.07,-1.77,9.6,0.7,0.7,1325.8,-,-
GS,24.06.30,2024,FY3Q,31.15,362.23,151.85,-229.87,11.0,13.8,1.22,2.91,-1.92,9.0,0.6,0.6,1284.0,-,-
GS,24.03.31,2024,FY2Q,25.61,353.24,143.75,-149.07,10.75,15.54,1.15,2.82,-2.72,7.5,0.5,0.5,1332.7,-,-
GS,23.12.31,2024,FY1Q,22.87,343.03,135.72,-36.93,10.5,15.91,1.08,2.72,-9.99,6.8,0.5,0.5,1304.2,-,-
GS,23.09.30,2023,FY4Q,20.69,346.26,134.42,-51.35,10.25,14.76,0.91,2.34,-6.13,6.2,0.5,0.5,1244.8,-,-
GS,23.06.30,2023,FY3Q,23.47,340.32,133.47,70.56,10.0,12.91,0.92,2.35,4.44,7.1,0.5,0.5,1248.9,-,-
GS,23.03.31,2023,FY2Q,28.12,339.03,134.61,108.62,9.5,10.95,0.93,2.35,2.91,8.5,0.7,0.6,1209.1,-,-
GS,22.12.31,2023,FY1Q,30.06,332.83,134.52,24.73,9.0,10.8,0.99,2.46,13.35,9.2,0.7,0.7,1130.3,-,-
GS,22.09.30,2022,FY4Q,37.6,338.12,140.05,204.49,8.5,7.47,0.84,2.03,1.39,11.6,0.9,0.8,1204.4,-,-
GS,22.06.30,2022,FY3Q,44.28,332.03,143.79,47.53,8.0,6.49,0.87,2.0,6.05,14.0,1.0,1.0,1258.5,-,-
GS,22.03.31,2022,FY2Q,51.57,328.13,155.38,-22.93,7.25,6.11,0.97,2.04,-13.85,16.9,1.2,1.2,1279.3,-,-
GS,21.12.31,2022,FY1Q,59.45,313.63,169.3,17.97,6.5,6.06,1.17,2.16,20.34,20.3,1.5,1.4,1231.8,-,-
LRCX,25.09.28,2025,FY4Q,4.53,8.06,15.49,5.05,0.95,27.95,15.94,8.29,25.44,60.6,28.0,56.7,114.9,220.7,-
LRCX,25.06.29,2025,FY3Q,4.15,7.67,14.33,4.8,0.92,23.2,12.61,6.74,20.14,58.5,26.6,51.6,116.4,221.0,-
LRCX,25.03.30,2025,FY2Q,3.59,7.41,13.35,3.49,0.89,20.01,9.8,5.44,20.8,52.7,23.9,45.5,109.9,245.2,-
LRCX,24.12.29,2025,FY1Q,3.29,6.84,12.59,3.54,0.86,22.0,10.72,5.83,20.72,50.7,22.5,42.0,125.2,254.4,-
LRCX,24.09.29,2024,FY4Q,3.09,6.52,12.0,4.06,0.83,26.48,12.68,6.89,20.39,48.8,21.5,39.7,130.6,252.5,-
LRCX,24.06.30,2024,FY3Q,2.9,6.5,11.34,3.54,0.8,36.37,16.3,9.34,29.93,46.6,20.6,36.6,119.5,297.0,-
LRCX,24.03.31,2024,FY2Q,2.72,6.13,10.89,3.75,0.77,35.28,15.88,8.94,25.93,44.4,19.4,33.7,127.9,281.9,-
LRCX,23.12.24,2024,FY1Q,2.59,6.25,10.88,3.99,0.75,29.73,12.5,7.18,19.56,42.1,18.4,31.7,128.4,305.6,-
LRCX,23.09.24,2023,FY4Q,2.95,6.07,11.94,3.73,0.72,20.65,10.2,5.18,16.61,48.2,21.0,35.5,130.4,305.9,-
LRCX,23.06.25,2023,FY3Q,3.32,6.06,12.87,3.82,0.69,18.13,9.96,4.69,15.79,55.8,23.8,40.4,128.8,316.1,-
LRCX,23.03.26,2023,FY2Q,3.59,6.23,13.98,3.34,0.67,13.78,8.06,3.59,15.05,64.7,26.4,44.5,128.9,309.1,-
LRCX,22.12.25,2023,FY1Q,3.72,6.11,14.0,2.6,0.65,10.97,6.77,2.95,15.92,73.2,28.6,47.1,131.3,301.5,-
LRCX,22.09.25,2022,FY4Q,3.48,5.42,13.15,2.8,0.77,10.75,7.03,2.9,13.61,74.1,28.0,46.9,152.6,269.4,-
LRCX,22.06.26,2022,FY3Q,3.27,4.49,12.31,2.22,0.6,13.56,9.95,3.63,20.15,74.9,27.9,45.5,173.9,269.1,-
LRCX,22.03.27,2022,FY2Q,3.2,4.33,12.02,2.94,0.58,17.04,12.84,4.62,18.92,74.6,28.1,46.2,175.3,283.4,-
LRCX,21.12.26,2022,FY1Q,3.21,4.61,11.75,3.2,0.56,21.43,15.19,5.95,21.87,77.5,28.9,45.8,157.7,313.3,-
MCD,25.09.30,2025,FY4Q,11.72,-3.03,36.84,14.71,7.08,25.77,-,8.26,20.68,-,14.5,11.9,-,100.0,8.0
MCD,25.06.30,2025,FY3Q,11.67,-3.86,36.47,13.71,6.98,24.89,-,8.02,21.33,-,14.8,12.0,-,130.3,8.0
MCD,25.03.31,2025,FY2Q,11.33,-4.83,35.96,13.27,6.88,27.35,-,8.68,23.53,-,14.7,11.9,-,118.1,8.0
MCD,24.12.31,2025,FY1Q,11.39,-5.29,36.09,13.15,6.78,25.26,-,8.02,21.99,-,15.0,12.1,-,119.1,8.0
MCD,24.09.30,2024,FY4Q,11.39,-7.22,36.19,12.98,6.68,26.49,-,8.42,23.48,-,15.0,12.2,-,77.9,8.0
MCD,24.06.30,2024,FY3Q,11.43,-6.71,35.83,13.35,6.53,22.11,-,7.13,19.14,-,15.4,12.5,-,107.5,8.0
MCD,24.03.31,2024,FY2Q,11.78,-6.7,35.7,13.27,6.38,23.69,-,7.9,21.25,-,16.2,13.0,-,83.0,8.0
MCD,23.12.31,2024,FY1Q,11.56,-6.47,35.02,13.21,6.23,25.4,-,8.44,22.38,-,16.1,12.9,-,116.4,9.0
MCD,23.09.30,2023,FY4Q,11.35,-6.68,34.4,12.82,6.08,23.04,-,7.68,20.59,-,16.3,12.9,-,171.1,9.0
MCD,23.06.30,2023,FY3Q,10.86,-6.85,33.16,11.96,5.94,27.25,-,9.01,24.96,-,15.9,12.6,-,134.6,9.0
MCD,23.03.31,2023,FY2Q,9.31,-7.9,32.04,10.5,5.8,29.75,-,8.74,26.65,-,13.7,11.0,-,147.0,8.0
MCD,22.12.31,2023,FY1Q,8.33,-8.15,31.48,10.03,5.66,31.25,-,8.33,26.13,-,12.4,10.2,-,142.7,8.0
MCD,22.09.30,2022,FY4Q,7.94,-8.94,31.66,10.68,5.52,28.71,-,7.3,21.62,-,11.7,9.8,-,164.7,8.0
MCD,22.06.30,2022,FY3Q,8.12,-8.64,31.99,10.9,5.43,30.02,-,7.74,22.72,-,11.8,9.9,-,141.4,8.0
MCD,22.03.31,2022,FY2Q,9.47,-8.07,32.0,12.32,5.34,25.85,-,7.74,20.09,-,13.6,10.9,-,110.0,9.0
MCD,21.12.31,2022,FY1Q,10.04,-6.17,31.12,12.25,5.25,26.55,-,8.63,21.91,-,14.4,11.4,-,177.8,9.0
MRK,25.09.30,2025,FY4Q,7.57,20.78,25.75,6.84,3.24,11.01,4.04,3.26,12.28,38.9,15.9,28.6,149.7,166.1,17.0
MRK,25.06.30,2025,FY3Q,6.49,19.52,25.35,7.38,3.2,12.12,4.06,3.13,10.72,34.9,14.0,26.5,139.7,142.4,15.0
MRK,25.03.31,2025,FY2Q,6.87,19.16,25.34,8.28,3.16,13.01,4.69,3.55,10.86,38.2,15.1,28.5,138.0,141.0,16.0
MRK,24.12.31,2025,FY1Q,6.74,18.29,25.34,8.48,3.12,14.7,5.43,3.92,11.72,39.2,15.1,28.9,152.7,136.5,16.0
MRK,24.09.30,2024,FY4Q,4.77,17.56,24.93,7.21,3.08,23.7,6.47,4.56,15.76,29.3,11.0,20.8,164.0,136.4,11.0
MRK,24.06.30,2024,FY3Q,5.39,17.2,24.66,6.59,3.04,22.83,7.2,5.02,18.79,33.8,12.7,23.1,158.3,146.6,12.0
MRK,24.03.31,2024,FY2Q,0.9,15.94,24.24,5.83,3.0,144.92,8.28,5.44,22.65,5.8,2.2,7.2,162.1,125.3,4.0
MRK,23.12.31,2024,FY1Q,0.14,14.81,23.7,5.13,2.96,756.88,7.35,4.6,21.24,0.9,0.3,4.4,183.7,125.2,2.0
MRK,23.09.30,2023,FY4Q,1.8,16.26,23.38,6.78,2.92,56.69,6.33,4.4,15.2,10.7,4.3,12.7,158.6,138.4,7.0
MRK,23.06.30,2023,FY3Q,1.22,15.24,22.97,5.94,2.88,94.12,7.57,5.02,19.42,7.1,2.9,9.9,169.9,128.1,6.0
MRK,23.03.31,2023,FY2Q,5.12,18.45,22.8,6.18,2.84,20.73,5.77,4.67,17.23,28.9,12.1,26.0,130.0,144.4,17.0
MRK,22.12.31,2023,FY1Q,5.71,18.16,23.41,7.54,2.8,19.38,6.12,4.75,14.73,33.3,13.5,28.1,137.2,147.4,19.0
MRK,22.09.30,2022,FY4Q,6.01,17.55,23.28,7.78,2.76,14.3,4.91,3.7,11.08,36.6,14.3,28.4,140.7,145.9,19.0
MRK,22.06.30,2022,FY3Q,6.53,17.09,22.59,7.46,2.72,13.91,5.33,4.03,12.2,41.9,16.1,32.0,147.5,138.6,21.0
MRK,22.03.31,2022,FY2Q,5.59,16.17,21.35,6.76,2.68,14.63,5.07,3.84,12.14,38.3,14.3,28.8,160.7,139.7,18.0
MRK,21.12.31,2022,FY1Q,5.14,15.09,19.25,5.58,2.64,14.84,5.07,3.98,13.72,38.9,13.7,27.3,176.6,126.8,16.0
PM,25.09.30,2025,FY4Q,5.52,-7.01,25.69,7.4,4.05,29.26,-,6.31,21.91,-,13.2,22.6,-,84.8,14.0
PM,25.06.30,2025,FY3Q,5.27,-7.69,25.09,6.69,5.4,34.44,-,7.26,27.24,-,12.6,21.7,-,83.0,14.0
PM,25.03.31,2025,FY2Q,4.86,-7.01,24.69,7.48,5.35,32.48,-,6.43,21.23,-,11.7,20.8,-,79.0,13.0
PM,24.12.31,2025,FY1Q,4.52,-7.56,24.36,7.86,5.3,26.52,-,4.94,15.32,-,10.9,19.2,-,88.0,12.0
PM,24.09.30,2024,FY4Q,6.3,-6.24,23.94,7.41,5.25,19.2,-,5.07,16.39,-,14.9,22.4,-,89.0,12.0
PM,24.06.30,2024,FY3Q,5.65,-6.27,23.45,7.46,5.2,17.89,-,4.32,13.59,-,13.6,21.3,-,93.8,11.0
PM,24.03.31,2024,FY2Q,5.12,-6.64,23.16,6.7,5.17,17.86,-,3.96,13.68,-,12.5,19.6,-,94.2,11.0
PM,23.12.31,2024,FY1Q,5.02,-7.23,22.66,5.93,5.14,18.69,-,4.15,15.87,-,12.4,19.4,-,74.9,11.0
PM,23.09.30,2023,FY4Q,5.15,-6.08,22.08,5.79,5.11,17.93,-,4.19,15.98,-,12.9,20.5,-,89.1,12.0
PM,23.06.30,2023,FY3Q,5.17,-6.25,21.37,5.57,5.08,18.83,-,4.57,17.52,-,14.2,22.3,-,85.3,13.0
PM,23.03.31,2023,FY2Q,5.59,-5.76,20.67,5.63,5.06,17.31,-,4.71,17.27,-,17.0,26.4,-,85.1,18.0
PM,22.12.31,2023,FY1Q,5.81,-5.78,20.49,6.97,5.04,17.34,-,4.94,14.52,-,19.6,31.2,-,71.8,21.0
PM,22.09.30,2022,FY4Q,5.62,-5.89,20.46,7.57,5.02,14.72,-,4.06,10.96,-,21.2,33.4,-,91.6,22.0
PM,22.06.30,2022,FY3Q,5.83,-5.83,20.52,8.09,5.0,16.85,-,4.81,12.2,-,21.9,33.5,-,89.4,22.0
PM,22.03.31,2022,FY2Q,5.78,-6.52,20.37,8.16,4.95,16.14,-,4.61,11.51,-,21.8,32.1,-,91.7,21.0
PM,21.12.31,2022,FY1Q,5.83,-6.49,20.17,7.69,4.9,16.24,-,4.71,12.36,-,22.3,31.4,-,92.0,21.0
RTX,25.09.30,2025,FY4Q,4.87,48.2,64.24,5.95,2.62,33.98,3.47,2.61,28.13,10.6,4.0,15.5,158.5,107.3,5.0
RTX,25.06.30,2025,FY3Q,4.55,46.71,62.58,4.38,2.57,31.74,3.13,2.33,33.36,10.0,3.7,15.0,164.9,100.6,4.0
RTX,25.03.31,2025,FY2Q,3.41,46.18,61.36,6.1,2.52,38.36,2.87,2.16,21.73,7.6,2.8,12.7,165.0,100.6,4.0
RTX,24.12.31,2025,FY1Q,3.55,45.16,60.61,5.37,2.48,32.26,2.56,1.91,21.51,7.9,2.9,12.5,167.7,99.3,4.0
RTX,24.09.30,2024,FY4Q,3.47,45.94,59.42,7.75,2.44,34.16,2.64,2.04,15.63,7.9,2.9,12.0,166.8,99.1,4.0
RTX,24.06.30,2024,FY3Q,1.7,44.37,54.47,8.35,2.4,59.01,2.26,1.84,12.02,3.6,1.4,6.8,170.4,99.3,2.0
RTX,24.03.31,2024,FY2Q,2.52,45.59,53.52,6.85,2.36,37.21,2.14,1.82,14.24,5.3,2.2,8.5,162.1,106.7,2.0
RTX,23.12.31,2024,FY1Q,2.23,41.93,48.33,5.53,2.32,37.87,2.02,1.76,15.35,4.7,2.0,8.4,167.9,103.5,2.0
RTX,23.09.30,2023,FY4Q,2.15,47.82,46.09,5.36,2.28,32.83,1.51,1.56,13.43,4.4,2.0,8.2,131.0,103.4,2.0
RTX,23.06.30,2023,FY3Q,3.77,49.61,48.3,3.6,2.24,25.73,1.98,2.03,27.2,7.7,3.5,13.2,121.5,109.9,5.0
RTX,23.03.31,2023,FY2Q,3.75,49.69,46.81,3.98,2.2,25.9,1.97,2.09,24.61,7.7,3.5,13.2,119.9,113.4,5.0
RTX,22.12.31,2023,FY1Q,3.5,49.23,45.46,4.86,2.16,28.55,2.04,2.21,20.7,7.3,3.3,12.5,116.5,108.5,4.0
RTX,22.09.30,2022,FY4Q,3.0,47.54,44.72,3.83,2.12,27.09,1.72,1.83,21.37,6.2,2.8,11.1,123.2,109.0,4.0
RTX,22.06.30,2022,FY3Q,2.99,47.36,43.9,4.58,2.08,32.0,2.03,2.19,21.0,6.2,2.8,10.8,123.5,109.7,4.0
RTX,22.03.31,2022,FY2Q,2.79,48.56,43.46,4.58,2.04,35.24,2.04,2.28,21.65,5.8,2.6,10.8,117.8,116.2,4.0
RTX,21.12.31,2022,FY1Q,2.56,48.66,42.88,4.71,2.01,33.34,1.76,2.0,18.22,5.4,2.4,10.9,118.7,118.6,4.0
TMO,25.09.27,2025,FY4Q,17.31,134.97,115.7,20.24,1.68,26.68,3.44,4.01,22.91,13.1,6.6,15.6,101.9,149.8,5.0
TMO,25.06.28,2025,FY3Q,17.29,133.63,114.32,20.05,1.64,23.41,3.05,3.57,20.34,13.3,6.6,15.7,100.5,193.3,5.0
TMO,25.03.29,2025,FY2Q,17.05,130.66,113.49,21.53,1.6,28.96,3.82,4.4,23.18,13.3,6.6,15.8,100.6,177.5,6.0
TMO,24.12.31,2025,FY1Q,16.53,129.8,112.25,22.69,1.56,31.41,4.01,4.64,22.96,13.2,6.4,16.0,96.3,166.0,5.0
TMO,24.09.28,2024,FY4Q,15.95,128.25,110.92,23.82,1.52,38.25,4.79,5.54,25.79,13.0,6.2,15.7,104.9,162.9,5.0
TMO,24.06.29,2024,FY3Q,16.12,124.17,110.85,24.47,1.48,33.93,4.45,4.99,22.58,13.5,6.4,15.9,107.7,172.5,5.0
TMO,24.03.30,2024,FY2Q,15.59,119.15,111.24,23.37,1.44,36.73,4.87,5.22,24.82,13.3,6.2,15.5,113.3,169.6,5.0
TMO,23.12.31,2024,FY1Q,15.45,121.08,111.03,21.78,1.4,34.21,4.39,4.79,24.4,13.5,6.2,15.2,111.3,175.5,5.0
TMO,23.09.30,2023,FY4Q,15.26,117.43,112.49,21.17,1.35,32.88,4.31,4.5,23.91,13.6,6.2,15.2,114.1,163.1,5.0
TMO,23.07.01,2023,FY4Q,14.63,113.35,112.76,19.93,1.3,35.18,4.6,4.62,26.16,13.2,6.1,14.6,115.0,141.7,6.0
TMO,23.04.01,2023,FY3Q,15.34,109.47,113.49,19.9,1.25,36.88,5.26,5.07,28.92,14.0,6.5,15.3,123.9,127.2,8.0
TMO,22.12.31,2023,FY1Q,17.63,112.19,114.58,23.35,1.2,31.08,4.91,4.81,23.59,16.3,7.5,17.3,120.8,148.3,12.0
TMO,22.10.01,2023,FY1Q,17.79,111.09,112.67,20.72,1.16,28.26,4.56,4.5,24.46,16.8,7.6,17.1,107.8,173.6,15.0
TMO,22.07.02,2022,FY4Q,18.79,107.89,109.24,22.54,1.12,28.85,5.08,5.01,24.29,18.3,8.5,19.4,114.0,164.6,17.0
TMO,22.04.02,2022,FY3Q,19.18,104.48,104.91,24.33,1.08,30.48,5.66,5.64,24.3,19.3,9.2,21.5,126.3,155.6,18.0
TMO,21.12.31,2022,FY1Q,19.46,103.54,99.52,23.63,1.04,34.04,6.45,6.71,28.24,20.4,10.2,24.6,133.0,149.7,19.0
TMO,21.10.02,2022,FY1Q,21.53,98.25,99.14,25.87,1.0,26.31,5.82,5.77,22.1,23.6,12.4,31.1,90.1,318.9,20.0
TMUS,25.09.30,2025,FY4Q,10.39,53.82,76.39,23.89,3.52,22.7,4.46,3.14,10.04,19.4,5.6,10.4,259.1,89.3,5.0
TMUS,25.06.30,2025,FY3Q,10.59,53.95,74.2,22.54,3.29,22.15,4.43,3.22,10.6,19.7,5.8,10.8,248.0,121.1,6.0
TMUS,25.03.31,2025,FY2Q,10.24,53.58,72.5,21.09,3.06,25.55,4.98,3.68,12.66,19.1,5.7,10.6,251.3,116.1,5.0
TMUS,24.12.31,2025,FY1Q,9.66,52.81,69.62,19.07,2.83,22.59,4.15,3.15,11.49,18.1,5.4,10.2,236.9,91.2,5.0
TMUS,24.09.30,2024,FY4Q,8.77,55.06,68.56,18.51,2.6,23.21,3.75,3.01,11.15,16.4,5.0,9.5,228.0,107.5,5.0
TMUS,24.06.30,2024,FY3Q,7.98,53.53,67.6,17.74,1.95,21.84,3.3,2.61,9.95,14.9,4.6,8.8,233.0,83.8,5.0
TMUS,24.03.31,2024,FY2Q,7.35,52.37,66.25,16.53,1.3,22.14,3.12,2.47,9.89,13.6,4.2,8.3,232.3,93.8,4.0
TMUS,23.12.31,2024,FY1Q,6.93,54.61,66.29,15.66,0.65,22.29,2.87,2.36,9.99,12.7,4.0,8.0,220.9,90.9,4.0
TMUS,23.09.30,2023,FY4Q,6.44,55.23,66.89,15.4,0.0,21.18,2.55,2.1,9.14,11.7,3.7,7.6,222.4,86.0,4.0
TMUS,23.06.30,2023,FY3Q,5.02,55.11,65.86,14.36,0.0,27.12,2.54,2.12,9.73,9.0,2.9,6.3,220.3,82.4,3.0
TMUS,23.03.31,2023,FY2Q,3.07,54.87,64.84,13.93,0.0,46.27,2.64,2.23,10.4,5.5,1.8,4.5,214.0,79.2,2.0
TMUS,22.12.31,2023,FY1Q,2.06,55.74,63.67,13.43,0.0,67.25,2.5,2.19,10.38,3.7,1.2,3.6,203.4,77.1,2.0
TMUS,22.09.30,2022,FY4Q,1.22,55.95,63.87,12.32,0.0,109.61,2.4,2.1,10.89,2.2,0.7,2.7,204.3,81.3,1.0
TMUS,22.06.30,2022,FY3Q,1.37,55.85,63.98,11.59,0.0,98.17,2.41,2.1,11.61,2.5,0.8,2.8,199.1,84.7,1.0
TMUS,22.03.31,2022,FY2Q,2.24,55.96,64.36,11.28,0.0,57.19,2.29,1.99,11.37,4.1,1.4,3.6,201.0,81.5,2.0
TMUS,21.12.31,2022,FY1Q,2.41,55.41,64.24,11.16,0.0,47.91,2.1,1.81,10.41,4.5,1.5,3.7,198.9,88.9,2.0
AMAT,25.07.27,2025,FY4Q,8.39,24.44,35.86,9.66,1.66,21.81,7.64,5.21,19.34,35.9,20.2,42.3,75.4,250.1,33.0
AMAT,25.04.27,2025,FY3Q,8.22,23.44,34.72,9.22,1.6,18.22,6.49,4.38,16.51,35.8,20.0,40.8,77.4,246.5,32.0
AMAT,25.01.26,2025,FY2Q,7.65,22.88,33.95,8.94,1.52,23.96,8.16,5.5,20.88,34.0,19.0,40.2,79.0,267.5,32.0
AMAT,24.10.27,2025,FY1Q,8.61,22.98,32.86,10.49,1.44,21.43,8.09,5.66,17.72,39.1,21.8,42.4,81.1,250.6,32.0
AMAT,24.07.28,2024,FY4Q,8.9,22.81,32.51,9.27,1.36,22.95,9.07,6.37,22.33,42.1,23.3,44.5,78.6,286.0,33.0
AMAT,24.04.28,2024,FY3Q,8.7,21.93,31.93,9.46,1.28,23.13,9.29,6.38,21.51,43.6,23.4,45.2,75.6,279.9,32.0
AMAT,24.01.28,2024,FY2Q,8.5,20.97,31.87,10.54,1.22,19.38,7.96,5.24,15.84,45.4,23.5,44.9,81.0,271.1,32.0
AMAT,23.10.29,2024,FY1Q,8.11,19.46,31.57,10.36,1.16,16.02,6.72,4.14,12.62,46.5,23.2,43.2,88.0,259.7,32.0
AMAT,23.07.30,2023,FY4Q,7.58,18.01,31.67,9.55,1.1,19.8,8.45,4.81,15.94,47.0,22.6,42.0,101.5,229.6,32.0
AMAT,23.04.30,2023,FY3Q,7.58,16.76,31.6,8.17,1.04,14.72,6.76,3.59,13.87,50.1,23.6,42.3,105.9,225.8,33.0
AMAT,23.01.29,2023,FY2Q,7.46,15.88,31.07,5.93,1.02,14.72,7.08,3.62,18.95,52.4,24.3,43.3,108.3,230.6,34.0
AMAT,22.10.30,2023,FY1Q,7.44,14.0,29.6,6.2,1.0,11.83,6.33,2.99,14.3,54.7,25.2,44.9,119.2,215.8,34.0
AMAT,22.07.31,2022,FY4Q,7.47,13.97,29.12,6.59,0.98,13.87,7.64,3.67,16.2,55.6,25.8,46.9,116.7,225.9,34.0
AMAT,22.05.01,2022,FY3Q,7.49,13.19,28.29,6.73,0.96,14.43,8.42,3.93,16.5,56.6,26.7,49.5,119.9,229.2,-
AMAT,22.01.30,2022,FY2Q,7.18,13.38,27.19,7.51,0.94,17.97,9.9,4.87,17.62,54.4,26.2,49.5,113.9,250.8,-
AMAT,21.10.31,2022,FY1Q,6.4,13.46,25.34,5.98,0.92,20.96,10.08,5.35,22.67,49.3,24.1,46.2,110.9,253.9,-
C,25.09.30,2025,FY4Q,7.11,117.03,46.66,-38.12,2.28,12.72,0.88,2.2,-2.69,6.9,0.6,0.7,1140.1,-,-
C,25.06.30,2025,FY3Q,6.76,114.89,44.75,-46.97,2.24,11.21,0.75,1.91,-1.82,6.7,0.6,0.7,1129.6,-,-
C,25.03.31,2025,FY2Q,6.32,113.04,43.33,-35.95,2.21,10.0,0.63,1.64,-1.98,6.4,0.5,0.6,1110.2,-,-
C,24.12.31,2025,FY1Q,5.94,109.71,42.67,-10.34,2.18,10.5,0.64,1.64,-6.77,6.1,0.5,0.6,1027.6,-,-
C,24.09.30,2024,FY4Q,3.51,110.05,41.42,-25.86,2.15,14.95,0.57,1.52,-2.43,3.9,0.3,0.4,1062.1,-,-
C,24.06.30,2024,FY3Q,3.63,109.19,41.22,-8.73,2.12,14.59,0.58,1.54,-7.26,4.0,0.3,0.4,1054.5,-,-
C,24.03.31,2024,FY2Q,3.44,108.14,40.85,-28.14,2.1,15.12,0.59,1.55,-2.25,3.9,0.3,0.4,1077.1,-,-
C,23.12.31,2024,FY1Q,4.04,106.45,40.65,-38.04,2.08,10.67,0.48,1.26,-1.34,4.4,0.4,0.5,1073.5,-,-
C,23.09.30,2023,FY4Q,6.31,108.87,41.07,-29.07,2.06,5.83,0.38,1.0,-1.42,6.6,0.6,0.7,1030.2,-,-
C,23.06.30,2023,FY3Q,6.31,107.43,39.84,-37.94,2.04,6.63,0.43,1.16,-1.22,6.6,0.6,0.7,1060.9,-,-
C,23.03.31,2023,FY2Q,7.17,107.18,39.93,1.97,2.04,6.02,0.44,1.18,23.79,7.5,0.6,0.7,1078.3,-,-
C,22.12.31,2023,FY1Q,7.0,103.35,38.7,12.88,2.04,5.9,0.44,1.16,3.49,7.5,0.6,0.7,1100.9,-,-
C,22.09.30,2022,FY4Q,7.33,102.52,38.39,0.08,2.04,5.21,0.41,1.09,501.26,7.8,0.7,0.8,1098.9,-,-
C,22.06.30,2022,FY3Q,7.85,102.51,37.75,19.45,2.04,5.36,0.45,1.22,2.36,8.3,0.7,0.8,1096.0,-,-
C,22.03.31,2022,FY2Q,8.51,100.27,36.21,7.43,2.04,5.78,0.54,1.48,7.22,9.1,0.8,0.9,1110.6,-,-
C,21.12.31,2022,FY1Q,10.14,99.35,35.36,23.16,2.04,5.46,0.59,1.67,2.54,10.9,0.9,1.1,1034.2,-,-
DIS,25.06.28,2025,FY3Q,6.39,60.67,52.55,10.64,1.45,19.04,2.02,2.33,11.49,11.1,5.9,13.3,75.9,72.2,9.0
DIS,25.03.29,2025,FY2Q,4.9,57.71,52.01,10.0,0.95,19.9,1.7,1.89,9.81,8.7,4.5,13.7,83.4,66.8,8.0
DIS,24.12.28,2025,FY1Q,3.08,56.25,51.05,8.27,0.95,35.98,1.98,2.18,13.48,5.6,2.9,10.7,88.6,67.9,7.0
DIS,24.09.28,2024,FY4Q,2.72,55.18,50.06,7.66,0.75,35.02,1.73,1.91,12.46,5.0,2.5,9.5,90.1,73.0,7.0
DIS,24.06.29,2024,FY3Q,2.61,55.26,49.44,7.28,0.3,37.9,1.8,2.01,13.66,4.8,2.4,9.1,91.9,71.6,7.0
DIS,24.03.30,2024,FY2Q,0.93,54.12,48.64,7.34,0.3,132.42,2.26,2.52,16.68,1.7,0.8,5.1,92.0,74.9,4.0
DIS,23.12.30,2024,FY1Q,1.63,54.98,48.55,7.11,0.3,55.35,1.64,1.86,12.69,3.0,1.5,6.9,91.6,83.7,5.0
DIS,23.09.30,2023,FY4Q,1.29,54.31,48.63,5.4,0.0,63.0,1.49,1.67,15.03,2.4,1.2,5.8,102.4,105.2,4.0
DIS,23.07.01,2023,FY4Q,1.23,53.37,48.01,4.15,0.0,72.44,1.67,1.86,21.5,2.3,1.1,5.6,104.2,106.9,4.0
DIS,23.04.01,2023,FY3Q,2.25,53.53,47.58,3.67,0.0,44.39,1.87,2.1,27.27,4.3,2.0,8.5,105.6,100.7,5.0
DIS,22.12.31,2023,FY1Q,1.82,52.68,46.26,2.87,0.0,47.72,1.65,1.88,30.25,3.5,1.6,7.5,106.1,99.4,5.0
DIS,22.10.01,2023,FY1Q,1.72,52.15,45.4,3.3,0.0,54.68,1.81,2.08,28.61,3.4,1.5,7.4,110.3,100.1,5.0
DIS,22.07.02,2022,FY4Q,1.72,50.74,44.49,3.36,0.0,55.73,1.89,2.16,28.61,3.5,1.5,7.1,116.4,102.3,5.0
DIS,22.04.02,2022,FY3Q,1.45,49.75,42.06,3.11,0.0,94.09,2.75,3.26,44.08,3.0,1.3,5.7,118.9,106.2,4.0
DIS,22.01.01,2022,FY2Q,1.68,49.4,40.13,2.9,0.0,91.35,3.13,3.86,53.3,3.5,1.5,5.6,121.3,109.6,4.0
DIS,21.10.02,2022,FY1Q,1.09,48.76,37.12,3.07,0.0,160.32,3.61,4.74,57.45,2.3,1.0,3.8,124.9,108.3,2.0
INTC,25.09.27,2025,FY4Q,0.03,23.57,11.84,1.9,0.0,784.77,1.46,2.91,18.12,0.2,0.1,-0.8,82.5,160.2,1.0
INTC,25.06.28,2025,FY3Q,-4.75,22.4,12.15,2.31,0.13,-4.83,1.01,1.87,9.82,-20.7,-10.6,-6.4,88.6,124.0,-45.0
INTC,25.03.29,2025,FY2Q,-4.46,22.97,12.21,2.38,0.25,-5.12,0.99,1.85,9.52,-18.6,-9.7,-6.0,86.0,131.0,-119.0
INTC,24.12.28,2025,FY1Q,-4.38,23.19,12.41,1.94,0.38,-4.67,0.88,1.65,10.56,-17.9,-9.5,-6.2,92.1,132.7,52.0
INTC,24.09.28,2024,FY4Q,-3.72,23.19,12.64,2.27,0.5,-6.41,1.03,1.89,10.49,-15.0,-8.1,-5.1,89.1,131.2,20.0
INTC,24.06.29,2024,FY3Q,0.23,27.01,12.92,2.7,0.5,135.22,1.14,2.39,11.45,0.9,0.5,-0.2,74.4,158.7,1.0
INTC,24.03.30,2024,FY2Q,0.96,24.98,13.02,2.84,0.5,45.93,1.76,3.38,15.52,3.9,2.1,0.4,77.4,156.6,-1.0
INTC,23.12.30,2024,FY1Q,0.4,25.2,12.94,2.74,0.74,125.43,2.01,3.91,18.47,1.7,0.9,0.1,77.3,154.2,0.0
INTC,23.09.30,2023,FY4Q,-0.4,24.23,12.58,3.46,0.98,-90.56,1.46,2.82,10.23,-1.6,-0.9,-2.1,81.7,153.1,5.0
INTC,23.07.01,2023,FY4Q,-0.22,24.16,12.92,2.33,1.22,-151.28,1.38,2.58,14.3,-0.9,-0.5,-2.3,80.3,159.5,6.0
INTC,23.04.01,2023,FY3Q,-0.68,23.61,13.58,1.87,1.46,-47.31,1.38,2.4,17.42,-2.9,-1.6,-2.2,86.6,176.4,11.0
INTC,22.12.31,2023,FY1Q,1.94,24.69,15.35,3.76,1.46,13.61,1.08,1.73,7.07,7.9,4.6,4.6,77.7,156.8,-2.0
INTC,22.10.01,2023,FY1Q,3.25,24.26,16.89,3.19,1.44,7.96,1.06,1.52,8.06,13.3,7.7,9.0,75.0,177.1,-10.0
INTC,22.07.02,2022,FY4Q,4.67,24.69,17.9,5.37,1.43,7.78,1.47,2.03,6.75,19.6,11.2,14.4,68.4,185.9,-21.0
INTC,22.04.02,2022,FY3Q,6.02,25.29,19.05,7.35,1.41,7.96,1.9,2.52,6.53,26.3,14.8,19.6,71.0,213.4,-30.0
INTC,21.12.25,2022,FY1Q,4.86,23.5,19.47,7.26,1.39,10.5,2.19,2.64,7.08,22.7,12.4,16.9,76.5,213.2,40.0
INTU,25.07.31,2025,FY4Q,13.67,70.39,67.25,22.17,4.16,56.61,11.11,11.63,35.28,20.4,11.2,52.5,87.5,136.0,20.0
INTU,25.04.30,2025,FY3Q,12.31,71.88,64.94,22.3,4.02,50.58,8.72,9.65,28.1,18.6,10.4,51.4,81.8,144.7,18.0
INTU,25.01.31,2025,FY2Q,10.71,64.1,61.31,20.71,3.88,55.46,9.39,9.81,29.05,16.6,9.4,46.3,76.5,127.2,16.0
INTU,24.10.31,2025,FY1Q,10.29,64.77,59.25,19.08,3.74,58.6,9.43,10.31,32.02,16.2,9.2,45.0,83.0,124.4,15.0
INTU,24.07.31,2024,FY4Q,10.43,65.84,58.16,17.44,3.6,61.08,9.82,11.11,37.05,16.7,9.7,46.9,74.3,129.2,15.0
INTU,24.04.30,2024,FY3Q,10.83,66.99,56.48,18.96,3.48,57.02,9.34,11.08,32.99,17.6,10.5,49.1,68.3,149.9,15.0
INTU,24.01.31,2024,FY2Q,9.79,60.39,53.91,17.68,3.36,63.8,10.45,11.71,35.7,16.1,9.6,45.5,75.6,117.4,14.0
INTU,23.10.31,2024,FY1Q,9.14,60.69,52.68,16.5,3.24,53.66,8.16,9.41,30.02,15.3,9.2,43.6,67.7,124.7,13.0
INTU,23.07.31,2023,FY4Q,8.42,61.46,51.13,17.96,3.12,60.11,8.3,9.97,28.4,14.3,8.6,39.9,60.9,146.6,13.0
INTU,23.04.30,2023,FY3Q,7.92,62.61,50.07,16.17,3.02,55.63,7.08,8.85,27.42,13.6,8.1,37.8,64.4,150.6,14.0
INTU,23.01.31,2023,FY2Q,6.82,56.38,48.7,15.2,2.92,61.02,7.5,8.68,27.8,11.9,7.0,32.7,71.7,123.1,16.0
INTU,22.10.31,2023,FY1Q,6.57,57.18,47.39,14.49,2.82,64.16,7.5,9.05,29.59,11.5,6.9,30.4,68.6,137.0,20.0
INTU,22.07.31,2022,FY4Q,7.28,58.72,45.45,13.89,2.72,62.28,7.83,10.11,33.09,14.1,8.5,38.4,68.7,139.0,32.0
INTU,22.04.30,2022,FY3Q,8.81,60.15,45.65,14.51,2.63,47.33,6.98,9.2,28.94,19.2,11.7,53.5,68.1,163.1,54.0
INTU,22.01.31,2022,FY2Q,7.83,55.11,40.33,11.15,2.54,72.39,10.08,13.78,49.82,19.2,12.0,56.0,68.7,117.6,61.0
INTU,21.10.31,2022,FY1Q,7.55,35.65,37.79,12.27,2.45,81.72,17.56,16.57,51.03,21.8,13.8,72.4,52.8,209.9,89.0
ISRG,25.09.30,2025,FY4Q,7.57,47.48,26.96,8.3,0.0,58.37,9.47,16.68,54.15,16.1,14.2,22.8,13.6,472.8,-
ISRG,25.06.30,2025,FY3Q,7.18,49.78,25.51,7.88,0.0,74.69,10.91,21.3,68.92,15.6,13.7,21.8,12.4,516.7,-
ISRG,25.03.31,2025,FY2Q,6.83,47.85,24.38,7.64,0.0,71.34,10.33,20.27,64.68,15.5,13.7,21.6,11.8,497.9,-
ISRG,24.12.31,2025,FY1Q,6.42,46.27,23.51,6.8,0.0,80.05,11.31,22.26,76.98,15.3,13.5,22.0,13.5,407.4,-
ISRG,24.09.30,2024,FY4Q,6.22,43.8,22.11,5.12,0.0,77.83,11.2,22.19,95.88,15.6,13.7,21.3,13.3,430.3,-
ISRG,24.06.30,2024,FY3Q,5.82,41.43,21.33,4.68,0.0,75.37,10.73,20.84,94.91,15.4,13.4,22.0,12.6,514.6,-
ISRG,24.03.31,2024,FY2Q,5.54,39.5,20.7,4.83,0.0,70.74,10.07,19.21,82.33,15.4,13.3,22.2,12.8,555.1,-
ISRG,23.12.31,2024,FY1Q,5.03,37.89,20.29,5.16,0.0,66.06,8.93,16.67,65.48,14.7,12.6,22.2,15.4,475.6,-
ISRG,23.09.30,2023,FY4Q,4.25,35.65,19.48,5.75,0.0,67.71,8.19,14.99,50.75,13.0,11.1,21.4,16.7,531.1,-
ISRG,23.06.30,2023,FY3Q,3.99,33.85,18.99,5.3,0.0,84.08,10.09,17.98,64.48,12.5,10.7,19.5,16.4,522.1,-
ISRG,23.03.31,2023,FY2Q,3.66,32.03,18.36,4.68,0.0,68.23,7.98,13.92,54.61,11.5,9.9,17.4,15.7,526.0,-
ISRG,22.12.31,2023,FY1Q,3.65,31.04,17.49,4.19,0.0,70.92,8.49,15.07,62.9,11.3,9.9,16.4,16.9,439.7,-
ISRG,22.09.30,2022,FY4Q,3.78,32.41,17.22,4.56,0.0,48.58,5.81,10.94,41.3,11.6,10.2,16.6,14.6,510.2,-
ISRG,22.06.30,2022,FY3Q,3.92,33.57,16.65,4.86,0.0,50.22,5.99,12.08,41.43,12.1,10.7,17.0,13.5,535.5,-
ISRG,22.03.31,2022,FY2Q,4.49,33.77,16.48,5.12,0.0,65.65,8.92,18.28,58.82,14.2,12.5,18.7,12.6,521.8,-
ISRG,21.12.31,2022,FY1Q,4.66,33.42,16.04,5.87,0.0,75.3,10.79,22.48,61.43,15.4,13.5,20.3,13.5,508.3,-
LIN,25.09.30,2025,FY4Q,14.94,82.37,71.47,21.61,5.89,31.4,5.77,6.65,21.99,18.5,8.5,19.0,118.9,82.3,37.0
LIN,25.06.30,2025,FY3Q,14.07,81.8,70.6,21.05,5.78,32.93,5.74,6.65,22.31,17.5,8.1,18.8,119.7,92.6,35.0
LIN,25.03.31,2025,FY2Q,13.78,80.35,69.76,20.35,5.67,33.31,5.79,6.67,22.87,17.2,8.1,19.2,113.7,93.9,34.0
LIN,24.12.31,2025,FY1Q,13.62,79.56,68.94,19.68,5.56,30.37,5.23,6.04,21.16,17.0,8.1,19.6,106.7,89.0,33.0
LIN,24.09.30,2024,FY4Q,13.16,82.01,69.14,19.56,5.45,35.67,5.81,6.9,24.38,16.4,7.9,19.6,107.1,95.8,30.0
LIN,24.06.30,2024,FY3Q,13.13,79.54,68.39,19.02,5.34,32.97,5.53,6.43,23.1,16.4,8.0,20.3,106.5,95.1,34.0
LIN,24.03.31,2024,FY2Q,12.88,80.57,67.98,19.4,5.22,35.44,5.76,6.83,23.91,16.0,7.9,20.6,103.3,91.1,36.0
LIN,23.12.31,2024,FY1Q,12.59,81.36,67.3,19.06,5.11,32.13,5.01,6.06,21.4,15.6,7.8,20.9,100.0,80.3,40.0
LIN,23.09.30,2023,FY4Q,12.09,79.85,66.62,17.8,5.0,30.36,4.67,5.6,20.95,15.1,7.6,20.5,96.6,82.9,48.0
LIN,23.06.30,2023,FY3Q,11.44,81.52,67.59,17.95,4.89,32.82,4.68,5.65,21.26,14.5,7.3,20.1,93.9,78.4,53.0
LIN,23.03.31,2023,FY2Q,8.99,81.27,67.8,17.84,4.79,38.97,4.38,5.25,19.94,11.4,5.8,16.7,97.5,72.6,65.0
LIN,22.12.31,2023,FY1Q,8.23,80.1,66.76,17.74,4.68,38.89,4.03,4.83,18.19,10.3,5.3,15.2,95.6,79.2,86.0
LIN,22.09.30,2022,FY4Q,7.57,75.68,67.91,20.12,4.57,34.94,3.57,3.98,13.43,9.4,4.9,14.2,94.0,74.4,81.0
LIN,22.06.30,2022,FY3Q,6.91,79.18,65.13,19.8,4.46,40.75,3.65,4.43,14.58,8.3,4.4,12.7,92.9,73.7,89.0
LIN,22.03.31,2022,FY2Q,7.77,84.71,62.63,18.96,4.35,40.35,3.78,5.11,16.87,9.1,4.8,13.7,89.3,84.5,80.0
LIN,21.12.31,2022,FY1Q,7.33,85.19,59.57,18.81,4.24,46.41,4.03,5.77,18.26,8.5,4.6,13.1,82.1,74.5,65.0
NOW,25.09.30,2025,FY4Q,8.28,54.43,61.01,23.32,0.0,110.58,16.94,15.11,39.54,16.5,8.1,20.4,92.8,106.3,-
NOW,25.06.30,2025,FY3Q,7.95,52.77,58.2,22.68,0.0,128.12,19.47,17.65,45.29,16.6,8.1,19.1,101.7,109.2,-
NOW,25.03.31,2025,FY2Q,7.37,49.02,55.45,22.26,0.0,106.64,16.18,14.3,35.63,16.3,7.9,18.3,106.8,112.3,-
NOW,24.12.31,2025,FY1Q,6.84,46.68,53.36,20.73,0.0,153.25,22.73,19.88,51.18,16.0,7.6,17.4,112.1,109.9,-
NOW,24.09.30,2024,FY4Q,6.42,45.06,50.76,20.55,0.0,137.91,19.83,17.61,43.48,15.9,7.5,16.9,98.4,113.4,-
NOW,24.06.30,2024,FY3Q,5.52,42.14,48.41,18.85,0.0,140.72,18.61,16.2,41.6,14.5,6.7,15.1,110.1,111.8,-
NOW,24.03.31,2024,FY2Q,9.34,39.53,46.21,18.71,0.0,81.06,19.28,16.49,40.73,25.8,11.9,13.8,116.4,104.8,-
NOW,23.12.31,2024,FY1Q,8.42,37.37,43.95,16.65,0.0,83.67,18.99,16.14,42.62,25.3,11.3,11.8,127.9,105.6,-
NOW,23.09.30,2023,FY4Q,7.72,35.13,41.45,14.45,0.0,71.9,15.88,13.46,38.59,25.6,11.1,10.5,110.1,107.9,-
NOW,23.06.30,2023,FY3Q,6.94,33.95,39.3,14.26,0.0,80.51,16.55,14.3,39.41,25.8,10.8,8.8,115.5,114.5,-
NOW,23.03.31,2023,FY2Q,1.96,27.53,37.46,13.58,0.0,235.85,16.85,12.38,34.16,8.3,3.3,7.6,143.1,116.9,-
NOW,22.12.31,2023,FY1Q,1.6,24.98,35.97,13.52,0.0,241.33,15.59,10.83,28.8,7.3,2.8,6.6,164.3,110.8,-
NOW,22.09.30,2022,FY4Q,0.99,22.39,34.25,11.9,0.0,379.49,16.86,11.02,31.72,4.9,1.8,4.0,145.5,123.6,-11.0
NOW,22.06.30,2022,FY3Q,0.91,20.87,32.84,12.24,0.0,516.87,22.68,14.41,38.66,4.8,1.7,3.7,164.7,112.4,-16.0
NOW,22.03.31,2022,FY2Q,1.1,19.98,31.27,11.63,0.0,499.45,27.87,17.8,47.86,6.2,2.2,4.4,175.0,112.2,-35.0
NOW,21.12.31,2022,FY1Q,1.13,18.65,29.76,11.06,0.0,561.62,34.96,21.91,58.96,6.8,2.4,4.9,192.2,105.5,-
PEP,25.09.06,2025,FY4Q,5.26,14.16,67.47,8.59,5.56,27.75,10.34,2.17,17.05,38.9,7.0,13.0,448.8,91.2,10.0
PEP,25.06.14,2025,FY3Q,5.49,13.43,66.92,8.89,5.49,23.76,9.74,1.96,14.72,40.6,7.4,13.8,471.2,77.5,10.0
PEP,25.03.22,2025,FY2Q,6.8,13.4,66.71,9.17,5.42,21.29,10.85,2.18,15.86,49.8,9.3,17.0,452.5,83.4,13.0
PEP,24.12.28,2025,FY1Q,6.95,13.14,66.9,9.11,5.33,21.9,11.63,2.28,16.77,50.4,9.6,17.3,450.6,81.9,14.0
PEP,24.09.07,2024,FY4Q,6.78,14.17,66.95,8.76,5.24,26.03,12.52,2.65,20.25,49.0,9.3,16.9,415.9,88.6,14.0
PEP,24.06.15,2024,FY3Q,6.89,14.14,66.95,9.26,5.15,23.66,11.58,2.45,17.68,50.2,9.5,17.5,411.2,82.5,15.0
PEP,24.03.23,2024,FY2Q,6.65,13.85,66.82,9.3,5.06,25.74,12.41,2.57,18.48,49.6,9.3,17.2,424.5,86.0,15.0
PEP,23.12.30,2024,FY1Q,6.56,13.45,66.48,9.77,4.95,25.73,12.62,2.55,17.37,50.4,9.3,17.4,442.4,85.2,15.0
PEP,23.09.09,2023,FY4Q,6.01,13.67,66.58,8.82,4.83,29.27,12.9,2.65,20.0,46.9,8.7,16.3,430.6,87.7,13.0
PEP,23.06.17,2023,FY3Q,5.72,12.83,65.41,7.95,4.72,32.44,14.49,2.84,23.41,44.6,8.4,15.4,441.5,84.3,12.0
PEP,23.03.25,2023,FY2Q,4.76,12.37,63.89,7.69,4.6,37.48,14.47,2.8,23.28,36.7,7.1,13.3,445.2,86.8,10.0
PEP,22.12.31,2023,FY1Q,6.42,12.43,62.6,7.83,4.53,27.94,14.51,2.88,23.02,48.9,9.6,17.8,436.8,80.4,12.0
PEP,22.09.03,2022,FY4Q,6.99,13.75,60.61,8.18,4.45,24.25,12.41,2.82,20.87,54.1,10.4,20.9,396.9,91.8,7.0
PEP,22.06.11,2022,FY3Q,6.64,13.43,59.23,8.07,4.38,24.33,12.11,2.75,20.14,53.8,9.9,20.8,401.2,83.1,7.0
PEP,22.03.19,2022,FY2Q,7.31,13.16,58.46,8.79,4.3,22.16,12.37,2.79,18.52,62.2,11.0,22.4,410.1,86.5,8.0
PEP,21.12.25,2022,FY1Q,5.49,11.61,57.51,8.41,4.25,30.82,14.63,2.95,20.21,49.8,8.3,17.5,475.1,83.1,6.0
QCOM,25.09.28,2025,FY4Q,5.01,19.35,40.41,12.78,3.48,32.95,8.61,4.12,13.03,21.5,10.3,33.9,136.5,281.6,19.0
QCOM,25.06.29,2025,FY3Q,10.36,24.92,39.61,11.6,3.44,15.04,6.4,4.02,13.75,42.8,21.0,32.1,101.6,319.4,18.0
QCOM,25.03.30,2025,FY2Q,9.81,25.12,38.3,11.63,3.4,15.3,6.09,4.0,13.15,41.8,20.2,31.3,99.7,273.3,17.0
QCOM,24.12.29,2025,FY1Q,9.35,24.22,36.66,12.47,3.35,16.55,6.5,4.29,12.62,41.3,19.5,30.4,106.8,261.9,16.0
QCOM,24.09.29,2024,FY4Q,8.97,23.54,34.91,10.93,3.3,18.69,7.21,4.86,15.53,41.2,19.0,28.8,109.9,240.2,14.0
QCOM,24.06.23,2024,FY3Q,7.72,22.11,33.47,12.23,3.25,27.23,9.61,6.35,17.38,37.2,16.7,25.9,113.8,239.4,13.0
QCOM,24.03.24,2024,FY2Q,7.44,21.91,32.59,11.86,3.2,22.64,7.76,5.21,14.33,37.4,16.3,24.7,117.3,265.0,12.0
QCOM,23.12.24,2024,FY1Q,6.9,20.66,32.52,9.99,3.15,20.57,6.93,4.4,14.32,36.5,15.5,22.6,126.1,255.6,12.0
QCOM,23.09.24,2023,FY4Q,6.42,19.32,32.07,10.12,3.1,16.62,5.57,3.36,10.64,35.8,14.6,20.8,136.5,233.3,11.0
QCOM,23.06.25,2023,FY3Q,7.63,18.54,34.6,7.76,3.05,14.67,6.11,3.28,14.6,44.6,17.5,26.1,137.1,241.9,15.0
QCOM,23.03.26,2023,FY2Q,9.32,17.65,36.8,7.97,3.0,13.2,7.06,3.39,15.64,58.1,21.7,32.5,145.5,242.5,23.0
QCOM,22.12.25,2023,FY1Q,10.37,16.77,38.29,9.03,2.93,10.56,6.61,2.89,12.26,71.1,24.7,38.9,165.9,209.3,28.0
QCOM,22.09.25,2022,FY4Q,11.37,16.04,39.36,8.1,2.86,10.52,7.56,3.08,14.96,88.1,28.3,45.8,172.1,174.7,32.0
QCOM,22.06.26,2022,FY3Q,11.28,14.3,37.56,7.78,2.79,10.89,8.73,3.33,16.06,101.5,29.3,48.4,193.0,160.6,31.0
QCOM,22.03.27,2022,FY2Q,9.76,11.85,34.9,8.18,2.72,15.96,13.36,4.53,19.34,104.3,26.7,45.4,232.4,160.9,23.0
QCOM,21.12.26,2022,FY1Q,8.72,10.08,32.06,8.38,2.69,20.5,18.06,5.68,21.73,108.3,25.0,41.7,277.8,164.8,20.0
T,25.09.30,2025,FY4Q,3.08,15.47,17.4,5.71,1.11,9.11,1.82,1.62,4.94,20.9,5.5,11.2,267.8,101.3,4.0
T,25.06.30,2025,FY3Q,1.76,14.6,17.2,5.68,1.11,16.44,1.98,1.68,5.09,12.2,3.2,8.2,269.9,80.9,3.0
T,25.03.31,2025,FY2Q,1.63,14.38,17.04,5.58,1.11,17.28,1.96,1.65,5.04,11.3,3.0,7.8,267.6,70.4,3.0
T,24.12.31,2025,FY1Q,1.49,14.55,17.05,5.4,1.11,15.2,1.57,1.34,4.21,10.3,2.7,7.4,265.0,66.5,3.0
T,24.09.30,2024,FY4Q,1.23,14.21,16.95,5.31,1.11,17.82,1.54,1.29,4.12,8.5,2.2,6.6,271.1,73.3,3.0
T,24.06.30,2024,FY3Q,1.74,14.64,16.98,5.33,1.11,10.94,1.3,1.12,3.57,12.0,3.1,7.7,264.6,70.4,3.0
T,24.03.31,2024,FY2Q,1.86,14.54,17.01,5.45,1.11,9.39,1.2,1.03,3.21,13.0,3.3,8.0,268.6,67.9,3.0
T,23.12.31,2024,FY1Q,1.97,14.45,17.12,5.36,1.11,8.45,1.16,0.98,3.13,13.9,3.5,8.4,280.4,71.3,3.0
T,23.09.30,2023,FY4Q,-1.48,14.43,16.95,5.18,1.11,-9.33,1.04,0.88,2.88,-11.4,-2.8,-0.3,278.5,68.9,0.0
T,23.06.30,2023,FY3Q,-1.16,14.19,16.91,5.15,1.11,-12.7,1.12,0.94,3.08,-8.5,-2.2,0.4,286.9,67.7,0.0
T,23.03.31,2023,FY2Q,-1.21,13.87,16.9,4.6,1.11,-14.74,1.38,1.13,4.16,-8.5,-2.2,0.2,294.3,51.4,-1.0
T,22.12.31,2023,FY1Q,-1.13,13.68,16.94,4.49,1.35,-15.04,1.35,1.09,4.1,-6.9,-1.9,0.4,304.0,58.9,-1.0
T,22.09.30,2022,FY4Q,2.7,17.11,16.85,4.61,1.6,5.51,0.89,0.91,3.32,13.8,4.0,8.7,234.0,61.8,3.0
T,22.06.30,2022,FY3Q,2.7,16.42,16.99,4.57,1.84,7.61,1.27,1.23,4.58,12.8,3.8,8.5,247.2,70.1,3.0
T,22.03.31,2022,FY2Q,2.36,23.53,17.8,5.26,2.08,9.85,1.0,1.32,4.47,10.4,3.1,7.3,231.1,93.2,4.0
T,21.12.31,2022,FY1Q,2.73,23.29,18.77,5.88,2.08,8.84,1.06,1.31,4.19,12.1,3.6,8.2,221.1,160.8,4.0
UBER,25.09.30,2025,FY4Q,7.77,13.5,23.8,4.3,0.0,12.28,7.26,4.12,22.79,70.6,29.8,19.3,121.5,115.4,10.0
UBER,25.06.30,2025,FY3Q,5.86,10.81,22.63,4.2,0.0,15.45,8.63,4.12,22.2,62.4,24.4,21.5,143.2,111.2,10.0
UBER,25.03.31,2025,FY2Q,5.7,10.5,21.69,3.84,0.0,12.39,6.93,3.35,18.92,69.5,25.5,21.9,136.1,102.0,8.0
UBER,24.12.31,2025,FY1Q,4.56,10.29,21.0,3.41,0.0,12.89,5.89,2.89,17.8,66.0,22.0,16.6,133.4,106.7,5.0
UBER,24.09.30,2024,FY4Q,2.02,7.03,19.96,2.95,0.0,35.87,10.68,3.76,25.43,35.6,10.5,20.7,206.9,141.5,5.0
UBER,24.06.30,2024,FY3Q,0.92,5.9,19.15,2.4,0.0,75.52,12.3,3.79,30.22,18.3,5.2,11.9,224.5,121.0,3.0
UBER,24.03.31,2024,FY2Q,0.63,5.32,18.57,2.11,0.0,115.01,14.46,4.14,36.38,13.8,3.7,10.0,245.1,120.8,3.0
UBER,23.12.31,2024,FY1Q,0.87,5.53,18.31,1.76,0.0,67.15,11.26,3.4,35.34,20.5,5.3,13.5,231.3,119.5,2.0
UBER,23.09.30,2023,FY4Q,0.52,4.58,17.58,1.23,0.0,89.25,10.04,2.61,37.32,12.8,3.1,9.0,271.7,113.5,1.0
UBER,23.06.30,2023,FY3Q,-0.19,4.28,17.27,0.98,0.0,-233.61,10.08,2.5,44.04,-5.0,-1.2,1.9,279.8,123.5,-1.0
UBER,23.03.31,2023,FY2Q,-1.7,3.74,16.84,0.61,0.0,-18.91,8.49,1.88,51.67,-48.6,-10.6,-16.4,316.7,105.9,-3.0
UBER,22.12.31,2023,FY1Q,-4.65,3.72,16.16,0.33,0.0,-5.4,6.72,1.55,76.83,-125.4,-28.8,-54.9,321.6,104.5,-3.0
UBER,22.09.30,2022,FY4Q,-4.52,3.16,14.68,0.39,0.0,-5.93,8.4,1.81,67.35,-97.5,-26.5,-49.7,379.6,103.9,-4.0
UBER,22.06.30,2022,FY3Q,-5.19,3.39,13.01,0.49,0.0,-3.99,6.03,1.57,41.81,-91.6,-28.9,-51.8,352.1,97.8,-4.0
UBER,22.03.31,2022,FY2Q,-3.28,4.56,10.96,0.09,0.0,-11.04,7.82,3.26,385.28,-49.1,-17.5,-31.6,257.9,100.2,-6.0
UBER,21.12.31,2022,FY1Q,-0.29,7.64,9.22,-0.24,0.0,-164.01,5.63,4.66,-182.81,-3.5,-1.4,-2.2,162.0,97.7,-8.0
ABBV,25.09.30,2025,FY4Q,1.32,-1.49,33.72,11.79,6.47,171.29,-,6.86,19.61,497.5,1.8,6.3,-,72.5,4.0
ABBV,25.06.30,2025,FY3Q,2.1,-0.1,32.99,10.91,6.38,87.13,-,5.62,17.0,142.1,2.7,8.4,-,73.6,4.0
ABBV,25.03.31,2025,FY2Q,2.35,0.8,32.45,9.28,6.29,88.17,260.48,6.45,22.55,95.6,3.0,9.2,9486.1,76.0,4.0
ABBV,24.12.31,2025,FY1Q,2.39,1.88,31.85,10.63,6.2,73.4,94.44,5.57,16.7,70.9,3.0,9.1,3963.8,66.0,4.0
ABBV,24.09.30,2024,FY4Q,2.88,3.41,31.39,9.33,6.13,68.1,57.83,6.28,21.13,65.7,3.6,14.6,2277.0,64.5,7.0
ABBV,24.06.30,2024,FY3Q,3.0,3.83,31.11,10.54,6.06,56.73,44.69,5.51,16.25,57.3,3.8,14.3,1993.4,80.7,7.0
ABBV,24.03.31,2024,FY2Q,3.37,4.53,30.75,12.82,5.99,53.68,40.17,5.91,14.18,55.3,4.3,15.2,1758.8,93.6,8.0
ABBV,23.12.31,2024,FY1Q,2.72,5.86,30.72,12.92,5.92,56.26,26.41,5.04,11.98,40.0,3.6,13.2,1199.9,87.2,8.0
ABBV,23.09.30,2023,FY4Q,3.66,6.84,31.2,14.44,5.85,40.39,21.75,4.77,10.31,47.0,4.8,15.8,1026.1,95.5,8.0
ABBV,23.06.30,2023,FY3Q,4.87,7.28,31.71,14.46,5.78,27.37,18.48,4.24,9.31,58.5,6.3,19.3,951.9,89.5,9.0
ABBV,23.03.31,2023,FY2Q,4.24,7.5,32.06,13.69,5.71,37.18,21.24,4.97,11.64,49.6,5.4,16.6,913.4,96.0,8.0
ABBV,22.12.31,2023,FY1Q,6.63,9.74,32.78,14.08,5.64,24.15,16.57,4.92,11.46,73.8,8.4,22.9,704.3,96.4,9.0
ABBV,22.09.30,2022,FY4Q,7.49,9.03,32.65,12.76,5.53,17.7,14.84,4.1,10.5,86.0,9.3,24.4,783.4,92.8,8.0
ABBV,22.06.30,2022,FY3Q,7.06,8.28,32.4,12.95,5.42,21.42,18.47,4.72,11.81,84.4,8.7,22.5,876.9,84.4,8.0
ABBV,22.03.31,2022,FY2Q,6.97,9.19,32.03,12.88,5.31,22.98,17.61,5.06,12.57,86.3,8.5,21.6,779.3,81.5,8.0
ABBV,21.12.31,2022,FY1Q,6.45,8.71,31.75,12.87,5.2,20.74,15.54,4.26,10.51,83.6,7.8,19.8,850.8,79.4,8.0
AMD,25.09.27,2025,FY4Q,2.02,37.39,19.7,3.94,0.0,78.28,4.26,8.08,40.38,5.6,4.5,16.5,26.5,230.8,25.0
AMD,25.06.28,2025,FY3Q,1.74,36.76,18.24,3.0,0.0,82.28,3.91,7.88,47.81,4.9,4.0,14.2,25.4,249.1,23.0
AMD,25.03.29,2025,FY2Q,1.36,35.73,17.13,2.14,0.0,75.11,2.89,6.03,48.36,3.9,3.2,17.0,23.6,280.3,31.0
AMD,24.12.28,2025,FY1Q,1.0,35.54,15.92,1.88,0.0,123.8,3.53,7.88,66.81,2.9,2.4,13.4,20.3,261.6,21.0
AMD,24.09.28,2024,FY4Q,1.12,35.18,15.0,1.31,0.0,145.67,4.67,10.95,125.29,3.2,2.7,10.4,22.2,249.8,14.0
AMD,24.06.29,2024,FY3Q,0.83,34.94,14.39,1.18,0.0,193.64,4.64,11.26,136.84,2.4,2.0,7.6,20.1,281.9,8.0
AMD,24.03.30,2024,FY2Q,0.69,34.75,14.1,1.05,0.0,261.32,5.19,12.79,171.35,2.0,1.6,5.8,20.8,263.9,5.0
AMD,23.12.30,2024,FY1Q,0.53,34.63,14.05,1.03,0.0,278.85,4.26,10.5,142.86,1.5,1.3,4.6,21.5,250.7,4.0
AMD,23.09.30,2023,FY4Q,0.11,34.02,13.68,1.15,0.0,798.67,3.02,7.51,89.65,0.4,0.3,0.8,23.0,218.8,-1.0
AMD,23.07.01,2023,FY4Q,-0.03,34.2,13.57,1.49,0.0,-7337.45,3.33,8.39,76.53,-,-,-1.9,23.3,218.0,-4.0
AMD,23.04.01,2023,FY3Q,0.22,33.95,14.32,1.9,0.0,399.83,2.89,6.85,51.68,0.7,0.6,2.4,23.7,238.1,2.0
AMD,22.12.31,2023,FY1Q,0.84,35.07,15.12,2.28,0.0,79.12,1.91,4.43,29.29,2.4,2.0,12.6,23.4,235.8,14.0
AMD,22.09.24,2022,FY4Q,1.66,33.77,14.14,2.37,0.0,48.27,2.01,4.81,28.72,5.3,4.2,29.0,24.3,215.5,34.0
AMD,22.06.25,2022,FY3Q,2.37,34.1,13.34,2.29,0.0,45.08,2.56,6.54,38.1,10.0,7.9,48.6,22.4,243.7,69.0
AMD,22.03.26,2022,FY2Q,2.68,39.72,13.55,2.6,0.0,42.3,2.59,7.6,39.67,17.6,13.4,61.7,20.9,239.5,104.0
AMD,21.12.25,2022,FY1Q,2.57,6.18,13.55,2.9,0.0,55.81,23.54,10.74,50.12,44.9,28.5,65.7,65.7,202.4,107.0
BAC,25.09.30,2025,FY4Q,3.66,40.74,14.37,8.23,1.06,13.53,1.26,3.56,6.22,9.5,0.8,0.9,1019.1,-,-
BAC,25.06.30,2025,FY3Q,3.41,39.52,13.79,-2.99,1.04,13.4,1.19,3.41,-15.72,9.0,0.8,0.9,1048.6,-,-
BAC,25.03.31,2025,FY2Q,3.35,38.5,13.47,0.59,1.02,12.04,1.07,3.07,69.75,8.9,0.8,0.9,1033.2,-,-
BAC,24.12.31,2025,FY1Q,3.21,37.62,12.97,-1.12,1.0,13.22,1.14,3.31,-38.3,8.6,0.8,0.9,1003.5,-,-
BAC,24.09.30,2024,FY4Q,2.76,37.93,12.6,-0.26,0.98,14.03,1.04,3.13,-154.34,7.5,0.7,0.8,1021.1,-,-
BAC,24.06.30,2024,FY3Q,2.85,37.21,12.45,5.96,0.96,13.62,1.06,3.16,6.61,7.8,0.7,0.8,1008.6,-,-
BAC,24.03.31,2024,FY2Q,2.9,36.84,12.32,5.11,0.94,12.78,1.02,3.04,7.33,8.1,0.7,0.9,1015.2,-,-
BAC,23.12.31,2024,FY1Q,3.08,36.33,12.28,5.6,0.92,10.72,0.91,2.7,5.92,8.7,0.8,0.9,990.4,-,-
BAC,23.09.30,2023,FY4Q,3.57,35.81,12.62,5.4,0.9,7.52,0.76,2.15,5.03,10.3,0.9,1.1,998.4,-,-
BAC,23.06.30,2023,FY3Q,3.48,35.24,12.5,5.55,0.88,8.1,0.81,2.28,5.12,10.2,0.9,1.1,1002.4,-,-
BAC,23.03.31,2023,FY2Q,3.33,34.74,12.15,3.45,0.87,8.46,0.82,2.34,8.23,9.9,0.9,1.1,1040.2,-,-
BAC,22.12.31,2023,FY1Q,3.19,33.67,11.7,-0.78,0.86,10.21,0.97,2.8,-42.0,9.6,0.8,1.0,1016.9,-,-
BAC,22.09.30,2022,FY4Q,3.16,33.24,11.41,0.9,0.85,9.38,0.9,2.62,33.12,9.6,0.8,1.0,1040.1,-,-
BAC,22.06.30,2022,FY3Q,3.2,33.14,11.17,0.49,0.84,9.44,0.93,2.76,63.22,9.9,0.8,1.0,1056.2,-,-
BAC,22.03.31,2022,FY2Q,3.5,32.77,11.0,-0.04,0.81,11.24,1.25,3.72,-1127.58,10.9,0.9,1.1,1114.6,-,-
BAC,21.12.31,2022,FY1Q,3.57,31.8,10.49,-0.85,0.78,11.92,1.35,4.09,-50.62,11.2,1.0,1.2,1073.6,-,-
COST,25.08.31,2025,FY4Q,18.21,65.69,619.92,30.03,4.92,51.65,14.34,1.52,31.37,30.5,10.8,33.7,164.4,103.4,67.0
COST,25.05.11,2025,FY3Q,17.63,61.1,605.41,27.99,4.78,57.03,16.49,1.66,35.99,31.1,10.7,32.8,178.3,101.5,64.0
COST,25.02.16,2025,FY2Q,17.13,57.61,594.81,26.95,4.64,62.43,18.6,1.8,39.77,31.9,10.7,32.1,186.3,99.7,60.0
COST,24.11.24,2025,FY1Q,17.03,55.07,582.91,22.41,19.5,56.38,17.47,1.65,42.94,33.4,10.9,31.5,200.1,98.0,57.0
COST,24.09.01,2024,FY4Q,16.56,53.21,573.2,25.54,19.36,53.7,16.75,1.56,34.89,31.9,10.6,31.6,195.6,96.6,55.0
COST,24.05.12,2024,FY3Q,16.14,49.05,571.52,27.27,19.22,48.67,16.04,1.38,28.84,30.6,10.4,31.7,211.9,94.1,51.0
COST,24.02.18,2024,FY2Q,15.29,46.77,560.56,23.99,19.08,47.29,15.48,1.29,30.17,28.4,9.9,30.0,219.5,92.7,50.0
COST,23.11.26,2024,FY1Q,14.67,58.91,553.49,29.54,3.96,40.18,10.01,1.07,19.97,26.7,9.4,29.5,182.0,109.0,51.0
COST,23.09.03,2023,FY4Q,14.16,56.46,545.88,24.94,3.84,38.33,9.63,1.0,21.79,27.1,9.4,27.9,175.3,106.8,51.0
COST,23.05.07,2023,FY3Q,13.5,53.1,530.5,22.19,3.72,36.89,9.39,0.94,22.47,27.1,9.1,26.3,183.2,108.1,52.0
COST,23.02.12,2023,FY2Q,13.61,51.35,528.05,21.48,3.6,36.67,9.73,0.95,23.27,28.5,9.3,26.8,193.2,105.6,53.0
COST,22.11.20,2023,FY1Q,13.23,48.38,520.52,15.19,3.49,39.39,10.8,1.0,34.37,28.9,9.2,26.5,207.5,103.3,51.0
COST,22.08.28,2022,FY4Q,13.14,46.53,511.56,16.66,3.38,40.31,11.41,1.04,31.87,29.8,9.2,26.9,210.8,102.2,49.0
COST,22.05.08,2022,FY3Q,12.7,45.0,490.28,17.64,3.27,39.52,11.17,1.03,28.51,29.9,9.0,26.6,217.0,103.7,47.0
COST,22.02.13,2022,FY2Q,12.41,43.77,473.87,22.39,3.16,41.0,11.64,1.08,22.76,30.7,9.0,26.1,222.0,103.2,45.0
COST,21.11.21,2022,FY1Q,11.63,41.64,458.04,21.58,13.07,45.66,12.77,1.16,24.65,30.3,8.8,24.3,244.5,101.5,41.0
JNJ,25.09.28,2025,FY4Q,10.35,32.93,38.28,10.05,5.08,17.23,5.46,4.7,17.88,32.7,13.2,47.0,143.2,107.4,26.0
JNJ,25.06.29,2025,FY3Q,9.35,32.61,37.66,9.57,5.02,16.18,4.67,4.05,15.92,30.4,12.2,43.2,146.4,100.6,25.0
JNJ,25.03.30,2025,FY2Q,8.99,32.45,37.11,10.3,4.96,18.07,5.05,4.41,15.9,29.9,11.9,44.3,147.9,125.7,26.0
JNJ,24.12.29,2025,FY1Q,5.79,29.7,36.9,10.08,4.91,24.83,4.89,3.93,14.39,19.9,7.9,29.2,151.9,111.1,28.0
JNJ,24.09.29,2024,FY4Q,5.96,29.15,36.43,10.45,4.86,26.46,5.54,4.43,15.45,20.9,8.4,31.0,154.1,102.9,28.0
JNJ,24.06.30,2024,FY3Q,15.06,29.72,35.97,10.24,4.81,9.25,4.92,4.06,14.27,54.0,22.1,70.1,153.1,107.2,29.0
JNJ,24.03.31,2024,FY2Q,15.09,29.08,35.57,9.63,4.76,9.9,5.44,4.45,16.43,54.0,22.1,67.6,145.6,117.0,30.0
JNJ,23.12.31,2024,FY1Q,13.72,27.15,33.61,9.0,4.7,10.73,5.49,4.43,16.56,49.2,19.5,58.5,143.6,115.6,27.0
JNJ,23.10.01,2024,FY1Q,13.46,28.23,30.25,8.04,4.64,11.69,5.68,5.3,19.96,47.1,18.7,52.0,133.1,121.0,25.0
JNJ,23.07.02,2023,FY4Q,4.93,28.92,28.85,7.34,4.58,32.95,5.72,5.74,22.55,17.6,7.0,20.2,153.4,111.8,30.0
JNJ,23.04.02,2023,FY3Q,4.77,27.2,29.73,7.86,4.52,31.73,5.7,5.21,19.72,17.0,6.9,19.1,176.5,106.7,42.0
JNJ,23.01.01,2023,FY2Q,6.73,29.26,30.47,8.07,4.45,25.74,6.01,5.77,21.79,23.7,10.0,26.8,144.0,99.1,72.0
JNJ,22.10.02,2023,FY1Q,7.18,28.39,29.38,8.21,4.38,22.42,5.76,5.56,19.91,25.6,10.7,28.0,134.8,143.2,116.0
JNJ,22.07.03,2022,FY4Q,6.87,29.04,30.63,8.97,4.31,25.72,6.19,5.86,20.03,24.9,10.2,26.8,132.8,142.4,147.0
JNJ,22.04.03,2022,FY3Q,7.42,28.42,30.37,8.87,4.24,23.63,6.27,5.87,20.09,27.5,11.1,28.6,138.7,139.3,146.0
JNJ,22.01.02,2022,FY2Q,7.81,28.12,29.92,8.89,4.19,21.57,6.08,5.72,19.24,29.9,11.8,32.2,145.9,134.8,108.0
JNJ,21.10.03,2022,FY1Q,6.69,26.69,34.74,9.88,4.14,23.63,6.01,4.62,16.23,26.6,10.2,29.5,155.0,134.4,108.0
MA,25.09.30,2025,FY4Q,15.64,8.75,34.86,19.36,2.94,36.09,65.06,16.34,29.42,197.1,28.3,77.8,574.0,112.2,24.0
MA,25.06.30,2025,FY3Q,14.83,8.65,33.31,18.67,2.84,37.56,64.98,16.87,30.1,191.0,27.8,73.0,554.7,116.3,23.0
MA,25.03.31,2025,FY2Q,14.26,7.32,31.87,16.98,2.74,38.02,74.91,17.19,32.27,187.6,28.2,71.7,626.2,111.1,24.0
MA,24.12.31,2025,FY1Q,13.89,7.01,30.45,15.98,2.64,37.54,74.53,17.16,32.7,180.1,28.6,72.8,641.0,102.6,24.0
MA,24.09.30,2024,FY4Q,13.23,8.06,29.5,15.25,2.55,37.02,61.32,16.76,32.41,169.8,28.2,71.6,534.1,128.9,25.0
MA,24.06.30,2024,FY3Q,13.09,7.99,28.41,13.1,2.46,33.46,55.26,15.54,33.69,175.7,29.4,73.6,469.6,114.0,25.0
MA,24.03.31,2024,FY2Q,12.59,7.76,27.54,12.58,2.37,37.93,62.03,17.48,38.29,182.3,28.9,73.7,487.3,109.0,24.0
MA,23.12.31,2024,FY1Q,11.83,7.34,26.59,12.69,2.28,35.73,57.72,15.94,33.39,186.0,28.0,69.6,511.6,116.6,24.0
MA,23.09.30,2023,FY4Q,11.48,6.71,25.9,11.64,2.2,34.13,59.11,15.31,34.07,186.5,28.0,69.2,527.5,117.0,25.0
MA,23.06.30,2023,FY3Q,10.67,5.82,24.94,12.23,2.12,36.44,67.73,15.8,32.21,174.2,26.5,67.1,607.3,112.9,25.0
MA,23.03.31,2023,FY2Q,10.01,5.59,23.94,11.89,2.04,35.86,64.99,15.18,30.57,159.9,25.5,62.8,629.1,120.3,25.0
MA,22.12.31,2023,FY1Q,10.22,6.51,22.97,11.57,1.96,33.67,53.09,15.04,29.86,153.6,26.5,63.2,513.6,117.2,26.0
MA,22.09.30,2022,FY4Q,10.01,6.59,22.42,11.69,2.4,28.09,43.2,12.7,24.35,145.6,26.3,62.4,490.0,124.8,26.0
MA,22.06.30,2022,FY3Q,9.87,6.36,21.49,10.27,2.79,31.64,49.73,14.71,30.77,142.5,26.5,61.3,485.6,125.9,26.0
MA,22.03.31,2022,FY2Q,9.61,7.2,20.36,10.01,3.18,36.81,49.66,17.56,35.71,138.1,26.2,61.0,427.0,133.7,25.0
MA,21.12.31,2022,FY1Q,8.76,7.4,19.11,9.58,3.13,40.64,48.28,18.7,37.31,129.7,24.3,59.5,413.8,128.8,23.0
NFLX,25.09.30,2025,FY4Q,23.94,61.15,102.2,22.56,0.0,48.84,19.63,11.74,53.21,41.9,19.5,70.8,111.7,133.2,17.0
NFLX,25.06.30,2025,FY3Q,23.47,58.68,98.05,21.33,0.0,55.63,22.85,13.67,62.85,42.5,19.4,68.5,112.8,134.1,17.0
NFLX,25.03.31,2025,FY2Q,21.16,56.24,94.02,18.58,0.0,43.03,16.6,9.93,50.25,39.6,17.9,65.8,116.8,120.4,15.0
NFLX,24.12.31,2025,FY1Q,19.83,57.61,90.8,17.14,0.0,43.74,15.4,9.77,51.76,38.3,17.1,65.4,116.7,121.8,14.0
NFLX,24.09.30,2024,FY4Q,17.69,53.06,87.77,17.48,0.0,39.12,13.4,8.1,40.65,35.9,15.6,61.6,130.1,113.3,14.0
NFLX,24.06.30,2024,FY3Q,16.02,51.42,84.42,16.65,0.0,41.0,13.15,8.01,40.63,32.9,14.5,58.0,122.0,94.8,12.0
NFLX,24.03.31,2024,FY2Q,14.43,49.45,80.85,16.91,0.0,40.84,12.3,7.52,35.96,29.6,13.0,50.9,128.5,106.8,11.0
NFLX,23.12.31,2024,FY1Q,12.03,46.63,76.37,16.47,0.0,39.4,10.35,6.32,29.29,24.8,10.9,42.5,136.7,111.9,10.0
NFLX,23.09.30,2023,FY4Q,10.02,50.07,74.16,13.71,0.0,36.98,7.57,5.11,27.63,20.7,9.1,34.9,123.9,129.3,9.0
NFLX,23.06.30,2023,FY3Q,9.39,51.44,72.38,10.41,0.0,46.12,8.58,6.1,42.39,19.8,8.6,33.9,122.6,132.6,8.0
NFLX,23.03.31,2023,FY2Q,9.3,49.03,71.67,7.37,0.0,36.64,7.05,4.82,46.88,20.4,8.7,34.5,126.7,126.1,8.0
NFLX,22.12.31,2023,FY1Q,9.95,46.72,71.09,4.56,0.0,29.21,6.32,4.15,64.76,23.1,9.6,38.8,133.9,116.8,8.0
NFLX,22.09.30,2022,FY4Q,11.17,46.14,70.75,2.65,0.0,20.76,5.1,3.33,88.8,27.6,11.0,44.1,131.7,113.5,8.0
NFLX,22.06.30,2022,FY3Q,11.26,42.91,69.8,1.59,0.0,15.25,4.07,2.5,110.25,30.1,11.4,45.3,143.0,104.5,8.0
NFLX,22.03.31,2022,FY2Q,11.03,39.5,68.45,1.21,0.0,33.22,9.48,5.47,309.01,32.0,11.5,46.0,158.4,104.6,8.0
NFLX,21.12.31,2022,FY1Q,11.24,35.77,67.02,0.89,0.0,52.16,16.84,8.99,679.69,35.3,12.2,47.9,181.3,95.1,8.0
ORCL,25.08.31,2025,FY4Q,4.32,8.55,20.88,7.62,1.8,51.05,26.3,10.76,29.5,66.3,7.6,12.0,645.0,61.8,5.0
ORCL,25.05.31,2025,FY3Q,4.34,7.33,20.58,7.47,1.7,37.31,22.7,8.09,22.29,80.6,8.0,12.8,720.7,75.3,5.0
ORCL,25.02.28,2025,FY2Q,4.26,5.98,19.93,7.41,1.6,38.2,27.76,8.33,22.39,97.3,8.2,13.5,861.4,101.7,5.0
ORCL,24.11.30,2025,FY1Q,4.09,4.93,19.69,7.27,1.6,44.06,37.26,9.32,25.25,119.6,8.1,13.6,976.6,80.9,5.0
ORCL,24.08.31,2024,FY4Q,3.88,3.92,19.49,6.93,1.6,35.47,36.0,7.24,20.36,151.4,7.9,13.3,1229.2,72.0,5.0
ORCL,24.05.31,2024,FY3Q,3.71,3.17,19.3,6.81,1.6,30.77,37.01,6.08,17.25,203.6,7.6,12.7,1513.5,71.5,4.0
ORCL,24.02.29,2024,FY2Q,3.79,2.05,19.11,6.64,1.6,28.85,54.6,5.85,16.83,329.2,7.8,12.3,2327.9,84.6,4.0
ORCL,23.11.30,2024,FY1Q,3.62,1.41,18.8,6.21,1.52,31.41,82.36,6.17,18.69,829.6,7.6,11.8,3361.3,79.0,4.0
ORCL,23.08.31,2023,FY4Q,3.36,0.87,18.68,6.5,1.44,34.85,137.88,6.41,18.41,-,7.1,11.4,5646.5,87.4,4.0
ORCL,23.05.31,2023,FY3Q,3.07,0.4,18.53,6.37,1.36,33.64,266.56,5.73,16.66,-,6.5,11.1,12379.1,91.0,4.0
ORCL,23.02.28,2023,FY2Q,3.02,-0.9,17.78,5.75,1.28,28.14,-,4.91,15.2,-,6.7,11.9,-,81.7,4.0
ORCL,22.11.30,2023,FY1Q,3.18,-1.58,17.1,5.59,1.28,25.44,-,4.86,14.85,-,7.4,12.9,-,64.8,5.0
ORCL,22.08.31,2022,FY4Q,2.09,-2.19,16.45,3.93,1.28,34.02,-,4.48,18.74,-,5.1,9.4,-,60.3,4.0
ORCL,22.05.31,2022,FY3Q,2.41,-2.3,15.72,3.53,1.28,28.57,-,4.52,20.12,-,6.0,10.1,-,162.1,4.0
ORCL,22.02.28,2022,FY2Q,2.6,-3.26,15.67,3.89,1.28,26.83,-,4.85,19.51,-,6.4,10.2,-,152.0,4.0
ORCL,21.11.30,2022,FY1Q,3.44,-3.75,15.37,3.81,1.2,24.21,-,6.0,24.23,1644.7,8.6,10.5,-,164.6,4.0
PLTR,25.09.30,2025,FY4Q,0.42,2.77,1.64,0.76,0.0,395.09,65.67,111.07,238.11,19.1,15.3,22.6,21.6,642.7,-
PLTR,25.06.30,2025,FY3Q,0.3,2.51,1.46,0.73,0.0,421.47,54.26,93.5,186.0,14.6,11.6,17.0,22.6,632.4,-
PLTR,25.03.31,2025,FY2Q,0.23,2.31,1.33,0.57,0.0,346.86,36.49,63.55,148.33,12.0,9.5,14.0,22.5,649.4,-
PLTR,24.12.31,2025,FY1Q,0.19,2.22,1.27,0.51,0.0,372.76,34.44,60.12,149.31,10.7,8.4,12.3,24.9,595.8,-
PLTR,24.09.30,2024,FY4Q,0.2,2.0,1.18,0.44,0.0,174.81,18.52,31.48,83.75,12.1,9.4,13.1,26.2,567.3,-
PLTR,24.06.30,2024,FY3Q,0.17,1.82,1.11,0.32,0.0,139.43,13.93,22.75,79.63,11.2,8.6,12.5,26.0,591.6,-
PLTR,24.03.31,2024,FY2Q,0.12,1.71,1.05,0.3,0.0,170.54,13.49,21.81,77.81,8.9,6.8,10.6,25.1,591.0,-
PLTR,23.12.31,2024,FY1Q,0.09,1.62,1.04,0.33,0.0,178.06,10.75,16.79,52.46,6.8,5.1,8.8,27.7,554.8,-
PLTR,23.09.30,2023,FY4Q,0.07,1.48,0.98,0.23,0.0,233.72,10.79,16.2,70.3,5.2,3.8,8.2,28.9,552.9,-15.0
PLTR,23.06.30,2023,FY3Q,-0.02,1.39,0.96,0.19,0.0,-675.62,10.99,15.88,80.51,-1.8,-1.3,-2.9,32.0,521.9,52.0
PLTR,23.03.31,2023,FY2Q,-0.12,1.29,0.94,0.18,0.0,-69.49,6.52,8.95,47.27,-10.2,-7.4,-28.0,32.3,541.4,198.0
PLTR,22.12.31,2023,FY1Q,-0.18,1.24,0.92,0.11,0.0,-35.74,5.21,7.01,59.69,-15.5,-11.2,-70.3,31.9,517.3,-
PLTR,22.09.30,2022,FY4Q,-0.28,1.15,0.88,0.11,0.0,-29.93,7.03,9.17,70.39,-23.9,-17.0,-100.5,39.1,428.1,-69.0
PLTR,22.06.30,2022,FY3Q,-0.27,1.14,0.85,0.14,0.0,-34.44,7.9,10.64,63.54,-23.3,-16.5,-97.0,39.7,436.0,-94.0
PLTR,22.03.31,2022,FY2Q,-0.25,1.16,0.81,0.12,0.0,-55.94,11.79,16.92,110.41,-22.2,-15.5,-101.7,40.4,437.5,-141.0
PLTR,21.12.31,2022,FY1Q,-0.27,1.19,0.8,0.17,0.0,-70.16,15.94,23.68,109.35,-24.7,-16.6,-118.4,41.7,433.8,-113.0
V,25.09.30,2025,FY4Q,10.2,21.62,22.81,13.34,2.36,31.65,16.75,15.87,27.53,52.5,20.9,109.5,162.8,107.8,41.0
V,25.06.30,2025,FY3Q,10.24,22.12,22.25,13.63,2.29,32.77,17.19,17.09,28.3,52.6,21.4,103.4,158.7,111.5,44.0
V,25.03.31,2025,FY2Q,9.95,21.6,21.37,12.62,2.22,33.23,17.38,17.56,30.19,51.3,21.5,96.5,144.2,108.4,34.0
V,24.12.31,2025,FY1Q,9.92,21.63,20.78,12.46,2.15,29.93,15.61,16.25,27.51,50.7,21.6,90.2,139.9,112.1,38.0
V,24.09.30,2024,FY4Q,9.73,21.0,19.28,11.18,2.08,26.49,13.37,14.56,26.22,49.6,21.4,84.3,141.5,128.3,37.0
V,24.06.30,2024,FY3Q,9.34,20.83,18.31,11.64,2.01,27.61,13.28,15.11,26.1,48.2,20.9,83.4,129.2,137.3,35.0
V,24.03.31,2024,FY2Q,8.94,20.1,16.95,11.39,1.94,30.62,13.91,16.49,26.97,46.6,20.2,82.3,128.2,139.8,35.0
V,23.12.31,2024,FY1Q,8.68,19.68,16.52,10.99,1.87,29.2,13.22,15.75,26.0,46.1,20.1,82.9,130.1,144.6,32.0
V,23.09.30,2023,FY4Q,8.28,18.84,15.89,11.08,1.8,27.21,12.13,14.39,22.64,45.1,19.6,80.5,133.6,145.2,33.0
V,23.06.30,2023,FY3Q,7.88,19.01,15.53,10.54,1.73,29.52,12.52,15.33,24.77,44.1,19.1,76.6,128.9,149.2,33.0
V,23.03.31,2023,FY2Q,7.48,18.71,15.03,10.2,1.65,29.45,12.06,15.01,24.27,43.1,18.4,69.8,125.0,150.1,36.0
V,22.12.31,2023,FY1Q,7.15,17.87,14.61,9.97,1.58,28.28,11.62,14.22,22.84,42.2,18.0,68.6,131.3,144.0,35.0
V,22.09.30,2022,FY4Q,7.0,17.02,14.02,9.89,1.5,24.62,10.35,12.56,19.54,41.8,17.9,69.9,140.3,144.8,35.0
V,22.06.30,2022,FY3Q,6.78,17.06,13.5,8.93,1.45,28.11,11.57,14.61,24.22,40.2,17.6,67.7,140.7,142.7,36.0
V,22.03.31,2022,FY2Q,6.36,17.2,12.88,8.44,1.39,33.8,12.93,17.27,28.89,37.3,16.7,71.6,127.3,128.8,34.0
V,21.12.31,2022,FY1Q,6.04,17.18,12.09,8.29,1.34,34.76,12.63,17.94,28.66,35.2,16.0,67.1,126.4,139.5,33.0
WMT,25.07.31,2025,FY4Q,2.67,11.3,86.88,4.82,0.89,36.63,8.68,1.13,20.34,24.2,8.1,16.2,193.4,79.2,11.0
WMT,25.04.30,2025,FY3Q,2.35,10.46,85.52,4.69,0.86,41.43,9.3,1.14,20.73,21.7,7.2,14.7,205.3,78.0,11.0
WMT,25.01.31,2025,FY2Q,2.41,11.32,84.69,4.53,0.83,40.57,8.66,1.16,21.64,22.5,7.5,15.3,179.5,82.3,11.0
WMT,24.10.31,2025,FY1Q,2.43,10.96,83.83,4.93,0.81,33.48,7.48,0.98,16.62,23.3,7.7,15.7,191.9,84.8,11.0
WMT,24.07.31,2024,FY4Q,1.92,10.5,82.68,4.21,0.8,35.5,6.54,0.83,16.3,18.9,6.1,12.9,194.1,80.3,10.0
WMT,24.04.30,2024,FY3Q,2.33,10.1,81.63,4.39,0.78,25.25,5.88,0.73,13.53,23.4,7.4,15.4,204.2,80.3,10.0
WMT,24.01.31,2024,FY2Q,1.91,10.38,80.24,4.42,0.76,28.68,5.31,0.69,12.45,19.7,6.1,13.2,193.2,83.2,10.0
WMT,23.10.31,2024,FY1Q,2.0,9.84,79.08,3.98,0.76,27.0,5.54,0.69,13.68,21.2,6.5,14.5,218.5,84.8,10.0
WMT,23.07.31,2023,FY4Q,1.72,9.85,78.08,4.68,0.75,30.66,5.41,0.68,11.39,18.7,5.7,13.4,213.4,82.7,9.0
WMT,23.04.30,2023,FY3Q,1.38,8.96,76.96,4.61,0.75,36.02,5.62,0.65,10.93,15.1,4.6,11.2,229.0,82.2,9.0
WMT,23.01.31,2023,FY2Q,1.42,9.39,74.81,3.53,0.75,33.22,5.06,0.64,13.45,15.4,4.7,11.3,207.9,82.1,10.0
WMT,22.10.31,2023,FY1Q,1.08,8.88,73.79,2.9,0.74,43.08,5.35,0.64,16.38,11.6,3.6,8.5,231.9,86.5,11.0
WMT,22.07.31,2022,FY4Q,1.67,9.45,71.62,2.56,0.74,26.1,4.67,0.62,17.24,17.3,5.6,11.8,208.3,84.2,13.0
WMT,22.04.30,2022,FY3Q,1.55,9.31,69.72,2.13,0.74,32.39,5.48,0.73,23.97,16.1,5.3,11.4,208.8,86.2,13.0
WMT,22.01.31,2022,FY2Q,1.62,9.94,68.38,2.89,0.73,28.36,4.66,0.68,16.04,16.9,5.7,12.1,183.7,92.8,13.0
WMT,21.10.31,2022,FY1Q,0.95,9.85,68.46,3.53,0.73,51.95,5.06,0.73,14.13,10.0,3.3,8.9,187.3,94.7,12.0
XOM,25.09.30,2025,FY4Q,6.88,61.12,78.19,12.08,3.96,16.05,1.85,1.44,9.33,11.4,6.6,10.6,71.4,113.7,59.0
XOM,25.06.30,2025,FY3Q,7.04,60.93,78.45,12.6,3.92,14.98,1.77,1.37,8.56,11.7,6.8,11.1,67.6,124.9,54.0
XOM,25.03.31,2025,FY2Q,7.54,60.55,80.58,12.29,3.88,15.56,1.96,1.48,9.68,12.5,7.3,11.8,69.3,123.6,50.0
XOM,24.12.31,2025,FY1Q,7.84,60.0,79.54,12.52,3.84,14.04,1.79,1.35,8.59,13.4,7.7,12.7,69.3,130.8,50.0
XOM,24.09.30,2024,FY4Q,8.03,60.46,78.89,12.71,3.8,15.45,1.94,1.49,9.22,14.2,8.0,13.6,69.1,134.8,52.0
XOM,24.06.30,2024,FY3Q,8.36,68.07,89.08,13.92,3.76,13.29,1.69,1.29,8.27,15.6,8.6,14.8,68.7,136.0,55.0
XOM,24.03.31,2024,FY2Q,8.16,51.73,85.97,13.53,3.72,14.06,2.25,1.35,8.59,16.2,8.8,15.3,80.3,138.2,54.0
XOM,23.12.31,2024,FY1Q,8.89,51.68,86.95,13.97,3.68,11.0,1.94,1.15,7.16,18.0,9.7,16.7,80.0,147.9,63.0
XOM,23.09.30,2023,FY4Q,10.07,49.89,88.85,14.82,3.64,11.44,2.36,1.32,7.94,20.8,11.2,19.4,82.5,142.1,79.0
XOM,23.06.30,2023,FY3Q,12.5,49.23,93.24,16.76,3.61,8.38,2.18,1.15,6.4,26.6,14.1,23.1,78.5,148.4,89.0
XOM,23.03.31,2023,FY2Q,14.77,48.81,100.65,19.25,3.58,7.24,2.25,1.09,5.7,32.6,16.7,27.1,82.0,145.8,113.0
XOM,22.12.31,2023,FY1Q,13.26,47.36,100.45,18.65,3.55,8.15,2.33,1.1,5.91,30.6,15.3,24.4,85.4,141.4,98.0
XOM,22.09.30,2022,FY4Q,12.25,44.65,96.75,18.31,3.52,7.02,1.96,0.9,4.77,29.6,14.5,22.0,95.2,134.1,88.0
XOM,22.06.30,2022,FY3Q,9.14,42.09,86.63,15.18,3.51,9.26,2.04,0.99,5.64,23.1,11.1,16.9,103.4,116.3,68.0
XOM,22.03.31,2022,FY2Q,6.03,39.97,74.88,12.67,3.5,13.56,2.07,1.1,6.52,15.7,7.5,11.2,105.3,107.2,42.0
XOM,21.12.31,2022,FY1Q,5.39,39.82,67.47,11.37,3.49,11.24,1.54,0.91,5.38,14.3,6.8,9.6,96.8,104.4,34.0
CAT,25.09.30,2025,FY4Q,19.45,44.04,137.86,24.6,5.74,24.11,10.82,3.46,19.37,48.2,10.4,14.7,353.7,138.4,24.0
CAT,25.06.30,2025,FY3Q,19.62,39.72,134.37,24.2,5.64,19.38,9.8,2.9,16.08,49.9,10.8,14.9,384.0,133.8,24.0
CAT,25.03.31,2025,FY2Q,20.48,38.05,133.21,23.74,5.53,16.09,8.85,2.53,14.19,53.6,11.6,16.1,370.2,132.0,25.0
CAT,24.12.31,2025,FY1Q,22.05,40.05,133.16,24.73,5.42,16.23,8.98,2.7,14.55,58.6,12.7,17.6,350.2,141.6,26.0
CAT,24.09.30,2024,FY4Q,21.53,39.96,135.22,26.04,5.31,17.76,9.77,2.89,15.0,58.0,12.5,17.8,344.6,139.5,25.0
CAT,24.06.30,2024,FY3Q,21.94,35.15,136.14,26.95,5.2,14.81,9.51,2.46,12.41,58.9,12.9,18.5,386.3,128.4,25.0
CAT,24.03.31,2024,FY2Q,22.13,35.73,135.65,27.06,5.1,16.62,10.59,2.79,13.99,59.3,13.1,18.8,374.6,134.9,26.0
CAT,23.12.31,2024,FY1Q,20.12,38.2,131.34,25.24,5.0,14.56,7.72,2.25,11.68,54.1,12.0,17.8,348.5,135.2,25.0
CAT,23.09.30,2023,FY4Q,17.64,40.23,130.61,22.8,4.9,15.28,6.79,2.09,11.98,50.1,10.8,16.4,323.2,144.9,23.0
CAT,23.06.30,2023,FY3Q,16.06,35.59,126.28,19.58,4.8,15.18,6.95,1.96,12.64,49.2,10.1,15.4,367.9,133.1,22.0
CAT,23.03.31,2023,FY2Q,13.52,35.2,119.53,17.49,4.71,16.99,6.65,1.96,13.38,43.5,8.7,13.2,360.4,143.4,19.0
CAT,22.12.31,2023,FY1Q,12.64,30.16,112.79,14.74,4.62,18.59,7.85,2.1,16.05,41.7,8.2,12.3,415.7,138.9,18.0
CAT,22.09.30,2022,FY4Q,13.76,29.76,107.86,12.26,4.53,11.75,5.55,1.53,13.45,45.4,9.0,12.9,417.9,141.0,18.0
CAT,22.06.30,2022,FY3Q,12.49,29.68,101.75,10.73,4.44,14.11,6.05,1.77,16.73,40.9,8.3,11.8,414.7,145.0,16.0
CAT,22.03.31,2022,FY2Q,11.92,31.99,98.55,10.45,4.36,18.78,7.14,2.32,21.85,38.7,7.9,11.6,381.2,144.1,15.0
CAT,21.12.31,2022,FY1Q,11.83,30.36,93.7,13.23,4.28,17.23,6.77,2.19,15.54,38.9,8.0,11.8,401.3,145.6,14.0
CSCO,25.07.26,2025,FY4Q,2.55,11.78,14.25,3.57,1.62,26.72,5.81,4.8,19.17,22.2,8.4,34.4,161.1,99.8,7.0
CSCO,25.04.26,2025,FY3Q,2.45,11.57,14.0,3.45,1.61,23.04,4.91,4.06,16.48,21.5,8.0,33.2,160.8,95.1,7.0
CSCO,25.01.25,2025,FY2Q,2.29,11.44,13.61,3.42,1.6,26.98,5.44,4.58,18.22,20.2,7.5,31.6,166.6,86.7,6.0
CSCO,24.10.26,2025,FY1Q,2.33,11.35,13.28,3.05,1.59,23.68,4.91,4.2,18.28,20.6,8.0,33.3,172.4,88.2,8.0
CSCO,24.07.27,2024,FY4Q,2.54,11.24,13.31,2.69,1.58,18.69,4.24,3.59,17.73,22.6,9.2,40.9,173.7,90.8,12.0
CSCO,24.04.27,2024,FY3Q,2.96,11.32,13.7,3.24,1.57,16.0,4.23,3.5,14.78,26.7,11.4,49.9,168.7,89.5,20.0
CSCO,24.01.27,2024,FY2Q,3.28,11.41,14.11,3.54,1.56,15.76,4.58,3.7,14.75,30.2,13.5,58.0,118.7,136.5,35.0
CSCO,23.10.28,2024,FY1Q,3.3,11.14,14.31,4.51,1.55,15.39,4.62,3.6,11.43,31.3,13.8,58.6,118.5,146.7,36.0
CSCO,23.07.29,2023,FY4Q,3.07,10.84,13.93,4.86,1.54,16.83,4.79,3.72,10.67,30.0,13.0,55.0,129.6,138.5,35.0
CSCO,23.04.29,2023,FY3Q,2.78,10.34,13.43,4.3,1.53,16.87,4.58,3.53,11.0,28.0,12.1,50.6,130.6,139.1,35.0
CSCO,23.01.28,2023,FY2Q,2.73,10.11,12.96,3.91,1.52,17.63,4.81,3.75,12.42,27.9,12.0,49.6,131.1,141.3,36.0
CSCO,22.10.29,2023,FY1Q,2.77,9.8,12.73,3.35,1.51,16.3,4.66,3.59,13.63,28.8,12.3,48.8,131.1,145.2,38.0
CSCO,22.07.30,2022,FY4Q,2.82,9.54,12.36,3.17,1.5,15.91,4.72,3.64,14.21,29.1,12.5,48.0,136.3,143.2,39.0
CVX,25.09.30,2025,FY4Q,7.11,97.91,100.25,16.42,6.76,21.02,1.41,1.38,8.43,8.0,4.7,8.6,69.0,115.2,21.0
CVX,25.06.30,2025,FY3Q,7.77,85.17,113.62,18.69,6.68,18.23,1.71,1.28,7.78,9.1,5.4,9.7,70.7,99.6,27.0
CVX,25.03.31,2025,FY2Q,8.75,85.55,115.6,17.11,6.6,18.81,1.97,1.46,9.87,10.2,6.1,10.8,71.2,108.0,38.0
CVX,24.12.31,2025,FY1Q,9.72,84.76,112.85,17.52,6.52,14.74,1.71,1.28,8.27,11.2,6.8,11.8,68.1,106.1,47.0
CVX,24.09.30,2024,FY4Q,9.1,86.76,109.84,19.57,6.4,16.15,1.72,1.36,7.65,10.5,6.4,10.6,65.4,106.9,49.0
CVX,24.06.30,2024,FY3Q,10.1,87.21,110.17,19.3,6.28,15.43,1.81,1.44,8.2,11.6,7.1,11.5,63.0,115.7,59.0
CVX,24.03.31,2024,FY2Q,10.87,87.18,107.94,19.12,6.16,14.44,1.82,1.47,8.32,12.6,7.8,12.0,62.3,123.0,60.0
CVX,23.12.31,2024,FY1Q,11.36,85.26,106.45,18.86,6.04,13.18,1.75,1.4,7.91,13.3,8.3,12.9,61.9,127.5,64.0
CVX,23.09.30,2023,FY4Q,13.47,88.33,112.37,19.07,5.95,12.37,1.91,1.5,8.83,15.9,9.9,15.8,59.1,125.5,77.0
CVX,23.06.30,2023,FY3Q,15.77,84.79,119.33,22.1,5.86,9.88,1.88,1.34,7.22,19.0,11.8,18.7,58.4,143.4,87.0
CVX,23.03.31,2023,FY2Q,18.52,84.29,128.28,25.77,5.77,8.7,1.95,1.28,6.38,22.7,13.9,22.3,59.9,143.3,102.0
CVX,22.12.31,2023,FY1Q,18.28,82.37,127.35,25.65,5.68,9.79,2.18,1.41,7.0,23.0,13.8,22.0,61.2,147.2,97.0
CVX,22.09.30,2022,FY4Q,17.58,82.12,123.13,24.1,5.6,8.23,1.77,1.18,6.04,22.9,13.6,20.5,63.1,139.6,86.0
CVX,22.06.30,2022,FY3Q,14.99,78.84,110.89,20.47,5.52,9.79,1.85,1.32,7.13,20.2,11.8,17.3,67.3,130.8,69.0
GE,25.09.30,2025,FY4Q,7.49,17.74,41.45,7.12,1.36,39.57,16.96,7.26,42.24,42.1,6.4,12.3,580.6,107.7,10.0
GE,25.06.30,2025,FY3Q,7.17,17.94,39.02,6.15,1.2,35.38,14.34,6.6,41.84,40.5,6.2,11.8,553.5,103.7,8.0
GE,25.03.31,2025,FY2Q,6.43,17.94,36.97,4.87,1.48,30.71,11.16,5.41,41.11,36.8,5.6,10.6,543.6,107.5,7.0
GE,24.12.31,2025,FY1Q,5.99,17.87,35.76,4.35,1.12,27.53,9.33,4.66,38.33,30.3,4.9,9.8,535.5,109.4,6.0
GE,24.09.30,2024,FY4Q,5.69,17.41,34.44,6.04,0.92,32.74,10.83,5.48,31.2,26.4,4.3,8.3,570.1,113.4,4.0
GE,24.06.30,2024,FY3Q,4.23,16.99,33.63,6.27,0.52,37.38,9.36,4.73,25.34,17.8,3.0,6.5,561.1,114.1,4.0
GE,24.03.31,2024,FY2Q,3.06,27.43,33.51,5.92,0.24,56.79,6.4,5.24,29.65,11.5,2.0,5.2,444.9,116.6,4.0
GE,23.12.31,2024,FY1Q,8.36,25.18,32.48,4.77,0.32,15.12,5.07,3.93,26.77,30.9,5.6,10.4,528.0,132.6,4.0
GE,23.09.30,2023,FY4Q,8.84,26.34,18.75,6.02,0.32,12.41,4.2,5.9,18.37,31.0,5.8,10.6,442.5,117.2,6.0
GE,23.06.30,2023,FY3Q,8.68,28.65,23.49,5.65,0.24,12.57,3.84,4.68,19.45,29.7,5.5,10.2,418.8,125.2,4.0
GE,23.03.31,2023,FY2Q,7.84,29.06,28.41,5.7,0.32,12.11,3.29,3.37,16.76,26.2,4.8,9.1,415.9,125.1,3.0
GE,22.12.31,2023,FY1Q,0.05,30.84,26.67,5.42,0.32,1907.39,2.72,3.14,15.47,0.1,-,1.5,456.8,118.1,2.0
GE,22.09.30,2022,FY4Q,-5.25,28.7,39.99,3.65,0.32,-11.78,2.16,1.55,16.98,-15.9,-3.0,-3.5,470.6,109.9,-1.0
GE,22.06.30,2022,FY3Q,-4.25,31.48,43.56,4.47,0.32,-15.08,2.02,1.46,14.26,-12.3,-2.3,-2.2,431.7,112.6,0.0
HD,25.08.03,2025,FY4Q,14.71,10.75,166.39,18.02,9.1,25.41,34.86,2.25,20.8,188.5,14.9,21.6,838.1,114.7,9.0
HD,25.05.04,2025,FY3Q,14.73,8.02,164.27,18.79,9.05,24.75,45.55,2.22,19.44,236.1,15.0,21.4,1146.5,109.3,9.0
HD,25.02.02,2025,FY2Q,14.91,6.71,161.13,20.01,9.0,27.64,61.63,2.57,20.66,317.3,16.0,21.7,1347.6,110.5,10.0
HD,24.10.27,2025,FY1Q,14.73,5.84,156.0,20.05,8.84,27.12,68.48,2.56,19.94,447.1,16.7,21.8,1581.0,113.3,11.0
HD,24.07.28,2024,FY4Q,14.87,4.47,153.63,20.07,8.68,24.13,80.66,2.34,17.94,678.1,18.0,22.4,2091.1,114.8,12.0
HD,24.04.28,2024,FY3Q,14.92,1.84,153.52,21.29,8.52,22.33,182.46,2.19,15.77,1056.7,19.3,23.2,4253.3,133.9,12.0
HD,24.01.28,2024,FY2Q,15.11,1.05,152.82,21.19,8.36,23.35,338.71,2.32,16.7,1452.2,19.9,23.8,7230.5,135.2,12.0
HD,23.10.29,2024,FY1Q,15.6,1.44,154.33,21.12,8.17,17.61,193.34,1.8,13.14,1339.6,20.6,24.3,5185.1,130.2,13.0
HD,23.07.30,2023,FY4Q,16.03,1.34,154.88,19.64,7.98,20.52,249.55,2.15,16.96,1424.9,21.2,25.0,5621.9,131.4,14.0
HD,23.04.30,2023,FY3Q,16.43,0.36,154.21,16.28,7.79,18.21,842.64,1.96,18.55,1936.6,21.9,26.0,21001.1,127.4,14.0
HD,23.01.29,2023,FY2Q,16.69,1.53,154.02,14.3,7.6,18.87,206.64,2.05,22.08,4929.4,22.4,27.0,4794.0,140.5,15.0
HD,22.10.30,2023,FY1Q,16.6,1.27,154.21,12.95,7.35,17.89,235.54,1.94,23.15,-,22.7,28.2,5821.9,138.7,16.0
HD,22.07.31,2022,FY4Q,16.28,0.23,151.75,13.5,7.1,18.32,1305.03,1.99,22.4,-,22.7,28.9,31893.7,118.3,17.0
IBM,25.09.30,2025,FY4Q,8.38,29.88,70.03,14.44,6.7,33.24,9.42,4.02,19.49,28.9,5.5,13.4,424.0,93.2,6.0
IBM,25.06.30,2025,FY3Q,6.18,29.55,68.8,14.27,6.69,46.97,9.96,4.28,20.63,22.0,4.1,9.7,439.8,90.8,4.0
IBM,25.03.31,2025,FY2Q,5.83,28.97,67.71,14.71,6.68,42.13,8.58,3.67,16.9,21.3,4.0,9.4,441.6,100.7,4.0
IBM,24.12.31,2025,FY1Q,6.43,29.63,68.08,14.59,6.67,33.75,7.44,3.24,15.12,24.3,4.4,9.4,402.0,104.0,4.0
IBM,24.09.30,2024,FY4Q,6.88,26.47,67.76,14.7,6.66,31.84,8.33,3.25,15.0,27.1,4.7,10.0,449.2,105.9,5.0
IBM,24.06.30,2024,FY3Q,9.08,26.11,67.77,14.94,6.65,18.84,6.61,2.55,11.55,36.3,6.3,13.4,456.8,112.3,6.0
IBM,24.03.31,2024,FY2Q,8.84,25.36,67.67,15.62,6.64,21.4,7.53,2.82,12.22,35.9,6.1,12.9,489.4,113.2,6.0
IBM,23.12.31,2024,FY1Q,8.14,24.73,67.89,15.29,6.63,19.91,6.63,2.41,10.72,33.6,5.7,12.6,499.8,96.4,6.0
IBM,23.09.30,2023,FY4Q,7.55,25.29,67.01,14.72,6.62,18.46,5.54,2.09,9.51,31.2,5.3,11.8,460.0,90.5,6.0
IBM,23.06.30,2023,FY3Q,2.17,24.4,66.52,13.49,6.61,60.03,5.47,2.01,9.9,9.4,1.6,3.9,495.2,106.0,2.0
IBM,23.03.31,2023,FY2Q,1.98,23.81,66.76,12.08,6.6,64.87,5.5,1.96,10.85,8.8,1.4,3.4,518.3,116.1,2.0
IBM,22.12.31,2023,FY1Q,1.79,24.31,67.06,11.56,6.59,77.72,5.81,2.1,12.21,8.1,1.3,2.9,479.5,92.4,2.0
IBM,22.09.30,2022,FY4Q,1.38,22.21,66.95,9.97,6.58,85.03,5.35,1.77,11.9,6.5,1.0,2.3,526.5,95.2,2.0
IBM,22.06.30,2022,FY3Q,6.17,21.53,66.2,10.9,6.57,22.73,6.54,2.13,12.92,28.1,4.2,9.1,556.6,87.6,6.0
KO,25.09.26,2025,FY4Q,3.02,7.26,11.08,1.77,2.02,21.69,9.05,5.93,37.17,47.0,12.6,21.1,232.9,121.1,9.0
KO,25.06.27,2025,FY3Q,2.82,6.64,10.93,0.3,1.99,24.85,10.59,6.43,232.68,45.9,11.8,20.8,259.4,121.3,8.0
KO,25.03.28,2025,FY2Q,2.5,6.09,10.9,0.25,1.97,28.07,11.55,6.46,281.55,41.7,10.5,19.9,282.3,110.0,7.0
KO,24.12.31,2025,FY1Q,2.46,5.77,10.92,1.58,1.94,25.23,10.79,5.7,39.41,41.0,10.4,20.8,298.4,103.0,6.0
KO,24.09.27,2024,FY4Q,2.42,6.15,10.76,1.28,1.92,29.73,11.67,6.67,56.01,39.8,10.3,20.7,294.6,106.0,6.0
KO,24.06.28,2024,FY3Q,2.47,6.0,10.78,2.57,1.89,25.75,10.61,5.9,24.74,40.7,10.8,21.5,285.4,108.0,7.0
KO,24.03.29,2024,FY2Q,2.5,6.13,10.69,2.78,1.87,24.47,9.98,5.73,22.05,41.2,11.0,21.1,270.3,103.9,7.0
KO,23.12.31,2024,FY1Q,2.47,6.0,10.58,2.68,1.84,23.78,9.82,5.57,21.97,41.4,11.0,21.1,270.7,113.4,7.0
KO,23.09.29,2023,FY4Q,2.48,6.09,10.41,2.75,1.82,22.47,9.2,5.38,20.38,42.4,11.2,21.2,264.9,114.2,8.0
KO,23.06.30,2023,FY3Q,2.42,6.02,10.21,2.57,1.8,24.78,10.01,5.9,23.46,42.8,11.0,20.8,272.6,114.4,9.0
KO,23.03.31,2023,FY2Q,2.27,5.83,10.05,2.44,1.78,27.2,10.64,6.17,25.43,41.5,10.5,19.4,279.7,115.1,10.0
KO,22.12.31,2023,FY1Q,2.19,5.57,9.94,2.55,1.76,28.83,11.41,6.4,24.97,40.3,10.2,18.0,277.7,114.5,12.0
KO,22.09.30,2022,FY4Q,2.28,5.27,9.79,2.65,1.74,24.41,10.62,5.72,21.14,42.4,10.6,18.2,298.3,112.6,14.0
KO,22.07.01,2022,FY4Q,2.2,5.31,9.54,2.69,1.72,29.16,12.13,6.75,23.96,41.2,10.3,17.2,297.2,112.7,14.0
MS,25.09.30,2025,FY4Q,9.75,70.0,43.91,-2.34,3.78,16.31,2.31,3.68,-68.97,14.5,1.2,1.4,1140.2,-,-
MS,25.06.30,2025,FY3Q,8.83,68.6,41.94,-11.2,3.71,15.98,2.09,3.42,-12.79,13.3,1.1,1.3,1150.4,-,-
MS,25.03.31,2025,FY2Q,8.52,67.43,40.63,-17.03,3.63,13.74,1.76,2.92,-6.98,13.0,1.1,1.3,1116.4,-,-
MS,24.12.31,2025,FY1Q,7.95,65.69,38.82,0.86,3.55,15.82,1.94,3.28,148.71,12.2,1.1,1.2,1061.7,-,-
MS,24.09.30,2024,FY4Q,6.57,65.81,36.8,-17.75,3.48,15.88,1.61,2.89,-5.98,10.3,0.9,1.1,1061.7,-,-
MS,24.06.30,2024,FY3Q,6.07,65.57,35.34,-4.47,3.4,16.03,1.51,2.8,-22.18,9.7,0.8,1.0,1061.7,-,-
MS,24.03.31,2024,FY2Q,5.49,65.28,34.21,-12.06,3.33,17.19,1.47,2.81,-7.97,8.9,0.7,0.9,1061.7,-,-
MS,23.12.31,2024,FY1Q,5.18,60.83,33.26,-20.6,3.25,17.94,1.55,2.83,-4.56,8.6,0.7,0.9,1104.3,-,-
MS,23.09.30,2023,FY4Q,5.59,60.98,33.25,-18.34,3.18,14.61,1.37,2.51,-4.54,9.3,0.8,0.9,1104.3,-,-
MS,23.06.30,2023,FY3Q,5.68,60.57,32.85,-25.13,3.1,15.03,1.44,2.66,-3.47,9.5,0.8,1.0,1104.3,-,-
MS,23.03.31,2023,FY2Q,5.83,60.21,32.45,-10.03,3.03,15.02,1.49,2.77,-8.95,9.8,0.8,1.0,1104.3,-,-
MS,22.12.31,2023,FY1Q,6.15,59.22,31.74,-3.78,2.95,13.63,1.44,2.68,-22.46,10.5,0.9,1.1,1077.5,-,-
MS,22.09.30,2022,FY4Q,6.89,59.82,33.12,4.75,2.88,11.29,1.36,2.45,17.07,11.8,1.0,1.3,1077.5,-,-
MS,22.06.30,2022,FY3Q,7.4,58.77,33.57,10.35,2.8,10.15,1.33,2.33,7.55,12.8,1.1,1.4,1077.5,-,-
MU,25.08.28,2025,FY4Q,7.59,48.54,33.49,15.7,0.46,15.99,2.52,3.65,7.79,17.0,11.2,14.1,52.9,251.8,20.0
MU,25.05.29,2025,FY3Q,5.56,45.39,30.24,13.6,0.46,17.38,2.13,3.2,7.12,13.0,8.5,11.6,54.5,275.5,16.0
MU,25.02.27,2025,FY2Q,4.18,43.62,28.09,11.72,0.46,21.9,2.1,3.27,7.83,10.1,6.7,9.9,50.2,313.4,12.0
MU,24.11.28,2025,FY1Q,3.48,42.12,26.19,9.32,0.46,28.05,2.33,3.74,10.52,8.6,5.7,7.8,52.7,271.7,8.0
MU,24.08.29,2024,FY4Q,0.7,40.84,22.73,7.7,0.46,136.21,2.35,4.22,12.46,1.8,1.2,2.8,53.8,263.5,2.0
MU,24.05.30,2024,FY3Q,-1.42,39.95,19.31,4.83,0.46,-90.87,3.16,6.54,26.14,-3.5,-2.4,-1.9,49.8,340.9,-3.0
MU,24.02.29,2024,FY2Q,-3.45,39.74,16.59,2.62,0.46,-26.55,2.28,5.46,34.57,-8.5,-5.8,-5.8,49.8,374.4,-8.0
MU,23.11.30,2024,FY1Q,-6.28,38.99,14.71,1.83,0.46,-12.16,1.95,5.17,41.44,-15.3,-10.6,-9.8,48.7,353.2,-14.0
MU,23.08.31,2023,FY4Q,-5.34,40.37,14.22,1.43,0.46,-13.13,1.74,4.93,49.14,-12.5,-8.8,-8.4,45.6,445.8,-15.0
MU,23.06.01,2023,FY3Q,-2.66,41.5,16.61,4.65,0.46,-25.97,1.67,4.16,14.86,-6.1,-4.4,-3.9,44.7,425.8,-9.0
MU,23.03.02,2023,FY2Q,1.41,43.32,21.14,8.16,0.45,38.22,1.3,2.67,6.92,3.3,2.4,3.9,40.8,416.7,9.0
MU,22.12.01,2023,FY1Q,5.53,45.24,24.91,11.18,0.43,9.75,1.22,2.22,4.95,12.6,9.4,12.5,37.7,351.3,35.0
MU,22.09.01,2022,FY4Q,7.75,44.88,27.66,13.65,0.42,7.28,1.27,2.06,4.16,18.0,13.5,18.0,32.8,288.9,51.0
MU,22.06.02,2022,FY3Q,8.77,44.32,29.13,13.75,0.3,8.49,1.71,2.6,5.51,21.2,15.9,21.2,32.5,324.0,58.0
PG,25.09.30,2025,FY4Q,6.85,22.74,36.26,8.08,4.13,21.47,6.76,4.24,19.02,32.1,13.5,42.7,139.0,71.4,24.0
PG,25.06.30,2025,FY3Q,6.51,22.18,35.95,7.6,4.08,23.38,7.18,4.43,20.96,30.8,12.8,41.0,140.2,70.4,23.0
PG,25.03.31,2025,FY2Q,6.3,22.29,35.79,7.93,4.03,25.79,7.65,4.76,21.5,30.2,12.5,40.0,134.8,71.3,22.0
PG,24.12.31,2025,FY1Q,6.28,21.73,35.82,8.05,3.96,25.51,7.72,4.68,20.81,30.4,12.6,40.2,139.1,75.9,21.0
PG,24.09.30,2024,FY4Q,5.8,22.02,35.64,8.17,3.89,28.48,7.87,4.86,21.19,28.5,11.7,38.4,143.4,75.4,20.0
PG,24.06.30,2024,FY3Q,6.02,21.31,35.61,8.41,3.83,26.16,7.74,4.63,19.61,30.3,12.3,40.4,142.8,73.5,20.0
PG,24.03.31,2024,FY2Q,6.12,21.27,35.72,8.26,3.76,25.24,7.63,4.54,19.65,31.3,12.5,41.7,138.4,69.4,20.0
PG,23.12.31,2024,FY1Q,5.97,20.59,35.61,8.15,3.74,23.38,7.12,4.12,17.98,31.4,12.2,41.8,148.1,64.3,20.0
PG,23.09.30,2023,FY4Q,6.16,20.23,35.32,7.5,3.71,22.57,7.21,4.13,19.45,33.1,12.7,43.2,156.2,67.1,22.0
PG,23.06.30,2023,FY3Q,5.9,19.85,34.79,7.15,3.68,24.41,7.65,4.36,21.23,32.5,12.3,42.2,157.7,63.3,24.0
PG,23.03.31,2023,FY2Q,5.75,18.25,32.74,6.15,3.65,24.49,7.77,4.33,23.05,31.8,12.2,41.1,164.9,58.7,28.0
PG,22.12.31,2023,FY1Q,5.71,17.92,32.36,5.89,3.61,25.15,8.08,4.47,24.59,31.6,12.1,40.3,164.2,56.4,33.0
PG,22.09.30,2022,FY4Q,5.78,17.61,32.14,6.45,3.57,20.71,6.85,3.75,18.68,32.2,12.3,41.1,163.2,61.5,39.0
PG,22.06.30,2022,FY3Q,5.81,19.42,33.42,6.97,3.52,23.4,7.41,4.3,20.63,32.3,12.3,41.7,151.0,65.5,41.0
UNH,25.09.30,2025,FY4Q,19.16,105.73,480.31,23.13,8.62,17.78,3.27,0.72,14.92,18.6,5.7,21.7,218.7,82.3,7.0
UNH,25.06.30,2025,FY3Q,23.08,104.44,466.17,31.93,8.51,13.29,2.99,0.67,9.77,22.6,7.0,25.8,215.1,84.6,7.0
UNH,25.03.31,2025,FY2Q,23.88,104.21,449.62,31.27,8.4,21.67,5.04,1.17,16.8,23.8,7.4,27.5,215.3,84.9,8.0
UNH,24.12.31,2025,FY1Q,15.51,100.61,434.61,26.28,8.18,32.32,5.02,1.16,19.23,15.9,4.9,20.9,211.2,82.7,8.0
UNH,24.09.30,2024,FY4Q,15.37,102.42,426.76,18.03,7.96,37.71,5.71,1.37,32.44,15.9,5.0,21.9,206.1,90.8,9.0
UNH,24.06.30,2024,FY3Q,15.1,97.02,418.5,10.42,7.74,33.24,5.25,1.22,48.83,16.2,5.0,24.0,209.1,87.9,9.0
UNH,24.03.31,2024,FY2Q,16.38,94.02,411.59,15.06,7.52,29.69,5.26,1.2,32.85,18.0,5.5,28.1,216.1,85.2,10.0
UNH,23.12.31,2024,FY1Q,23.86,95.64,400.46,31.32,7.29,21.76,5.49,1.31,16.75,26.6,8.0,39.3,196.9,79.2,10.0
UNH,23.09.30,2023,FY4Q,23.04,91.25,388.75,32.1,7.06,21.54,5.53,1.3,15.71,26.6,7.9,39.7,222.6,80.5,10.0
UNH,23.06.30,2023,FY3Q,22.35,88.55,374.75,44.49,6.83,21.2,5.43,1.28,10.82,26.7,8.0,40.8,228.3,79.5,11.0
UNH,23.03.31,2023,FY2Q,21.87,87.15,360.07,39.89,6.6,21.29,5.42,1.31,11.85,27.0,8.3,39.7,237.4,80.6,12.0
UNH,22.12.31,2023,FY1Q,21.18,83.0,345.96,27.97,6.4,24.62,6.37,1.53,18.9,27.0,8.6,39.8,204.9,77.4,14.0
UNH,22.09.30,2022,FY4Q,20.42,79.84,337.03,36.32,6.2,24.31,6.33,1.5,13.91,26.6,8.6,39.3,214.5,82.2,15.0
UNH,22.06.30,2022,FY3Q,19.15,77.72,327.17,24.53,6.0,26.4,6.62,1.57,20.96,25.4,8.3,34.7,204.7,77.1,14.0
WFC,25.09.30,2025,FY4Q,6.08,56.93,26.02,-4.47,1.65,13.44,1.48,3.24,-18.89,11.1,1.0,1.1,1037.7,-,-
WFC,25.06.30,2025,FY3Q,5.84,56.03,25.28,-2.83,1.6,13.38,1.44,3.19,-28.52,10.8,1.0,1.1,992.9,-,-
WFC,25.03.31,2025,FY2Q,5.57,55.2,24.87,1.26,1.55,12.48,1.3,2.89,57.25,10.5,1.0,1.1,976.0,-,-
WFC,24.12.31,2025,FY1Q,5.37,52.28,24.02,0.89,1.5,12.57,1.31,2.84,77.06,10.3,1.0,1.2,976.3,-,-
WFC,24.09.30,2024,FY4Q,4.82,54.14,24.34,3.64,1.45,11.33,1.05,2.33,15.59,9.3,0.9,1.1,947.9,-,-
WFC,24.06.30,2024,FY3Q,4.88,51.16,24.04,6.85,1.4,11.79,1.17,2.5,8.76,9.7,0.9,1.1,998.7,-,-
WFC,24.03.31,2024,FY2Q,4.8,50.83,23.24,5.85,1.35,11.79,1.15,2.51,9.96,9.7,0.9,1.1,981.8,-,-
WFC,23.12.31,2024,FY1Q,4.83,50.36,22.39,10.94,1.3,9.94,0.96,2.16,4.43,9.9,0.9,1.1,939.5,-,-
WFC,23.09.30,2023,FY4Q,4.71,49.53,22.52,8.06,1.25,8.42,0.82,1.81,5.07,9.8,0.9,1.1,955.6,-,-
WFC,23.06.30,2023,FY3Q,4.09,48.7,21.86,7.0,1.2,10.29,0.89,1.98,6.18,8.7,0.8,1.0,940.3,-,-
WFC,23.03.31,2023,FY2Q,3.59,47.86,20.44,9.05,1.15,10.3,0.78,1.83,4.14,7.7,0.7,0.9,940.1,-,-
WFC,22.12.31,2023,FY1Q,3.27,47.36,19.54,7.11,1.1,12.53,0.87,2.12,5.82,7.0,0.7,0.8,942.6,-,-
WFC,22.09.30,2022,FY4Q,4.03,46.41,19.98,6.48,1.0,9.71,0.87,2.01,6.2,8.7,0.8,1.1,964.5,-,-
WFC,22.06.30,2022,FY3Q,4.34,46.8,19.8,2.05,0.9,8.64,0.84,1.98,19.05,9.4,0.9,1.2,958.3,-,-
AAPL,25.09.27,2025,FY4Q,7.46,4.93,27.84,7.46,1.02,33.85,51.42,9.11,34.01,164.0,32.8,51.3,387.2,89.3,-
AAPL,25.06.28,2025,FY3Q,6.59,4.42,27.42,7.28,1.01,30.25,45.62,7.35,27.66,154.9,28.9,49.6,403.6,86.8,-
AAPL,25.03.29,2025,FY2Q,6.42,4.46,26.7,7.31,1.0,33.64,49.01,8.18,29.88,151.3,28.4,47.7,395.9,82.1,-
AAPL,24.12.28,2025,FY1Q,6.3,4.43,26.24,7.18,0.99,40.18,57.87,9.76,35.68,145.3,27.9,46.0,415.4,92.3,-
AAPL,24.09.28,2024,FY4Q,6.08,3.71,25.49,7.71,0.98,36.95,60.81,8.86,29.29,137.9,27.0,44.4,540.9,86.7,-
AAPL,24.06.29,2024,FY3Q,6.57,4.36,25.22,7.39,0.97,31.68,48.42,8.38,28.57,147.2,29.7,42.5,397.1,95.3,-
AAPL,24.03.30,2024,FY2Q,6.43,4.82,24.77,7.18,0.96,26.38,35.69,6.94,23.95,148.3,29.1,41.0,354.8,103.7,-
AAPL,23.12.30,2024,FY1Q,6.42,4.78,24.87,7.51,0.95,29.67,40.41,7.76,25.72,156.0,29.4,40.7,377.1,107.3,-
AAPL,23.09.30,2023,FY4Q,6.13,3.95,24.34,7.02,0.94,27.6,43.07,6.98,24.21,160.8,28.4,38.7,467.3,98.8,-
AAPL,23.07.01,2023,FY4Q,5.95,3.84,24.46,7.2,0.93,32.2,50.62,7.95,26.98,164.9,27.7,36.9,455.9,98.2,-53.0
AAPL,23.04.01,2023,FY3Q,5.89,3.94,24.39,6.94,0.92,27.66,41.97,6.78,23.81,165.7,27.6,37.1,434.4,94.0,-81.0
AAPL,22.12.31,2023,FY1Q,5.89,3.57,24.39,6.87,0.91,21.72,36.44,5.33,18.93,163.5,27.5,37.3,511.3,93.8,-164.0
AAPL,22.09.24,2022,FY4Q,6.11,3.13,24.32,7.53,0.9,24.22,47.71,6.13,19.79,160.9,28.1,38.8,596.2,87.9,-
AAPL,22.06.25,2022,FY3Q,6.05,3.6,23.98,7.31,0.89,23.01,39.46,5.92,19.39,153.0,28.1,38.6,478.8,86.5,43.0
AAPL,22.03.26,2022,FY2Q,6.15,4.14,23.71,7.15,0.88,27.97,42.31,7.39,24.49,152.9,28.9,38.7,420.3,92.7,44.0
AAPL,21.12.25,2022,FY1Q,6.03,4.39,23.08,6.85,0.87,28.76,40.21,7.65,25.77,149.8,28.7,38.0,429.9,103.8,43.0
AMZN,25.09.30,2025,FY4Q,7.08,34.63,64.77,21.32,0.0,30.62,6.34,3.39,10.29,23.6,11.4,18.0,96.9,100.9,35.0
AMZN,25.06.30,2025,FY3Q,6.56,31.38,62.99,20.5,0.0,32.98,6.98,3.48,10.68,23.8,11.1,17.1,104.4,102.4,34.0
AMZN,25.03.31,2025,FY2Q,6.14,28.85,61.33,19.88,0.0,30.58,6.59,3.1,9.57,24.3,11.0,16.9,110.3,104.8,31.0
AMZN,24.12.31,2025,FY1Q,5.53,27.31,60.92,11.06,0.0,38.94,8.07,3.62,19.91,23.7,10.3,15.9,118.5,106.4,29.0
AMZN,24.09.30,2024,FY4Q,4.68,24.68,59.05,10.73,0.0,39.22,7.55,3.15,17.35,21.8,9.1,14.6,125.6,108.9,24.0
AMZN,24.06.30,2024,FY3Q,4.19,22.63,57.85,10.33,0.0,45.28,8.51,3.33,18.63,21.2,8.5,13.7,134.6,109.6,20.0
AMZN,24.03.31,2024,FY2Q,3.58,20.85,56.84,9.54,0.0,49.72,8.65,3.17,18.9,19.6,7.4,12.2,145.1,107.2,16.0
AMZN,23.12.31,2024,FY1Q,2.9,19.59,55.78,8.24,0.0,51.61,7.78,2.73,18.48,17.2,6.2,10.2,161.5,104.5,12.0
AMZN,23.09.30,2023,FY4Q,1.92,17.73,53.67,6.94,0.0,65.32,7.17,2.37,18.3,12.3,4.2,6.7,166.1,98.5,8.0
AMZN,23.06.30,2023,FY3Q,1.26,16.39,52.31,6.01,0.0,102.32,7.93,2.49,21.63,8.6,2.9,4.4,183.3,94.8,6.0
AMZN,23.03.31,2023,FY2Q,0.41,15.08,51.21,5.3,0.0,246.49,6.85,2.02,19.48,3.0,1.0,1.7,200.5,92.3,5.0
AMZN,22.12.31,2023,FY1Q,-0.27,14.33,50.45,4.59,0.0,-314.82,5.87,1.67,18.33,-2.0,-0.6,-1.0,216.8,94.5,5.0
AMZN,22.09.30,2022,FY4Q,1.09,13.49,49.28,3.89,0.0,101.67,8.37,2.29,29.02,8.4,2.7,3.5,211.6,93.7,6.0
AMZN,22.06.30,2022,FY3Q,1.12,12.91,47.75,3.5,0.0,93.1,8.22,2.22,30.38,8.9,2.8,4.0,219.4,95.3,8.0
AMZN,22.03.31,2022,FY2Q,2.08,13.18,46.97,3.87,0.0,77.47,12.38,3.47,42.18,16.9,5.4,7.6,206.5,96.0,10.0
AVGO,25.08.03,2025,FY4Q,3.92,15.55,12.71,5.4,2.3,71.71,18.53,22.66,53.37,27.0,11.5,34.0,126.0,149.7,7.0
AVGO,25.05.04,2025,FY3Q,2.67,14.78,12.12,4.94,2.24,74.13,13.76,16.79,41.21,18.9,7.8,30.3,136.6,107.7,6.0
AVGO,25.02.02,2025,FY2Q,2.08,14.87,11.61,4.53,2.17,102.97,14.86,19.02,48.79,14.8,6.0,25.4,136.9,100.4,5.0
AVGO,24.11.03,2025,FY1Q,1.23,14.64,11.15,4.32,2.11,133.83,11.66,15.3,39.52,8.6,3.4,18.8,144.8,117.4,3.0
AVGO,24.08.04,2024,FY4Q,1.15,14.08,10.04,4.11,2.04,131.4,10.2,14.3,34.89,8.9,3.4,20.0,155.8,103.8,4.0
AVGO,24.05.05,2024,FY3Q,2.32,15.06,9.18,4.08,1.97,57.66,8.47,13.9,31.27,22.1,8.3,23.0,150.4,125.4,5.0
AVGO,24.02.04,2024,FY2Q,2.7,15.56,8.6,4.18,1.91,49.27,8.16,14.75,30.38,33.6,11.8,28.7,153.1,133.5,7.0
AVGO,23.10.29,2024,FY1Q,3.3,5.78,8.63,4.36,1.84,24.57,14.43,9.66,19.13,61.6,19.5,39.0,203.7,281.5,10.0
AVGO,23.07.30,2023,FY4Q,3.25,5.35,8.59,4.32,1.79,26.77,16.82,10.47,20.81,61.6,19.2,38.3,224.3,249.6,10.0
AVGO,23.04.30,2023,FY3Q,3.2,5.3,8.44,4.23,1.74,19.26,11.87,7.45,14.89,61.0,18.8,37.9,225.7,237.9,10.0
AVGO,23.01.29,2023,FY2Q,2.97,5.58,8.23,4.14,1.69,19.6,10.6,7.18,14.29,57.4,17.4,36.1,213.1,251.7,9.0
AVGO,22.10.30,2023,FY1Q,2.65,5.55,8.12,4.09,1.64,17.07,8.43,5.77,11.44,51.3,15.5,33.4,222.6,262.4,8.0
AVGO,22.07.31,2022,FY4Q,2.32,5.16,7.82,3.88,1.59,22.01,10.36,6.83,13.78,43.8,13.5,30.1,241.5,232.2,7.0
AVGO,22.05.01,2022,FY3Q,2.02,5.14,7.35,3.63,1.54,26.23,10.8,7.55,15.28,37.0,11.6,26.3,242.0,214.3,6.0
AVGO,22.01.30,2022,FY2Q,1.76,5.58,6.92,3.43,1.49,30.71,10.07,8.11,16.36,31.3,10.0,23.1,218.7,244.0,6.0
AVGO,21.10.31,2022,FY1Q,1.5,6.09,6.7,3.36,1.44,34.0,8.77,7.97,15.9,26.5,8.5,20.3,202.6,264.1,5.0
BRK.B,25.09.30,2025,FY4Q,31.27,322.95,185.29,28.57,0.0,16.11,1.56,2.71,27.59,10.1,5.7,7.8,75.3,-,17.0
BRK.B,25.06.30,2025,FY3Q,29.17,309.37,183.93,20.41,0.0,16.67,1.57,2.64,38.26,9.7,5.4,7.3,73.9,-,16.0
BRK.B,25.03.31,2025,FY2Q,37.52,303.39,192.74,23.11,0.0,14.2,1.76,2.76,37.15,12.8,7.1,9.4,77.6,-,20.0
BRK.B,24.12.31,2025,FY1Q,41.27,300.91,196.58,23.02,0.0,10.99,1.51,2.31,31.98,14.5,7.9,10.6,77.3,-,22.0
BRK.B,24.09.30,2024,FY4Q,49.46,292.0,210.25,30.45,0.0,9.28,1.58,2.19,24.56,18.1,9.7,12.9,81.9,-,27.0
BRK.B,24.06.30,2024,FY3Q,31.4,278.93,186.76,39.82,0.0,12.93,1.46,2.18,16.8,12.0,6.4,8.5,83.2,-,17.0
BRK.B,24.03.31,2024,FY2Q,33.84,264.21,189.98,38.94,0.0,12.39,1.59,2.21,17.81,13.4,7.0,9.3,86.1,-,19.0
BRK.B,23.12.31,2024,FY1Q,44.27,257.85,201.83,37.58,0.0,8.07,1.38,1.77,15.78,18.1,9.3,12.4,88.9,-,25.0
BRK.B,23.09.30,2023,FY4Q,35.07,240.56,183.94,34.47,0.0,9.97,1.46,1.9,16.96,15.0,7.7,10.2,92.4,-,20.0
BRK.B,23.06.30,2023,FY3Q,39.68,246.66,183.53,33.26,0.0,8.61,1.38,1.86,17.31,17.6,8.9,11.8,90.7,-,23.0
BRK.B,23.03.31,2023,FY2Q,3.38,229.67,129.91,30.13,0.0,94.67,1.34,2.38,17.3,1.5,0.8,1.2,95.3,-,2.0
BRK.B,22.12.31,2023,FY1Q,-10.33,214.8,106.23,28.67,0.0,-29.91,1.44,2.91,18.23,-4.8,-2.4,-2.9,98.6,-,-6.0
BRK.B,22.09.30,2022,FY4Q,-0.85,206.79,115.33,26.76,0.0,-559.54,1.29,2.32,16.88,-0.2,-0.1,-,96.3,-,0.0
BRK.B,22.06.30,2022,FY3Q,5.01,208.89,120.5,27.38,0.0,49.86,1.31,2.27,17.11,2.5,1.3,1.8,95.4,-,4.0
BRK.B,22.03.31,2022,FY2Q,37.12,230.68,160.39,28.6,0.0,9.28,1.53,2.2,21.04,17.1,8.9,12.0,89.1,-,26.0
BRK.B,21.12.31,2022,FY1Q,39.7,226.22,158.53,30.23,0.0,7.44,1.32,1.89,16.97,19.0,9.8,13.3,87.7,-,28.0
GOOGL,25.09.30,2025,FY4Q,10.13,31.99,31.87,12.52,0.82,23.66,7.6,7.63,19.42,35.0,25.3,40.9,38.7,174.7,253.0
GOOGL,25.06.30,2025,FY3Q,9.38,29.91,30.61,11.02,0.81,18.5,5.89,5.76,15.99,34.3,24.9,40.1,38.3,190.4,302.0
GOOGL,25.03.31,2025,FY2Q,8.96,28.32,29.51,10.88,0.8,16.98,5.46,5.24,14.22,34.5,25.1,40.9,37.7,176.8,565.0
GOOGL,24.12.31,2025,FY1Q,8.04,26.56,28.59,10.24,0.6,23.15,7.13,6.62,18.49,32.5,23.5,38.2,38.5,183.7,419.0
GOOGL,24.09.30,2024,FY4Q,7.54,25.52,27.61,8.54,0.4,21.66,6.5,6.01,19.43,31.7,22.8,36.8,37.0,195.0,370.0
GOOGL,24.06.30,2024,FY3Q,6.97,24.34,26.56,8.5,0.2,25.68,7.49,6.86,21.43,30.5,21.6,34.7,37.9,207.9,283.0
GOOGL,24.03.31,2024,FY2Q,6.52,23.55,25.59,8.61,0.0,22.77,6.41,5.9,17.52,29.5,20.7,33.6,39.1,214.9,287.0
GOOGL,23.12.31,2024,FY1Q,5.8,22.64,24.56,8.13,0.0,23.69,6.17,5.69,17.18,27.2,19.0,31.0,42.0,209.7,274.0
GOOGL,23.09.30,2023,FY4Q,5.22,21.67,23.57,8.44,0.0,24.73,6.04,5.55,15.5,25.2,17.6,28.8,45.2,204.3,239.0
GOOGL,23.06.30,2023,FY3Q,4.73,21.04,22.8,7.81,0.0,24.93,5.69,5.25,15.33,23.5,16.5,27.3,43.4,217.2,237.0
GOOGL,23.03.31,2023,FY2Q,4.5,20.37,22.22,7.02,0.0,22.68,5.09,4.67,14.78,22.8,16.2,26.1,41.6,235.3,204.0
GOOGL,22.12.31,2023,FY1Q,4.56,19.79,21.85,7.07,0.0,19.04,4.46,4.04,12.48,23.5,16.7,26.3,42.6,237.8,210.0
GOOGL,22.09.30,2022,FY4Q,5.03,19.44,21.63,7.12,0.0,18.63,4.92,4.42,13.44,26.4,18.7,28.8,41.3,251.8,205.0
GOOGL,22.06.30,2022,FY3Q,5.37,19.39,21.12,7.21,0.0,19.93,5.62,5.16,15.11,28.6,20.3,31.4,39.1,280.9,229.0
GOOGL,22.03.31,2022,FY2Q,5.52,19.21,20.45,7.37,0.0,24.66,7.24,6.8,18.86,30.2,21.3,33.1,40.6,287.1,233.0
GOOGL,21.12.31,2022,FY1Q,5.61,18.96,19.41,6.9,0.0,25.29,7.64,7.46,20.98,31.6,22.2,34.9,42.8,292.8,227.0
JPM,25.09.30,2025,FY4Q,20.19,130.4,64.95,-43.35,5.3,15.31,2.41,4.83,-7.24,16.0,1.3,1.5,1166.0,-,-
JPM,25.06.30,2025,FY3Q,19.49,127.99,62.98,-53.29,5.05,14.61,2.26,4.59,-5.42,15.8,1.3,1.5,1175.5,-,-
JPM,25.03.31,2025,FY2Q,20.37,124.64,64.17,-49.55,4.8,11.78,1.95,3.79,-4.91,16.9,1.4,1.7,1140.1,-,-
JPM,24.12.31,2025,FY1Q,19.75,119.96,61.78,-14.62,4.6,11.87,1.96,3.8,-16.06,16.6,1.4,1.7,1061.1,-,-
JPM,24.09.30,2024,FY4Q,17.98,120.9,60.6,-45.28,4.4,11.52,1.74,3.46,-4.63,15.4,1.3,1.6,1117.4,-,-
JPM,24.06.30,2024,FY3Q,17.94,117.85,59.03,-3.58,4.25,11.12,1.71,3.41,-56.18,15.8,1.3,1.6,1116.6,-,-
JPM,24.03.31,2024,FY2Q,16.57,115.75,55.6,-10.3,4.1,11.89,1.71,3.57,-19.27,15.0,1.2,1.5,1115.2,-,-
JPM,23.12.31,2024,FY1Q,16.23,111.58,53.8,4.42,4.05,10.3,1.5,3.11,37.9,15.2,1.2,1.5,1082.0,-,-
JPM,23.09.30,2023,FY4Q,16.76,108.41,52.63,18.43,4.0,8.52,1.33,2.74,7.81,16.2,1.3,1.6,1128.3,-,-
JPM,23.06.30,2023,FY3Q,15.55,106.16,49.91,-3.18,4.0,9.23,1.36,2.89,-45.42,15.4,1.2,1.5,1137.8,-,-
JPM,23.03.31,2023,FY2Q,13.56,102.1,45.93,12.73,4.0,9.53,1.27,2.81,10.15,13.8,1.1,1.4,1135.4,-,-
JPM,22.12.31,2023,FY1Q,12.09,98.57,43.39,36.12,4.0,10.96,1.35,3.06,3.67,12.5,0.9,1.2,1154.0,-,-
JPM,22.09.30,2022,FY4Q,11.85,97.26,41.67,30.73,4.0,8.7,1.06,2.48,3.37,12.2,0.9,1.2,1210.3,-,-
JPM,22.06.30,2022,FY3Q,12.47,96.6,40.62,44.74,3.9,8.89,1.16,2.75,2.5,12.9,1.0,1.3,1242.4,-,-
JPM,22.03.31,2022,FY2Q,13.49,96.04,40.34,26.89,3.8,9.94,1.41,3.35,5.03,14.0,1.1,1.4,1283.2,-,-
JPM,21.12.31,2022,FY1Q,15.36,97.35,40.26,25.84,3.7,10.06,1.59,3.85,5.99,16.2,1.3,1.6,1172.8,-,-
LLY,25.09.30,2025,FY4Q,20.44,26.53,66.25,17.91,5.8,39.22,30.35,12.15,44.96,102.3,19.2,27.0,382.8,154.6,-
LLY,25.06.30,2025,FY3Q,15.3,20.35,59.31,12.18,5.6,53.54,40.43,13.87,67.54,88.4,16.0,22.1,451.9,127.8,-
LLY,25.03.31,2025,FY2Q,12.29,17.54,54.53,10.37,5.4,70.51,49.67,15.98,84.05,76.9,14.1,19.7,466.5,137.2,-
LLY,24.12.31,2025,FY1Q,11.71,15.76,50.01,9.79,5.2,69.2,51.64,16.27,83.11,77.3,14.6,20.2,454.1,115.4,-
LLY,24.09.30,2024,FY4Q,9.25,15.81,45.35,6.7,5.03,100.6,59.13,20.61,139.59,65.2,12.2,17.7,430.4,127.3,-
LLY,24.06.30,2024,FY3Q,8.12,15.05,43.2,5.01,4.86,117.2,63.45,22.11,190.8,60.7,11.4,17.5,429.4,111.4,-
LLY,24.03.31,2024,FY2Q,6.79,14.22,39.89,4.08,4.69,120.42,57.69,20.57,201.11,53.5,10.2,16.0,398.4,135.4,-
LLY,23.12.31,2024,FY1Q,5.8,11.97,37.91,4.71,4.52,105.6,51.37,16.22,130.51,47.4,9.1,15.2,493.3,94.3,-
LLY,23.09.30,2023,FY4Q,5.52,12.47,35.64,6.91,4.37,102.22,45.44,15.9,82.05,45.2,9.3,15.3,415.4,104.6,-
LLY,23.06.30,2023,FY3Q,7.19,12.3,32.81,6.94,4.22,68.52,40.24,15.08,71.32,60.5,12.7,19.2,394.7,112.8,-
LLY,23.03.31,2023,FY2Q,6.29,12.42,30.73,7.54,4.07,57.39,29.16,11.79,48.04,56.2,11.5,17.3,374.1,130.0,-
LLY,22.12.31,2023,FY1Q,6.9,11.81,31.65,8.41,3.92,55.66,32.64,12.18,45.82,64.7,13.1,19.5,363.5,105.2,-
LLY,22.09.30,2022,FY4Q,6.65,11.18,32.46,9.09,3.79,50.93,30.51,10.51,37.54,65.4,12.7,18.7,370.4,112.7,-
LLY,22.06.30,2022,FY3Q,6.26,9.49,32.29,8.44,3.66,54.13,36.05,10.6,40.54,65.8,11.9,17.6,449.5,109.6,-
LLY,22.03.31,2022,FY2Q,6.74,10.33,32.45,9.06,3.53,44.5,29.23,9.3,33.29,75.4,12.8,19.0,401.4,126.7,-
LLY,21.12.31,2022,FY1Q,6.12,9.9,31.22,8.12,3.4,47.34,29.43,9.33,35.87,74.2,11.7,17.4,441.6,122.6,-
META,25.09.30,2025,FY4Q,22.6,77.1,75.27,42.74,2.08,31.52,9.51,9.74,17.15,30.9,20.3,32.5,56.6,197.8,-
META,25.06.30,2025,FY3Q,27.58,77.47,71.01,40.63,2.05,25.95,9.51,10.38,18.14,39.3,25.8,33.6,51.1,197.3,-
META,25.03.31,2025,FY2Q,25.6,73.22,67.42,38.03,2.03,21.92,7.89,8.57,15.19,38.7,25.6,34.4,51.4,266.2,-
META,24.12.31,2025,FY1Q,23.86,72.08,64.92,36.04,2.0,23.7,8.09,8.99,16.18,38.2,25.3,35.2,51.1,297.8,-
META,24.09.30,2024,FY4Q,21.21,65.06,61.77,32.72,1.5,26.08,8.8,9.27,17.5,35.6,23.7,34.2,55.8,273.2,-
META,24.06.30,2024,FY3Q,19.57,61.86,59.11,30.95,1.0,24.87,8.16,8.54,16.31,34.2,22.9,34.2,46.9,283.0,-
META,24.03.31,2024,FY2Q,17.39,58.75,56.08,30.0,0.5,27.06,8.28,8.67,16.21,31.6,20.9,32.0,49.0,268.1,-
META,23.12.31,2024,FY1Q,14.87,59.51,52.41,27.63,0.0,23.27,5.94,6.74,12.79,28.2,18.7,29.1,49.9,267.1,-
META,23.09.30,2023,FY4Q,11.34,55.46,49.28,25.71,0.0,25.98,5.41,6.09,11.67,22.6,15.0,23.4,51.4,256.7,-
META,23.06.30,2023,FY3Q,8.59,52.19,46.93,21.62,0.0,32.62,5.49,6.1,13.25,17.7,11.9,18.5,54.2,232.5,-
META,23.03.31,2023,FY2Q,8.07,48.24,45.36,19.48,0.0,25.62,4.4,4.68,10.9,17.1,11.9,18.8,47.8,206.8,-
META,22.12.31,2023,FY1Q,8.59,46.79,43.4,18.78,0.0,13.75,2.54,2.74,6.32,18.6,13.3,21.1,47.7,220.3,-
META,22.09.30,2022,FY4Q,10.48,46.27,44.04,20.16,0.0,12.65,2.94,3.09,6.74,23.2,17.0,27.2,44.2,257.0,-
META,22.06.30,2022,FY3Q,12.06,46.51,44.16,21.62,0.0,12.98,3.47,3.66,7.46,26.5,20.1,32.0,35.0,252.0,-
META,22.03.31,2022,FY2Q,13.21,45.22,43.91,21.84,0.0,16.21,4.91,5.06,10.17,28.7,22.3,35.3,33.3,281.1,-
META,21.12.31,2022,FY1Q,13.77,44.36,41.89,20.49,0.0,23.77,7.49,7.93,16.22,29.7,23.5,37.2,32.9,315.4,-
MSFT,25.09.30,2025,FY4Q,14.06,48.85,39.53,19.78,3.32,36.7,10.6,13.1,26.18,31.5,17.8,36.7,75.3,140.1,54.0
MSFT,25.06.30,2025,FY3Q,13.64,46.21,37.9,18.32,3.24,36.31,10.76,13.12,27.15,32.4,18.2,37.9,80.2,135.3,54.0
MSFT,25.03.31,2025,FY2Q,12.94,43.3,36.32,17.58,3.16,28.88,8.67,10.34,21.35,32.7,18.1,38.5,74.8,137.2,49.0
MSFT,24.12.31,2025,FY1Q,12.42,40.71,35.21,16.89,3.08,33.79,10.35,11.97,24.95,33.4,18.1,38.9,76.4,135.1,44.0
MSFT,24.09.30,2024,FY4Q,12.12,38.71,34.2,16.43,3.0,35.34,11.12,12.58,26.19,34.6,18.2,39.9,81.8,130.1,38.0
MSFT,24.06.30,2024,FY3Q,11.8,36.13,32.99,15.95,2.93,37.69,12.37,13.55,28.02,36.0,18.4,40.7,90.8,127.5,37.0
MSFT,24.03.31,2024,FY2Q,11.55,34.07,31.84,14.82,2.86,36.27,12.35,13.21,28.39,37.5,19.0,41.0,91.3,124.2,39.0
MSFT,23.12.31,2024,FY1Q,11.06,32.06,30.62,13.81,2.79,33.86,11.73,12.28,27.23,38.4,19.3,40.4,97.5,121.8,42.0
MSFT,23.09.30,2023,FY4Q,10.33,29.71,29.39,12.78,2.72,30.43,10.63,10.75,24.7,38.3,19.2,38.6,102.0,166.3,47.0
MSFT,23.06.30,2023,FY3Q,9.68,27.7,28.46,11.76,2.66,34.99,12.28,11.95,28.91,38.2,19.1,37.0,99.8,176.9,45.0
MSFT,23.03.31,2023,FY2Q,9.24,26.16,27.9,11.21,2.6,31.09,11.02,10.34,25.72,38.5,18.8,35.9,95.2,191.3,43.0
MSFT,22.12.31,2023,FY1Q,9.01,24.58,27.39,11.33,2.54,26.51,9.76,8.76,21.19,39.3,18.8,35.4,99.1,193.1,42.0
MSFT,22.09.30,2022,FY4Q,9.29,23.28,27.23,11.76,2.48,24.89,10.01,8.55,19.81,42.1,19.8,36.4,107.3,184.0,42.0
MSFT,22.06.30,2022,FY3Q,9.65,22.22,26.45,11.88,2.42,26.41,11.53,9.69,21.57,45.4,21.0,35.6,119.1,178.5,40.0
MSFT,22.03.31,2022,FY2Q,9.58,21.74,25.7,11.63,2.36,31.9,14.19,12.0,26.53,47.0,21.4,35.1,111.5,198.8,39.0
MSFT,21.12.31,2022,FY1Q,9.39,21.32,24.64,11.18,2.3,35.47,15.78,13.66,30.09,48.4,21.6,34.1,112.7,224.7,35.0
NVDA,25.07.27,2025,FY4Q,3.52,4.11,6.78,3.16,0.04,48.89,42.28,25.62,54.95,105.2,73.1,112.2,40.6,421.4,389.0
NVDA,25.04.27,2025,FY3Q,3.11,3.43,6.08,3.12,0.04,35.28,32.31,18.24,35.57,106.9,73.5,111.9,49.4,338.8,350.0
NVDA,25.01.26,2025,FY2Q,2.94,3.23,5.31,2.61,0.03,47.93,44.03,26.77,54.5,115.4,78.8,116.1,40.7,444.0,330.0
NVDA,24.10.27,2025,FY1Q,2.54,2.69,4.62,2.4,0.03,55.05,52.69,30.65,58.89,116.7,77.9,114.9,45.7,410.5,285.0
NVDA,24.07.28,2024,FY4Q,2.13,2.37,3.92,1.98,0.02,52.47,47.82,28.88,57.15,115.5,75.1,109.4,46.5,426.9,237.0
NVDA,24.04.28,2024,FY3Q,1.71,2.0,3.24,1.65,0.02,51.49,44.63,27.5,54.13,111.4,69.1,100.3,56.8,352.9,187.0
NVDA,24.01.28,2024,FY2Q,1.19,1.74,2.47,1.14,0.02,50.65,35.08,24.74,53.67,92.8,55.7,78.3,52.9,417.1,128.0
NVDA,23.10.29,2024,FY1Q,0.76,1.35,1.82,0.76,0.02,52.96,30.07,22.29,53.1,70.4,39.9,53.8,62.8,358.8,80.0
NVDA,23.07.30,2023,FY4Q,0.41,1.11,1.32,0.48,0.02,111.84,41.99,35.33,97.04,43.3,23.5,30.3,80.2,278.7,42.0
NVDA,23.04.30,2023,FY3Q,0.19,0.99,1.05,0.28,0.02,143.0,27.95,26.49,100.48,20.9,11.3,13.0,81.3,342.7,17.0
NVDA,23.01.29,2023,FY2Q,0.17,0.89,1.09,0.23,0.02,114.69,22.67,18.57,88.81,18.7,10.3,11.7,86.3,351.6,16.0
NVDA,22.10.30,2023,FY1Q,0.24,0.86,1.15,0.26,0.02,57.83,16.14,12.06,53.61,24.3,13.7,15.2,89.6,338.8,23.0
NVDA,22.07.31,2022,FY4Q,0.31,0.96,1.19,0.3,0.02,58.66,19.04,15.27,60.12,30.8,17.8,19.8,82.3,362.0,31.0
NVDA,22.05.01,2022,FY3Q,0.37,1.05,1.18,0.36,0.02,49.22,17.69,15.76,51.93,38.7,22.4,25.0,71.8,531.7,40.0
NVDA,22.01.30,2022,FY2Q,0.39,1.07,1.08,0.36,0.02,58.6,21.47,21.23,62.74,43.2,25.3,28.1,66.0,665.0,43.0
NVDA,21.10.31,2022,FY1Q,0.33,0.95,0.97,0.33,0.02,77.76,26.82,26.29,78.38,40.7,23.6,27.7,70.7,714.5,38.0
TSLA,25.09.30,2025,FY4Q,1.5,24.78,29.64,4.88,0.0,272.14,17.94,15.0,91.09,6.9,4.1,8.1,66.3,206.6,13.0
TSLA,25.06.30,2025,FY3Q,1.73,23.99,28.77,4.89,0.0,168.53,13.23,11.04,64.9,8.2,4.9,9.4,65.3,203.7,15.0
TSLA,25.03.31,2025,FY2Q,1.8,23.2,29.75,5.23,0.0,132.34,11.17,8.71,49.51,8.9,5.3,10.1,66.6,199.6,17.0
TSLA,24.12.31,2025,FY1Q,2.04,22.81,30.56,4.67,0.0,182.82,17.78,13.27,86.87,10.4,6.1,11.8,66.4,202.5,20.0
TSLA,24.09.30,2024,FY4Q,3.7,21.87,30.38,4.53,0.0,64.84,11.95,8.6,57.73,19.6,11.5,12.1,70.3,184.4,24.0
TSLA,24.06.30,2024,FY3Q,3.61,20.83,29.87,3.61,0.0,50.2,9.49,6.62,54.72,20.4,11.9,11.9,68.6,191.1,25.0
TSLA,24.03.31,2024,FY2Q,3.99,20.21,29.74,3.45,0.0,40.35,8.7,5.91,50.97,24.0,13.9,15.2,68.4,171.6,36.0
TSLA,23.12.31,2024,FY1Q,4.3,19.73,30.49,4.18,0.0,52.67,12.61,8.16,59.59,27.9,15.9,18.7,68.7,172.6,57.0
TSLA,23.09.30,2023,FY4Q,3.11,16.83,30.2,3.83,0.0,73.84,14.85,8.28,65.29,21.8,12.2,24.7,73.8,169.0,84.0
TSLA,23.06.30,2023,FY3Q,3.53,16.12,29.65,4.4,0.0,68.04,16.23,8.82,59.45,26.5,14.6,31.6,75.1,159.0,88.0
TSLA,23.03.31,2023,FY2Q,3.4,15.18,27.18,4.18,0.0,55.86,13.66,7.63,49.57,27.8,15.1,33.8,78.2,156.7,80.0
TSLA,22.12.31,2023,FY1Q,3.62,14.28,26.03,4.7,0.0,30.98,8.7,4.78,26.42,32.4,17.2,39.9,81.5,153.2,71.0
TSLA,22.09.30,2022,FY4Q,3.23,12.67,23.8,5.1,0.0,74.28,20.86,11.1,51.85,31.9,16.5,39.1,83.6,146.2,54.0
TSLA,22.06.30,2022,FY3Q,2.76,11.69,21.59,4.53,0.0,73.32,19.18,10.39,49.56,29.8,15.0,34.4,84.8,143.1,35.0
TSLA,22.03.31,2022,FY2Q,2.45,10.99,20.04,4.46,0.0,132.6,32.67,17.91,80.41,28.9,13.9,30.9,89.9,135.4,29.0
TSLA,21.12.31,2022,FY1Q,1.63,10.2,18.19,3.89,0.0,192.3,35.16,19.72,92.31,21.0,9.7,21.0,101.2,137.5,18.0
