Date,SPY_Close,SPY_Volume,SPY_Volatility,기준금리,SPY_PER,SPY_PBR,US_GDP,TNX_Close,CPIAUCSL
2022-11-07,379.9500122070313,68286900,5.040008544921875,4.0,22.07,3.6,22125625.0,0.4214000225067139,298.708
2022-11-08,382.0,84641100,7.399993896484375,4.0,22.07,3.6,22125625.0,0.4125999927520752,298.708
2022-11-09,374.1300048828125,78495500,7.530029296875,4.0,22.07,3.6,22125625.0,0.4151000022888184,298.708
2022-11-10,394.6900024414063,141455800,9.399993896484377,4.0,22.07,3.6,22125625.0,0.3828999996185303,297.979
2022-11-11,398.510009765625,93839900,5.740020751953125,4.0,22.07,3.6,22125625.0,0.3812999963760376,297.979
2022-11-14,395.1199951171875,71903500,5.350006103515625,4.0,22.07,3.6,22125625.0,0.3865000009536743,297.979
2022-11-15,398.489990234375,93194500,7.82000732421875,4.0,22.07,3.6,22125625.0,0.3799000024795532,297.979
2022-11-16,395.4500122070313,68508500,2.989990234375,4.0,22.07,3.6,22125625.0,0.3691999912261963,297.979
2022-11-17,394.239990234375,74496300,4.80999755859375,4.0,22.07,3.6,22125625.0,0.3775000095367432,297.979
2022-11-18,396.0299987792969,92922500,4.769989013671875,4.0,22.07,3.6,22125625.0,0.3818000078201294,297.979
2022-11-21,394.5899963378906,51243200,3.160003662109375,4.0,22.07,3.6,22125625.0,0.3825000047683716,297.979
2022-11-22,399.8999938964844,60429000,4.920013427734375,4.0,22.07,3.6,22125625.0,0.3757999897003173,297.979
2022-11-23,402.4200134277344,68261600,3.6199951171875,4.0,22.07,3.6,22125625.0,0.3706000089645386,297.979
2022-11-25,402.3299865722656,30545400,1.3699951171875,4.0,22.07,3.6,22125625.0,0.3690999984741211,297.979
2022-11-28,395.9100036621094,67881600,5.70001220703125,4.0,22.07,3.6,22125625.0,0.3703000068664551,297.979
2022-11-29,395.2300109863281,52310000,4.0,4.0,22.07,3.6,22125625.0,0.3747999906539917,297.979
2022-11-30,407.6799926757813,144566700,14.199981689453123,4.0,22.07,3.6,22125625.0,0.3703000068664551,297.979
2022-12-01,407.3800048828125,76398200,5.25,4.0,22.65,3.6,22125625.0,0.3529000043869018,297.979
2022-12-02,406.9100036621094,85342700,5.719970703125,4.0,22.65,3.6,22125625.0,0.350600004196167,297.979
2022-12-05,399.5899963378906,77289800,6.759979248046875,4.0,22.65,3.6,22125625.0,0.3598999977111816,297.979
2022-12-06,393.8299865722656,77972200,8.3499755859375,4.0,22.65,3.6,22125625.0,0.3513000011444092,297.979
2022-12-07,393.1600036621094,65927900,3.670013427734375,4.0,22.65,3.6,22125625.0,0.3407999992370605,297.979
2022-12-08,396.239990234375,60737900,4.089996337890625,4.0,22.65,3.6,22125625.0,0.3490999937057495,297.979
2022-12-09,393.2799987792969,81447700,4.470001220703125,4.0,22.65,3.6,22125625.0,0.3566999912261963,297.979
2022-12-12,398.9500122070313,75405800,5.540008544921875,4.0,22.65,3.6,22125625.0,0.3611000061035156,297.979
2022-12-13,401.9700012207031,123782500,11.41998291015625,4.0,22.65,3.6,22125625.0,0.3500999927520752,298.708
2022-12-14,399.3999938964844,108111300,9.19000244140625,4.0,22.65,3.6,22125625.0,0.3503000020980835,298.708
2022-12-15,389.6300048828125,117705900,7.3599853515625,4.5,22.65,3.6,22125625.0,0.3450000047683715,298.708
2022-12-16,383.2699890136719,119858000,5.53997802734375,4.5,22.65,3.6,22125625.0,0.3482000112533569,298.708
2022-12-19,380.0199890136719,79878100,5.540008544921875,4.5,22.65,3.6,22125625.0,0.3581000089645386,298.708
2022-12-20,380.5400085449219,74427200,4.3800048828125,4.5,22.65,3.6,22125625.0,0.3684000015258789,298.708
2022-12-21,386.2300109863281,78167400,4.720001220703125,4.5,22.65,3.6,22125625.0,0.3684000015258789,298.708
2022-12-22,380.7200012207031,100120900,11.44000244140625,4.5,22.65,3.6,22125625.0,0.3668999910354614,298.708
2022-12-23,382.9100036621094,59857300,5.029998779296875,4.5,22.65,3.6,22125625.0,0.3750999927520752,298.708
2022-12-27,381.3999938964844,51638200,3.5,4.5,22.65,3.6,22125625.0,0.3859999895095825,298.708
2022-12-28,376.6600036621094,70911500,6.970001220703125,4.5,22.65,3.6,22125625.0,0.388700008392334,298.708
2022-12-29,383.4400024414063,66970900,5.27001953125,4.5,22.65,3.6,22125625.0,0.3835000038146973,298.708
2022-12-30,382.4299926757813,84022200,4.149993896484375,4.5,22.65,3.6,22125625.0,0.3878999948501587,298.708
2023-01-03,380.8200073242188,74850700,8.600006103515625,4.5,22.82,3.75,22278345.0,0.3792999982833862,298.708
2023-01-04,383.760009765625,85934100,5.8800048828125,4.5,22.82,3.75,22278345.0,0.370900011062622,298.708
2023-01-05,379.3800048828125,76970500,3.079986572265625,4.5,22.82,3.75,22278345.0,0.3720000028610229,298.708
2023-01-06,388.0799865722656,104189600,9.839996337890623,4.5,22.82,3.75,22278345.0,0.3569000005722046,298.708
2023-01-09,387.8599853515625,73978100,6.029998779296875,4.5,22.82,3.75,22278345.0,0.3516999959945678,298.708
2023-01-10,390.5799865722656,65358100,4.3800048828125,4.5,22.82,3.75,22278345.0,0.3621000051498413,298.708
2023-01-11,395.5199890136719,68881100,4.220001220703125,4.5,22.82,3.75,22278345.0,0.3553999900817871,298.708
2023-01-12,396.9599914550781,90157700,6.069976806640625,4.5,22.82,3.75,22278345.0,0.3448999881744384,298.808
2023-01-13,398.5,63903900,5.760009765625,4.5,22.82,3.75,22278345.0,0.3510999917984009,298.808
2023-01-17,397.7699890136719,62677300,3.170013427734375,4.5,22.82,3.75,22278345.0,0.3535000085830688,298.808
2023-01-18,391.489990234375,99632300,8.839996337890625,4.5,22.82,3.75,22278345.0,0.3375,298.808
2023-01-19,388.6400146484375,86958900,3.819976806640625,4.5,22.82,3.75,22278345.0,0.3397000074386597,298.808
2023-01-20,395.8800048828125,91806400,7.660003662109375,4.5,22.82,3.75,22278345.0,0.3483999967575073,298.808
2023-01-23,400.6300048828125,84178800,6.92999267578125,4.5,22.82,3.75,22278345.0,0.3525000095367431,298.808
2023-01-24,400.2000122070313,59524900,3.509979248046875,4.5,22.82,3.75,22278345.0,0.3469000101089478,298.808
2023-01-25,400.3500061035156,84800300,7.1400146484375,4.5,22.82,3.75,22278345.0,0.3461999893188476,298.808
2023-01-26,404.75,72287400,4.8900146484375,4.5,22.82,3.75,22278345.0,0.3493000030517578,298.808
2023-01-27,405.6799926757813,68346200,4.720001220703125,4.5,22.82,3.75,22278345.0,0.3517999887466431,298.808
2023-01-30,400.5899963378906,74202000,4.850006103515625,4.5,22.82,3.75,22278345.0,0.3551000118255615,298.808
2023-01-31,406.4800109863281,86811800,5.760009765625,4.5,22.82,3.75,22278345.0,0.3529000043869018,298.808
2023-02-01,410.7999877929688,101459200,11.32000732421875,4.5,23.4,3.75,22278345.0,0.3397000074386597,298.808
2023-02-02,416.7799987792969,101654500,5.42999267578125,4.75,23.4,3.75,22278345.0,0.3395999908447266,298.808
2023-02-03,412.3500061035156,94736800,5.8800048828125,4.75,23.4,3.75,22278345.0,0.3532000064849853,298.808
2023-02-06,409.8299865722656,60295300,3.19000244140625,4.75,23.4,3.75,22278345.0,0.3634000062942505,298.808
2023-02-07,415.1900024414063,90990700,8.91998291015625,4.75,23.4,3.75,22278345.0,0.3674000024795532,298.808
2023-02-08,410.6499938964844,76227500,4.600006103515625,4.75,23.4,3.75,22278345.0,0.3653000116348266,298.808
2023-02-09,407.0899963378906,78694900,8.760009765625,4.75,23.4,3.75,22278345.0,0.3683000087738037,298.808
2023-02-10,408.0400085449219,70769700,3.42999267578125,4.75,23.4,3.75,22278345.0,0.374399995803833,298.808
2023-02-13,412.8299865722656,64913500,4.730010986328125,4.75,23.4,3.75,22278345.0,0.3717000007629394,298.808
2023-02-14,412.6400146484375,88389300,6.53997802734375,4.75,23.4,3.75,22278345.0,0.3760999917984008,300.456
2023-02-15,413.9800109863281,61555700,4.589996337890625,4.75,23.4,3.75,22278345.0,0.3809000015258789,300.456
2023-02-16,408.2799987792969,76431500,4.769989013671875,4.75,23.4,3.75,22278345.0,0.3842999935150146,300.456
2023-02-17,407.260009765625,89257800,3.46002197265625,4.75,23.4,3.75,22278345.0,0.3828000068664551,300.456
2023-02-21,399.0899963378906,82655900,5.339996337890625,4.75,23.4,3.75,22278345.0,0.3954999923706054,300.456
2023-02-22,398.5400085449219,83742300,4.110015869140625,4.75,23.4,3.75,22278345.0,0.392300009727478,300.456
2023-02-23,400.6600036621094,96242400,5.95001220703125,4.75,23.4,3.75,22278345.0,0.3878999948501587,300.456
2023-02-24,396.3800048828125,108194400,3.6099853515625,4.75,23.4,3.75,22278345.0,0.3948999881744385,300.456
2023-02-27,397.7300109863281,80444700,4.540008544921875,4.75,23.4,3.75,22278345.0,0.3921999931335449,300.456
2023-02-28,396.260009765625,96438600,3.1300048828125,4.75,23.4,3.75,22278345.0,0.3915999889373779,300.456
2023-03-01,394.739990234375,99706800,3.30999755859375,4.75,22.66,3.75,22278345.0,0.399399995803833,300.456
2023-03-02,397.80999755859375,85127800,6.360015869140625,4.75,22.66,3.75,22278345.0,0.4072999954223633,300.456
2023-03-03,404.1900024414063,90120000,5.420013427734375,4.75,22.66,3.75,22278345.0,0.396399998664856,300.456
2023-03-06,404.4700012207031,72795900,3.44000244140625,4.75,22.66,3.75,22278345.0,0.3983000040054321,300.456
2023-03-07,398.2699890136719,108310600,7.040008544921875,4.75,22.66,3.75,22278345.0,0.3974999904632568,300.456
2023-03-08,398.9200134277344,74746600,3.1199951171875,4.75,22.66,3.75,22278345.0,0.3976000070571899,300.456
2023-03-09,391.55999755859375,111945300,10.95001220703125,4.75,22.66,3.75,22278345.0,0.3924999952316284,300.456
2023-03-10,385.9100036621094,189253000,8.839996337890625,4.75,22.66,3.75,22278345.0,0.3694999933242798,300.456
2023-03-13,385.3599853515625,157790000,9.740020751953123,4.75,22.66,3.75,22278345.0,0.3515000104904174,300.456
2023-03-14,391.7300109863281,149752400,6.4000244140625,4.75,22.66,3.75,22278345.0,0.3638000011444092,301.476
2023-03-15,389.2799987792969,172996900,5.779998779296875,4.75,22.66,3.75,22278345.0,0.3492000102996826,301.476
2023-03-16,396.1099853515625,143254200,10.17999267578125,4.75,22.66,3.75,22278345.0,0.3585000038146972,301.476
2023-03-17,389.989990234375,140553400,5.850006103515625,4.75,22.66,3.75,22278345.0,0.3394999980926513,301.476
2023-03-20,393.739990234375,93055800,4.100006103515625,4.75,22.66,3.75,22278345.0,0.3480999946594238,301.476
2023-03-21,398.9100036621094,91524200,3.83001708984375,4.75,22.66,3.75,22278345.0,0.3605999946594238,301.476
2023-03-22,392.1099853515625,111746600,10.41998291015625,4.75,22.66,3.75,22278345.0,0.35,301.476
2023-03-23,393.1700134277344,119351300,8.94000244140625,5.0,22.66,3.75,22278345.0,0.3405999898910522,301.476
2023-03-24,395.75,107682400,6.44000244140625,5.0,22.66,3.75,22278345.0,0.3380000114440918,301.476
2023-03-27,396.489990234375,74010400,3.360015869140625,5.0,22.66,3.75,22278345.0,0.3528000116348266,301.476
2023-03-28,395.6000061035156,62871700,2.79998779296875,5.0,22.66,3.75,22278345.0,0.3563999891281127,301.476
2023-03-29,401.3500061035156,77497900,2.920013427734375,5.0,22.66,3.75,22278345.0,0.3565999984741211,301.476
2023-03-30,403.7000122070313,69840000,2.589996337890625,5.0,22.66,3.75,22278345.0,0.3551000118255615,301.476
2023-03-31,409.3900146484375,112062600,5.1500244140625,5.0,22.66,3.93,22439607.0,0.349399995803833,301.476
2023-04-03,410.9500122070313,67391100,2.92999267578125,5.0,23.27,3.93,22439607.0,0.3430000066757202,301.476
2023-04-04,408.6700134277344,66601500,4.680023193359375,5.0,23.27,3.93,22439607.0,0.3336999893188476,301.476
2023-04-05,407.6000061035156,65200200,2.82000732421875,5.0,23.27,3.93,22439607.0,0.3286999940872192,301.476
2023-04-06,409.1900024414063,63743300,3.800018310546875,5.0,23.27,3.93,22439607.0,0.3288000106811523,301.476
2023-04-10,409.6099853515625,63681000,3.720001220703125,5.0,23.27,3.93,22439607.0,0.3414999961853027,301.476
2023-04-11,409.7200012207031,59297900,2.259979248046875,5.0,23.27,3.93,22439607.0,0.3434000015258789,301.476
2023-04-12,408.0499877929688,86420400,4.730010986328125,5.0,23.27,3.93,22439607.0,0.3421000003814697,301.643
2023-04-13,413.4700012207031,85814800,5.850006103515625,5.0,23.27,3.93,22439607.0,0.3451999902725219,301.643
2023-04-14,412.4599914550781,78161500,5.029998779296875,5.0,23.27,3.93,22439607.0,0.3522000074386596,301.643
2023-04-17,413.9400024414063,66436400,2.8699951171875,5.0,23.27,3.93,22439607.0,0.3591000080108643,301.643
2023-04-18,414.2099914550781,63560000,2.94000244140625,5.0,23.27,3.93,22439607.0,0.357200002670288,301.643
2023-04-19,414.1400146484375,55227300,2.91998291015625,5.0,23.27,3.93,22439607.0,0.3601999998092651,301.643
2023-04-20,411.8800048828125,75840400,3.430023193359375,5.0,23.27,3.93,22439607.0,0.3545000076293945,301.643
2023-04-21,412.2000122070313,73457400,2.509979248046875,5.0,23.27,3.93,22439607.0,0.3569999933242798,301.643
2023-04-24,412.6300048828125,64332100,2.470001220703125,5.0,23.27,3.93,22439607.0,0.3515000104904174,301.643
2023-04-25,406.0799865722656,97766700,5.1400146484375,5.0,23.27,3.93,22439607.0,0.3395999908447266,301.643
2023-04-26,404.3599853515625,80447000,4.05999755859375,5.0,23.27,3.93,22439607.0,0.3431999921798706,301.643
2023-04-27,412.4100036621094,92968400,5.95001220703125,5.0,23.27,3.93,22439607.0,0.3528000116348266,301.643
2023-04-28,415.9299926757813,89433100,4.510009765625,5.0,23.27,3.93,22439607.0,0.3451999902725219,301.643
2023-05-01,415.510009765625,62122300,2.350006103515625,5.0,23.15,3.93,22439607.0,0.3573999881744384,301.643
2023-05-02,410.8399963378906,103998500,7.0,5.0,23.15,3.93,22439607.0,0.3438999891281128,301.643
2023-05-03,408.0199890136719,91531800,6.100006103515625,5.0,23.15,3.93,22439607.0,0.3403000116348266,301.643
2023-05-04,405.1300048828125,94901900,3.529998779296875,5.25,23.15,3.93,22439607.0,0.3351000070571899,301.643
2023-05-05,412.6300048828125,87891800,5.079986572265625,5.25,23.15,3.93,22439607.0,0.3446000099182129,301.643
2023-05-08,412.739990234375,50046800,1.959991455078125,5.25,23.15,3.93,22439607.0,0.3520999908447265,301.643
2023-05-09,410.9299926757813,49220100,1.399993896484375,5.25,23.15,3.93,22439607.0,0.3520999908447265,301.643
2023-05-10,412.8500061035156,96142900,5.670013427734375,5.25,23.15,3.93,22439607.0,0.3438999891281128,302.858
2023-05-11,412.1300048828125,70157100,2.459991455078125,5.25,23.15,3.93,22439607.0,0.3397000074386597,302.858
2023-05-12,411.5899963378906,70481500,4.57000732421875,5.25,23.15,3.93,22439607.0,0.3463000059127807,302.858
2023-05-15,413.010009765625,54289400,3.199981689453125,5.25,23.15,3.93,22439607.0,0.3507999897003174,302.858
2023-05-16,410.25,57705500,2.58001708984375,5.25,23.15,3.93,22439607.0,0.3549000024795532,302.858
2023-05-17,415.2300109863281,87287000,5.219970703125,5.25,23.15,3.93,22439607.0,0.3581000089645386,302.858
2023-05-18,419.2300109863281,97177200,5.0,5.25,23.15,3.93,22439607.0,0.3648000001907349,302.858
2023-05-19,418.6199951171875,103793300,3.3699951171875,5.25,23.15,3.93,22439607.0,0.3691999912261963,302.858
2023-05-22,418.7900085449219,60745400,3.040008544921875,5.25,23.15,3.93,22439607.0,0.3719000101089477,302.858
2023-05-23,414.0899963378906,86383500,5.040008544921875,5.25,23.15,3.93,22439607.0,0.3697999954223633,302.858
2023-05-24,411.0899963378906,89213700,2.94000244140625,5.25,23.15,3.93,22439607.0,0.3719000101089477,302.858
2023-05-25,414.6499938964844,90961600,3.75,5.25,23.15,3.93,22439607.0,0.3813999891281128,302.858
2023-05-26,420.0199890136719,93830000,5.519989013671875,5.25,23.15,3.93,22439607.0,0.3809999942779541,302.858
2023-05-30,420.1799926757813,72216000,3.839996337890625,5.25,23.15,3.93,22439607.0,0.3700000047683716,302.858
2023-05-31,417.8500061035156,110811800,3.0,5.25,23.15,3.93,22439607.0,0.3637000083923339,302.858
2023-06-01,421.8200073242188,88865000,6.1300048828125,5.25,24.01,3.93,22439607.0,0.3608000040054321,302.858
2023-06-02,427.9200134277344,91426200,4.78997802734375,5.25,24.01,3.93,22439607.0,0.3690999984741211,302.858
2023-06-05,427.1000061035156,65460200,3.25,5.25,24.01,3.93,22439607.0,0.3693000078201294,302.858
2023-06-06,428.0299987792969,64022200,2.589996337890625,5.25,24.01,3.93,22439607.0,0.3698999881744385,302.858
2023-06-07,426.5499877929688,85373300,3.510009765625,5.25,24.01,3.93,22439607.0,0.3783999919891357,302.858
2023-06-08,429.1300048828125,61952800,3.779998779296875,5.25,24.01,3.93,22439607.0,0.3713999986648559,302.858
2023-06-09,429.8999938964844,85742800,3.1199951171875,5.25,24.01,3.93,22439607.0,0.3744999885559082,302.858
2023-06-12,433.7999877929688,76104300,3.709991455078125,5.25,24.01,3.93,22439607.0,0.3765000104904175,302.858
2023-06-13,436.6600036621094,95899700,2.699981689453125,5.25,24.01,3.93,22439607.0,0.3838999986648559,303.316
2023-06-14,437.1799926757813,100612100,5.470001220703125,5.25,24.01,3.93,22439607.0,0.3796000003814697,303.316
2023-06-15,442.6000061035156,110303100,7.66998291015625,5.25,24.01,3.93,22439607.0,0.3727999925613403,303.316
2023-06-16,439.4599914550781,114165800,4.639984130859375,5.25,24.01,3.93,22439607.0,0.3769000053405761,303.316
2023-06-20,437.1799926757813,76160400,3.339996337890625,5.25,24.01,3.93,22439607.0,0.3729000091552734,303.316
2023-06-21,434.9400024414063,76982300,2.660003662109375,5.25,24.01,3.93,22439607.0,0.3723000049591064,303.316
2023-06-22,436.510009765625,70637200,3.019989013671875,5.25,24.01,3.93,22439607.0,0.3799000024795532,303.316
2023-06-23,433.2099914550781,92074500,2.589996337890625,5.25,24.01,3.93,22439607.0,0.3739000082015991,303.316
2023-06-26,431.4400024414063,72823600,3.41998291015625,5.25,24.01,3.93,22439607.0,0.3719000101089477,303.316
2023-06-27,436.1700134277344,72813700,4.92999267578125,5.25,24.01,3.93,22439607.0,0.376799988746643,303.316
2023-06-28,436.3900146484375,75636000,3.029998779296875,5.25,24.01,3.93,22439607.0,0.3710000038146973,303.316
2023-06-29,438.1099853515625,67882300,2.739990234375,5.25,24.01,3.93,22439607.0,0.3854000091552734,303.316
2023-06-30,443.2799987792969,104964000,3.19000244140625,5.25,24.01,4.19,22580499.0,0.3819000005722046,303.316
2023-07-03,443.7900085449219,32793400,1.449981689453125,5.25,24.76,4.19,22580499.0,0.3858000040054321,303.316
2023-07-05,443.1300048828125,58418400,1.990020751953125,5.25,24.76,4.19,22580499.0,0.3944999933242797,303.316
2023-07-06,439.6600036621094,80658300,3.040008544921875,5.25,24.76,4.19,22580499.0,0.4040999889373779,303.316
2023-07-07,438.5499877929688,86134200,4.34002685546875,5.25,24.76,4.19,22580499.0,0.4050000190734863,303.316
2023-07-10,439.6600036621094,62443500,2.25,5.25,24.76,4.19,22580499.0,0.400600004196167,303.316
2023-07-11,442.4599914550781,64463800,3.529998779296875,5.25,24.76,4.19,22580499.0,0.3980000019073486,303.316
2023-07-12,446.0199890136719,91924500,2.57000732421875,5.25,24.76,4.19,22580499.0,0.3861000061035156,304.099
2023-07-13,449.55999755859375,72425200,2.92999267578125,5.25,24.76,4.19,22580499.0,0.3760999917984008,304.099
2023-07-14,449.2799987792969,69815800,2.8699951171875,5.25,24.76,4.19,22580499.0,0.3819000005722046,304.099
2023-07-17,450.8399963378906,52680200,2.850006103515625,5.25,24.76,4.19,22580499.0,0.3796999931335449,304.099
2023-07-18,454.1900024414063,80668200,4.80999755859375,5.25,24.76,4.19,22580499.0,0.3789000034332275,304.099
2023-07-19,455.2000122070313,65891700,2.32000732421875,5.25,24.76,4.19,22580499.0,0.3742000102996826,304.099
2023-07-20,452.1799926757813,70591600,3.660003662109375,5.25,24.76,4.19,22580499.0,0.3854000091552734,304.099
2023-07-21,452.1799926757813,71275600,2.0,5.25,24.76,4.19,22580499.0,0.3836999893188476,304.099
2023-07-24,454.2000122070313,54023400,2.740020751953125,5.25,24.76,4.19,22580499.0,0.3857000112533569,304.099
2023-07-25,455.4400024414063,55191200,2.8699951171875,5.25,24.76,4.19,22580499.0,0.3911999940872192,304.099
2023-07-26,455.510009765625,71052900,3.6099853515625,5.25,24.76,4.19,22580499.0,0.3851000070571899,304.099
2023-07-27,452.489990234375,92194400,7.8900146484375,5.5,24.76,4.19,22580499.0,0.401200008392334,304.099
2023-07-28,456.9200134277344,80011800,5.290008544921875,5.5,24.76,4.19,22580499.0,0.3969000101089477,304.099
2023-07-31,457.7900085449219,62040400,2.110015869140625,5.5,24.76,4.19,22580499.0,0.395900011062622,304.099
2023-08-01,456.4800109863281,55291500,1.760009765625,5.5,24.16,4.19,22580499.0,0.4051000118255615,304.099
2023-08-02,450.1300048828125,93933400,4.16998291015625,5.5,24.16,4.19,22580499.0,0.407800006866455,304.099
2023-08-03,448.8399963378906,64276100,3.420013427734375,5.5,24.16,4.19,22580499.0,0.4189000129699707,304.099
2023-08-04,446.80999755859375,100128900,6.6300048828125,5.5,24.16,4.19,22580499.0,0.4059999942779541,304.099
2023-08-07,450.7099914550781,58357500,2.8800048828125,5.5,24.16,4.19,22580499.0,0.407800006866455,304.099
2023-08-08,448.75,71361300,5.430023193359375,5.5,24.16,4.19,22580499.0,0.4026000022888183,304.099
2023-08-09,445.75,78789600,4.240020751953125,5.5,24.16,4.19,22580499.0,0.401200008392334,304.099
2023-08-10,445.9100036621094,93005500,7.0,5.5,24.16,4.19,22580499.0,0.4079999923706054,304.615
2023-08-11,445.6499938964844,68690900,3.350006103515625,5.5,24.16,4.19,22580499.0,0.4168000221252441,304.615
2023-08-14,448.1099853515625,47867400,3.72998046875,5.5,24.16,4.19,22580499.0,0.4184000015258789,304.615
2023-08-15,442.8900146484375,75707500,4.34002685546875,5.5,24.16,4.19,22580499.0,0.422100019454956,304.615
2023-08-16,439.6400146484375,80107200,4.649993896484375,5.5,24.16,4.19,22580499.0,0.4257999897003174,304.615
2023-08-17,436.2900085449219,95711300,5.67999267578125,5.5,24.16,4.19,22580499.0,0.4308000087738037,304.615
2023-08-18,436.5,98852000,4.55999755859375,5.5,24.16,4.19,22580499.0,0.4250999927520752,304.615
2023-08-21,439.3399963378906,68719000,4.78997802734375,5.5,24.16,4.19,22580499.0,0.4342000007629394,304.615
2023-08-22,438.1499938964844,64994200,3.6099853515625,5.5,24.16,4.19,22580499.0,0.4328000068664551,304.615
2023-08-23,443.0299987792969,68441000,4.57000732421875,5.5,24.16,4.19,22580499.0,0.4197999954223633,304.615
2023-08-24,436.8900146484375,88517300,8.360015869140625,5.5,24.16,4.19,22580499.0,0.4235000133514404,304.615
2023-08-25,439.9700012207031,102325100,6.29998779296875,5.5,24.16,4.19,22580499.0,0.4238999843597412,304.615
2023-08-28,442.760009765625,61595400,3.42999267578125,5.5,24.16,4.19,22580499.0,0.4211999893188476,304.615
2023-08-29,449.1600036621094,83081900,6.990020751953125,5.5,24.16,4.19,22580499.0,0.4122000217437744,304.615
2023-08-30,451.010009765625,69053900,2.8900146484375,5.5,24.16,4.19,22580499.0,0.4118000030517578,304.615
2023-08-31,450.3500061035156,66084600,2.66998291015625,5.5,24.16,4.19,22580499.0,0.4092999935150146,304.615
2023-09-01,451.1900024414063,58944100,3.990020751953125,5.5,23.93,4.19,22580499.0,0.4172999858856201,304.615
2023-09-05,449.239990234375,55166200,1.889984130859375,5.5,23.93,4.19,22580499.0,0.426800012588501,304.615
2023-09-06,446.2200012207031,70758500,4.70001220703125,5.5,23.93,4.19,22580499.0,0.4289999961853027,304.615
2023-09-07,444.8500061035156,70355400,2.79998779296875,5.5,23.93,4.19,22580499.0,0.4260000228881836,304.615
2023-09-08,445.5199890136719,61659700,2.579986572265625,5.5,23.93,4.19,22580499.0,0.4257999897003174,304.615
2023-09-11,448.4500122070313,60180100,2.29998779296875,5.5,23.93,4.19,22580499.0,0.4288000106811523,304.615
2023-09-12,445.989990234375,67565400,3.139984130859375,5.5,23.93,4.19,22580499.0,0.4263999938964843,304.615
2023-09-13,446.510009765625,60199300,2.6300048828125,5.5,23.93,4.19,22580499.0,0.4249000072479248,306.138
2023-09-14,450.3599853515625,83430800,3.3599853515625,5.5,23.93,4.19,22580499.0,0.4288000106811523,306.138
2023-09-15,443.3699951171875,111848900,4.55999755859375,5.5,23.93,4.19,22580499.0,0.4322000026702881,306.138
2023-09-18,443.6300048828125,55752200,2.410003662109375,5.5,23.93,4.19,22580499.0,0.4318999767303467,306.138
2023-09-19,442.7099914550781,66514600,3.350006103515625,5.5,23.93,4.19,22580499.0,0.4364999771118164,306.138
2023-09-20,438.6400146484375,82562600,6.010009765625,5.5,23.93,4.19,22580499.0,0.4348999977111816,306.138
2023-09-21,431.3900146484375,104095800,4.739990234375,5.5,23.93,4.19,22580499.0,0.4480000019073486,306.138
2023-09-22,430.4200134277344,100829700,4.110015869140625,5.5,23.93,4.19,22580499.0,0.4438000202178955,306.138
2023-09-25,432.2300109863281,70874500,3.54998779296875,5.5,23.93,4.19,22580499.0,0.4541999816894531,306.138
2023-09-26,425.8800048828125,96168400,4.800018310546875,5.5,23.93,4.19,22580499.0,0.4558000087738037,306.138
2023-09-27,426.0499877929688,104705800,5.3800048828125,5.5,23.93,4.19,22580499.0,0.4625999927520752,306.138
2023-09-28,428.5199890136719,92258300,5.3800048828125,5.5,23.93,4.19,22580499.0,0.4597000122070312,306.138
2023-09-29,427.4800109863281,115111300,5.94000244140625,5.5,23.93,4.19,22580499.0,0.4572999954223632,306.138
2023-10-02,427.30999755859375,83798600,4.1400146484375,5.5,22.78,3.98,22840989.0,0.4683000087738037,306.138
2023-10-03,421.5899963378906,103760600,7.19000244140625,5.5,22.78,3.98,22840989.0,0.4802000045776367,306.138
2023-10-04,424.6600036621094,87453000,4.8699951171875,5.5,22.78,3.98,22840989.0,0.4735000133514404,306.138
2023-10-05,424.5,70142700,4.199981689453125,5.5,22.78,3.98,22840989.0,0.4717000007629394,306.138
2023-10-06,429.5400085449219,113273300,10.529998779296877,5.5,22.78,3.98,22840989.0,0.4783999919891357,306.138
2023-10-09,432.2900085449219,80374400,5.8699951171875,5.5,22.78,3.98,22840989.0,0.4796999931335449,306.138
2023-10-10,434.5400085449219,78607300,4.69000244140625,5.5,22.78,3.98,22840989.0,0.465500020980835,306.138
2023-10-11,436.3200073242188,62451700,3.399993896484375,5.5,22.78,3.98,22840989.0,0.459499979019165,306.138
2023-10-12,433.6600036621094,81154200,6.1099853515625,5.5,22.78,3.98,22840989.0,0.4711999893188476,307.374
2023-10-13,431.5,95143100,6.57000732421875,5.5,22.78,3.98,22840989.0,0.4629000186920166,307.374
2023-10-16,436.0400085449219,75433200,3.57000732421875,5.5,22.78,3.98,22840989.0,0.4711999893188476,307.374
2023-10-17,436.0199890136719,75324700,5.69000244140625,5.5,22.78,3.98,22840989.0,0.4847000122070312,307.374
2023-10-18,430.2099914550781,93559800,6.089996337890625,5.5,22.78,3.98,22840989.0,0.4903999805450439,307.374
2023-10-19,426.4299926757813,121323000,7.089996337890625,5.5,22.78,3.98,22840989.0,0.498799991607666,307.374
2023-10-20,421.1900024414063,123919900,5.46002197265625,5.5,22.78,3.98,22840989.0,0.4923999786376953,307.374
2023-10-23,420.4599914550781,92035100,6.6500244140625,5.5,22.78,3.98,22840989.0,0.4837999820709228,307.374
2023-10-24,423.6300048828125,78564200,4.08001708984375,5.5,22.78,3.98,22840989.0,0.484000015258789,307.374
2023-10-25,417.5499877929688,94223200,4.9000244140625,5.5,22.78,3.98,22840989.0,0.4953000068664551,307.374
2023-10-26,412.5499877929688,115156800,5.72998046875,5.5,22.78,3.98,22840989.0,0.484499979019165,307.374
2023-10-27,410.6799926757813,107367700,5.3900146484375,5.5,22.78,3.98,22840989.0,0.484499979019165,307.374
2023-10-30,415.5899963378906,86562700,4.459991455078125,5.5,22.78,3.98,22840989.0,0.4875,307.374
2023-10-31,418.2000122070313,79665200,4.32000732421875,5.5,22.78,3.98,22840989.0,0.4875,307.374
2023-11-01,422.6600036621094,98068100,4.850006103515625,5.5,23.51,3.98,22840989.0,0.4789000034332275,307.374
2023-11-02,430.760009765625,94938900,4.360015869140625,5.5,23.51,3.98,22840989.0,0.4669000148773193,307.374
2023-11-03,434.6900024414063,100167800,3.279998779296875,5.5,23.51,3.98,22840989.0,0.4558000087738037,307.374
2023-11-06,435.6900024414063,67831700,2.470001220703125,5.5,23.51,3.98,22840989.0,0.4662000179290771,307.374
2023-11-07,436.9299926757813,64256100,3.079986572265625,5.5,23.51,3.98,22840989.0,0.4571000099182128,307.374
2023-11-08,437.25,61746000,3.220001220703125,5.5,23.51,3.98,22840989.0,0.452299976348877,307.374
2023-11-09,433.8399963378906,83174400,5.07000732421875,5.5,23.51,3.98,22840989.0,0.4630000114440918,307.374
2023-11-10,440.6099853515625,89462200,7.100006103515625,5.5,23.51,3.98,22840989.0,0.4627999782562256,307.374
2023-11-13,440.1900024414063,52236100,2.90997314453125,5.5,23.51,3.98,22840989.0,0.4631999969482422,307.374
2023-11-14,448.7300109863281,97176900,3.970001220703125,5.5,23.51,3.98,22840989.0,0.444099998474121,307.653
2023-11-15,449.6799926757813,77327600,2.58001708984375,5.5,23.51,3.98,22840989.0,0.4534999847412109,307.653
2023-11-16,450.2300109863281,66665800,2.44000244140625,5.5,23.51,3.98,22840989.0,0.4445000171661377,307.653
2023-11-17,450.7900085449219,83133200,2.1300048828125,5.5,23.51,3.98,22840989.0,0.444099998474121,307.653
2023-11-20,454.260009765625,69936200,4.610015869140625,5.5,23.51,3.98,22840989.0,0.4421999931335449,307.653
2023-11-21,453.2699890136719,49244600,2.170013427734375,5.5,23.51,3.98,22840989.0,0.4418000221252441,307.653
2023-11-22,455.0199890136719,59394900,2.489990234375,5.5,23.51,3.98,22840989.0,0.4415999889373779,307.653
2023-11-24,455.2999877929688,29737400,0.769989013671875,5.5,23.51,3.98,22840989.0,0.4472000122070312,307.653
2023-11-27,454.4800109863281,50506000,1.410003662109375,5.5,23.51,3.98,22840989.0,0.4388999938964844,307.653
2023-11-28,454.9299926757813,62115000,2.769989013671875,5.5,23.51,3.98,22840989.0,0.4335999965667724,307.653
2023-11-29,454.6099853515625,63146000,4.1199951171875,5.5,23.51,3.98,22840989.0,0.4270999908447265,307.653
2023-11-30,456.3999938964844,79752700,3.420013427734375,5.5,23.51,3.98,22840989.0,0.435200023651123,307.653
2023-12-01,459.1000061035156,89183400,4.489990234375,5.5,24.35,3.98,22840989.0,0.422599983215332,307.653
2023-12-04,456.6900024414063,72430900,4.779998779296875,5.5,24.35,3.98,22840989.0,0.4288000106811523,307.653
2023-12-05,456.6000061035156,69793500,2.720001220703125,5.5,24.35,3.98,22840989.0,0.4171000003814697,307.653
2023-12-06,454.760009765625,69124700,4.529998779296875,5.5,24.35,3.98,22840989.0,0.4120999813079834,307.653
2023-12-07,458.2300109863281,66995400,2.6099853515625,5.5,24.35,3.98,22840989.0,0.4129000186920166,307.653
2023-12-08,460.2000122070313,83194400,3.540008544921875,5.5,24.35,3.98,22840989.0,0.4244999885559082,307.653
2023-12-11,461.989990234375,65002200,2.70001220703125,5.5,24.35,3.98,22840989.0,0.4238999843597412,307.653
2023-12-12,464.1000061035156,68327600,3.600006103515625,5.5,24.35,3.98,22840989.0,0.4205999851226806,308.087
2023-12-13,470.5,93278000,6.6400146484375,5.5,24.35,3.98,22840989.0,0.4032999992370605,308.087
2023-12-14,472.010009765625,119026000,4.480010986328125,5.5,24.35,3.98,22840989.0,0.3930000066757202,308.087
2023-12-15,469.3299865722656,141553700,3.27001953125,5.5,24.35,3.98,22840989.0,0.3927999973297119,308.087
2023-12-18,471.9700012207031,70375300,3.089996337890625,5.5,24.35,3.98,22840989.0,0.3953999996185303,308.087
2023-12-19,474.8399963378906,55761800,2.470001220703125,5.5,24.35,3.98,22840989.0,0.3921999931335449,308.087
2023-12-20,468.260009765625,102921000,8.079986572265625,5.5,24.35,3.98,22840989.0,0.3877000093460083,308.087
2023-12-21,472.7000122070313,86667500,4.1400146484375,5.5,24.35,3.98,22840989.0,0.3894000053405761,308.087
2023-12-22,473.6499938964844,67160400,3.67999267578125,5.5,24.35,3.98,22840989.0,0.3901000022888183,308.087
2023-12-26,475.6499938964844,55387000,2.589996337890625,5.5,24.35,3.98,22840989.0,0.3885999917984009,308.087
2023-12-27,476.510009765625,68000300,1.769989013671875,5.5,24.35,3.98,22840989.0,0.3789000034332275,308.087
2023-12-28,476.6900024414063,77158100,1.28997802734375,5.5,24.35,3.98,22840989.0,0.3849999904632568,308.087
2023-12-29,475.30999755859375,122283100,3.730010986328125,5.5,24.35,3.98,22840989.0,0.3865999937057495,308.087
2024-01-02,472.6499938964844,123623700,3.180023193359375,5.5,25.01,4.31,23033780.0,0.3946000099182128,308.087
2024-01-03,468.7900085449219,103585900,3.019989013671875,5.5,25.01,4.31,23033780.0,0.3907000064849854,308.087
2024-01-04,467.2799987792969,84232200,3.910003662109375,5.5,25.01,4.31,23033780.0,0.3990999937057495,308.087
2024-01-05,467.9200134277344,86118900,4.010009765625,5.5,25.01,4.31,23033780.0,0.4041999816894531,308.087
2024-01-08,474.6000061035156,74879100,6.45001220703125,5.5,25.01,4.31,23033780.0,0.4001999855041503,308.087
2024-01-09,473.8800048828125,65931400,3.579986572265625,5.5,25.01,4.31,23033780.0,0.4019000053405762,308.087
2024-01-10,476.55999755859375,67310600,3.58001708984375,5.5,25.01,4.31,23033780.0,0.403000020980835,308.087
2024-01-11,476.3500061035156,77940700,5.8599853515625,5.5,25.01,4.31,23033780.0,0.3976999998092651,308.735
2024-01-12,476.6799926757813,58026400,3.3699951171875,5.5,25.01,4.31,23033780.0,0.3950000047683716,308.735
2024-01-16,474.9299926757813,85014900,3.54998779296875,5.5,25.01,4.31,23033780.0,0.4065999984741211,308.735
2024-01-17,472.2900085449219,68843900,2.920013427734375,5.5,25.01,4.31,23033780.0,0.4105999946594238,308.735
2024-01-18,476.489990234375,91856200,4.639984130859375,5.5,25.01,4.31,23033780.0,0.4144000053405762,308.735
2024-01-19,482.4299926757813,110834500,6.17999267578125,5.5,25.01,4.31,23033780.0,0.4145999908447265,308.735
2024-01-22,483.4500122070313,75844900,2.44000244140625,5.5,25.01,4.31,23033780.0,0.4093999862670898,308.735
2024-01-23,484.8599853515625,49945300,2.219970703125,5.5,25.01,4.31,23033780.0,0.4142000198364258,308.735
2024-01-24,485.3900146484375,81765000,3.889984130859375,5.5,25.01,4.31,23033780.0,0.4177999973297119,308.735
2024-01-25,488.0299987792969,72525000,2.91998291015625,5.5,25.01,4.31,23033780.0,0.4131999969482421,308.735
2024-01-26,487.4100036621094,76641600,2.579986572265625,5.5,25.01,4.31,23033780.0,0.4159999847412109,308.735
2024-01-29,491.2699890136719,61322800,4.25,5.5,25.01,4.31,23033780.0,0.4091000080108642,308.735
2024-01-30,490.8900146484375,58618400,1.510009765625,5.5,25.01,4.31,23033780.0,0.4059000015258789,308.735
2024-01-31,482.8800048828125,126011100,6.220001220703125,5.5,25.01,4.31,23033780.0,0.3967000007629394,308.735
2024-02-01,489.2000122070313,91891600,5.430023193359375,5.5,26.14,4.31,23033780.0,0.386299991607666,308.735
2024-02-02,494.3500061035156,99228200,6.75,5.5,26.14,4.31,23033780.0,0.4032999992370605,308.735
2024-02-05,492.5499877929688,75757100,4.149993896484375,5.5,26.14,4.31,23033780.0,0.4164000034332275,308.735
2024-02-06,493.9800109863281,55918600,2.27001953125,5.5,26.14,4.31,23033780.0,0.409000015258789,308.735
2024-02-07,498.1000061035156,70556500,3.170013427734375,5.5,26.14,4.31,23033780.0,0.4110000133514404,308.735
2024-02-08,498.3200073242188,52343600,1.449981689453125,5.5,26.14,4.31,23033780.0,0.4170000076293945,308.735
2024-02-09,501.2000122070313,63979400,3.160003662109375,5.5,26.14,4.31,23033780.0,0.4186999797821045,308.735
2024-02-12,500.9800109863281,56502300,3.260009765625,5.5,26.14,4.31,23033780.0,0.4171999931335449,308.735
2024-02-13,494.0799865722656,113099200,6.3699951171875,5.5,26.14,4.31,23033780.0,0.4315999984741211,309.794
2024-02-14,498.5700073242188,68387800,4.670013427734375,5.5,26.14,4.31,23033780.0,0.4267000198364258,309.794
2024-02-15,502.010009765625,61683000,3.4000244140625,5.5,26.14,4.31,23033780.0,0.4239999771118164,309.794
2024-02-16,499.510009765625,75532900,4.1199951171875,5.5,26.14,4.31,23033780.0,0.4295000076293945,309.794
2024-02-20,496.760009765625,71736700,3.959991455078125,5.5,26.14,4.31,23033780.0,0.4275000095367431,309.794
2024-02-21,497.2099914550781,59293400,3.80999755859375,5.5,26.14,4.31,23033780.0,0.4324999809265136,309.794
2024-02-22,507.5,76402500,5.470001220703125,5.5,26.14,4.31,23033780.0,0.4327000141143798,309.794
2024-02-23,507.8500061035156,61321800,3.029998779296875,5.5,26.14,4.31,23033780.0,0.4260000228881836,309.794
2024-02-26,505.989990234375,50386700,2.8900146484375,5.5,26.14,4.31,23033780.0,0.4298999786376953,309.794
2024-02-27,506.9299926757813,48854500,2.410003662109375,5.5,26.14,4.31,23033780.0,0.4315000057220459,309.794
2024-02-28,506.260009765625,56506600,1.899993896484375,5.5,26.14,4.31,23033780.0,0.427400016784668,309.794
2024-02-29,508.0799865722656,83924800,4.389984130859375,5.5,26.14,4.31,23033780.0,0.4251999855041504,309.794
2024-03-01,512.8499755859375,76844800,4.72998046875,5.5,27.02,4.31,23033780.0,0.4179999828338623,309.794
2024-03-04,512.2999877929688,49799300,2.20001220703125,5.5,27.02,4.31,23033780.0,0.4218999862670898,309.794
2024-03-05,507.1799926757813,72855600,5.790008544921875,5.5,27.02,4.31,23033780.0,0.413700008392334,309.794
2024-03-06,509.75,68382400,3.649993896484375,5.5,27.02,4.31,23033780.0,0.4104000091552734,309.794
2024-03-07,514.8099975585938,58652100,6.08001708984375,5.5,27.02,4.31,23033780.0,0.4092000007629394,309.794
2024-03-08,511.7200012207031,86532500,7.0899658203125,5.5,27.02,4.31,23033780.0,0.4089000225067138,309.794
2024-03-11,511.2799987792969,62557200,3.3800048828125,5.5,27.02,4.31,23033780.0,0.4104000091552734,309.794
2024-03-12,516.780029296875,73114400,6.52001953125,5.5,27.02,4.31,23033780.0,0.4155000209808349,311.022
2024-03-13,515.969970703125,55104100,2.79998779296875,5.5,27.02,4.31,23033780.0,0.4191999912261963,311.022
2024-03-14,514.9500122070312,110171800,5.30999755859375,5.5,27.02,4.31,23033780.0,0.4297999858856201,311.022
2024-03-15,509.8299865722656,107646300,3.58001708984375,5.5,27.02,4.31,23033780.0,0.4303999900817871,311.022
2024-03-18,512.8599853515625,88893300,3.03997802734375,5.5,27.02,4.31,23033780.0,0.434000015258789,311.022
2024-03-19,515.7100219726562,60755300,4.8800048828125,5.5,27.02,4.31,23033780.0,0.4296999931335449,311.022
2024-03-20,520.47998046875,69594600,5.53997802734375,5.5,27.02,4.31,23033780.0,0.4272999763488769,311.022
2024-03-21,522.2000122070312,60256100,2.20001220703125,5.5,27.02,4.31,23033780.0,0.4270999908447265,311.022
2024-03-22,521.2100219726562,79070800,1.6400146484375,5.5,27.02,4.31,23033780.0,0.4217999935150146,311.022
2024-03-25,519.77001953125,48512100,1.34002685546875,5.5,27.02,4.31,23033780.0,0.4252999782562255,311.022
2024-03-26,518.8099975585938,65463700,3.17999267578125,5.5,27.02,4.31,23033780.0,0.4234000205993652,311.022
2024-03-27,523.1699829101562,82999800,3.72003173828125,5.5,27.02,4.31,23033780.0,0.4196000099182129,311.022
2024-03-28,523.0700073242188,96294900,1.8299560546875,5.5,27.02,4.31,23033780.0,0.4205999851226806,311.022
2024-04-01,522.1599731445312,62477500,3.4100341796875,5.5,26.41,4.71,23082119.0,0.4328999996185302,311.022
2024-04-02,518.8400268554688,74230300,2.5,5.5,26.41,4.71,23082119.0,0.4364999771118164,311.022
2024-04-03,519.4099731445312,59155800,3.280029296875,5.5,26.41,4.71,23082119.0,0.4355000019073486,311.022
2024-04-04,513.0700073242188,96858100,11.1099853515625,5.5,26.41,4.71,23082119.0,0.4309000015258789,311.022
2024-04-05,518.4299926757812,74546500,6.42999267578125,5.5,26.41,4.71,23082119.0,0.4377999782562256,311.022
2024-04-08,518.719970703125,48401800,2.28997802734375,5.5,26.41,4.71,23082119.0,0.4423999786376953,311.022
2024-04-09,519.3200073242188,68049200,6.4000244140625,5.5,26.41,4.71,23082119.0,0.4366000175476074,311.022
2024-04-10,514.1199951171875,82652800,4.0699462890625,5.5,26.41,4.71,23082119.0,0.4559999942779541,312.107
2024-04-11,518.0,70099000,7.39996337890625,5.5,26.41,4.71,23082119.0,0.4576000213623047,312.107
2024-04-12,510.8500061035156,92561100,6.740020751953125,5.5,26.41,4.71,23082119.0,0.4499000072479248,312.107
2024-04-15,504.4500122070313,92101400,11.720001220703123,5.5,26.41,4.71,23082119.0,0.4627999782562256,312.107
2024-04-16,503.5299987792969,73484000,4.290008544921875,5.5,26.41,4.71,23082119.0,0.4658999919891357,312.107
2024-04-17,500.5499877929688,75910300,7.100006103515625,5.5,26.41,4.71,23082119.0,0.4585000038146972,312.107
2024-04-18,499.5199890136719,74548100,5.57000732421875,5.5,26.41,4.71,23082119.0,0.4646999835968017,312.107
2024-04-19,495.1600036621094,102212600,6.600006103515625,5.5,26.41,4.71,23082119.0,0.4614999771118164,312.107
2024-04-22,499.7200012207031,67961000,6.95001220703125,5.5,26.41,4.71,23082119.0,0.4623000144958496,312.107
2024-04-23,505.6499938964844,64633600,6.55999755859375,5.5,26.41,4.71,23082119.0,0.4598000049591064,312.107
2024-04-24,505.4100036621094,55928100,4.239990234375,5.5,26.41,4.71,23082119.0,0.4651999950408935,312.107
2024-04-25,503.489990234375,69122400,6.779998779296875,5.5,26.41,4.71,23082119.0,0.4705999851226806,312.107
2024-04-26,508.260009765625,64306100,4.17999267578125,5.5,26.41,4.71,23082119.0,0.4669000148773193,312.107
2024-04-29,510.05999755859375,46415400,3.5,5.5,26.41,4.71,23082119.0,0.4613999843597412,312.107
2024-04-30,501.9800109863281,77483600,7.579986572265625,5.5,26.41,4.71,23082119.0,0.4685999870300293,312.107
2024-05-01,500.3500061035156,80242800,8.32000732421875,5.5,26.93,4.71,23082119.0,0.459499979019165,312.107
2024-05-02,505.0299987792969,62550200,6.34002685546875,5.5,26.93,4.71,23082119.0,0.4571000099182128,312.107
2024-05-03,511.2900085449219,72756700,3.989990234375,5.5,26.93,4.71,23082119.0,0.45,312.107
2024-05-06,516.5700073242188,47264700,3.30999755859375,5.5,26.93,4.71,23082119.0,0.4488999843597412,312.107
2024-05-07,517.1400146484375,52561300,2.1199951171875,5.5,26.93,4.71,23082119.0,0.4462999820709228,312.107
2024-05-08,517.1900024414062,42047200,2.5999755859375,5.5,26.93,4.71,23082119.0,0.4492000102996826,312.107
2024-05-09,520.1699829101562,43643700,3.5,5.5,26.93,4.71,23082119.0,0.4448999881744385,312.107
2024-05-10,520.8400268554688,52233200,3.04998779296875,5.5,26.93,4.71,23082119.0,0.4504000186920166,312.107
2024-05-13,520.9099731445312,36716400,2.92999267578125,5.5,26.93,4.71,23082119.0,0.4480999946594238,312.107
2024-05-14,523.2999877929688,57535900,3.27001953125,5.5,26.93,4.71,23082119.0,0.4445000171661377,312.107
2024-05-15,529.780029296875,59504900,4.9000244140625,5.5,26.93,4.71,23082119.0,0.4355999946594238,313.016
2024-05-16,528.6900024414062,50244800,2.98004150390625,5.5,26.93,4.71,23082119.0,0.4376999855041504,313.016
2024-05-17,529.4500122070312,59187600,2.20001220703125,5.5,26.93,4.71,23082119.0,0.4420000076293945,313.016
2024-05-20,530.0599975585938,37764200,2.3900146484375,5.5,26.93,4.71,23082119.0,0.4436999797821045,313.016
2024-05-21,531.3599853515625,33437000,2.45001220703125,5.5,26.93,4.71,23082119.0,0.4414000034332275,313.016
2024-05-22,529.8300170898438,48390000,3.780029296875,5.5,26.93,4.71,23082119.0,0.4434000015258789,313.016
2024-05-23,525.9600219726562,57211200,8.35003662109375,5.5,26.93,4.71,23082119.0,0.4474999904632568,313.016
2024-05-24,529.4400024414062,41291100,3.3900146484375,5.5,26.93,4.71,23082119.0,0.4467000007629395,313.016
2024-05-28,529.8099975585938,36269600,3.4000244140625,5.5,26.93,4.71,23082119.0,0.4541999816894531,313.016
2024-05-29,526.0999755859375,45190300,1.94000244140625,5.5,26.93,4.71,23082119.0,0.4624000072479248,313.016
2024-05-30,522.6099853515625,46377600,3.8699951171875,5.5,26.93,4.71,23082119.0,0.4553999900817871,313.016
2024-05-31,527.3699951171875,90785800,9.1400146484375,5.5,26.93,4.71,23082119.0,0.4513999938964844,313.016
2024-06-03,527.7999877929688,46835700,6.71002197265625,5.5,27.64,4.71,23082119.0,0.4401999950408936,313.016
2024-06-04,528.3900146484375,34632700,4.19000244140625,5.5,27.64,4.71,23082119.0,0.4335999965667724,313.016
2024-06-05,534.6699829101562,47610400,5.96002197265625,5.5,27.64,4.71,23082119.0,0.4289000034332275,313.016
2024-06-06,534.6599731445312,30808500,2.739990234375,5.5,27.64,4.71,23082119.0,0.4281000137329102,313.016
2024-06-07,534.010009765625,43224500,4.35003662109375,5.5,27.64,4.71,23082119.0,0.4429999828338623,313.016
2024-06-10,535.6599731445312,35686100,3.41998291015625,5.5,27.64,4.71,23082119.0,0.4468999862670898,313.016
2024-06-11,536.9500122070312,36383400,4.96002197265625,5.5,27.64,4.71,23082119.0,0.4403999805450439,313.016
2024-06-12,541.3599853515625,63251300,3.82000732421875,5.5,27.64,4.71,23082119.0,0.4295000076293945,313.14
2024-06-13,542.4500122070312,44760900,3.739990234375,5.5,27.64,4.71,23082119.0,0.423799991607666,313.14
2024-06-14,542.780029296875,40089900,2.96002197265625,5.5,27.64,4.71,23082119.0,0.4212999820709228,313.14
2024-06-17,547.0999755859375,55839500,6.9200439453125,5.5,27.64,4.71,23082119.0,0.4278999805450439,313.14
2024-06-18,548.489990234375,41376400,1.8900146484375,5.5,27.64,4.71,23082119.0,0.4217000007629394,313.14
2024-06-20,547.0,70328200,4.94000244140625,5.5,27.64,4.71,23082119.0,0.4254000186920166,313.14
2024-06-21,544.510009765625,64338600,2.6300048828125,5.5,27.64,4.71,23082119.0,0.4256999969482422,313.14
2024-06-24,542.739990234375,45528700,4.33001708984375,5.5,27.64,4.71,23082119.0,0.4248000144958496,313.14
2024-06-25,544.8300170898438,37936200,2.760009765625,5.5,27.64,4.71,23082119.0,0.423799991607666,313.14
2024-06-26,545.510009765625,38550600,3.2099609375,5.5,27.64,4.71,23082119.0,0.4315999984741211,313.14
2024-06-27,546.3699951171875,35041500,2.35003662109375,5.5,27.64,4.71,23082119.0,0.4288000106811523,313.14
2024-06-28,544.219970703125,76144500,7.33001708984375,5.5,27.64,4.71,23082119.0,0.4342999935150146,313.14
2024-07-01,545.3400268554688,40297800,3.3599853515625,5.5,28.08,4.79,23286508.0,0.4479000091552734,313.14
2024-07-02,549.010009765625,40434800,5.3599853515625,5.5,28.08,4.79,23286508.0,0.4435999870300293,313.14
2024-07-03,551.4600219726562,32789900,3.17999267578125,5.5,28.08,4.79,23286508.0,0.4355000019073486,313.14
2024-07-05,554.6400146484375,41488400,3.92999267578125,5.5,28.08,4.79,23286508.0,0.4271999835968018,313.14
2024-07-08,555.280029296875,36110500,2.05999755859375,5.5,28.08,4.79,23286508.0,0.4269000053405761,313.14
2024-07-09,555.8200073242188,27289700,1.65997314453125,5.5,28.08,4.79,23286508.0,0.4300000190734863,313.14
2024-07-10,561.3200073242188,38701200,4.89996337890625,5.5,28.08,4.79,23286508.0,0.4280000209808349,313.14
2024-07-11,556.47998046875,53054200,6.5,5.5,28.08,4.79,23286508.0,0.4192999839782715,313.131
2024-07-12,559.989990234375,53084400,6.51995849609375,5.5,28.08,4.79,23286508.0,0.4189000129699707,313.131
2024-07-15,561.530029296875,40584300,5.21002197265625,5.5,28.08,4.79,23286508.0,0.4229000091552734,313.131
2024-07-16,564.8599853515625,36475300,3.05999755859375,5.5,28.08,4.79,23286508.0,0.4166999816894531,313.131
2024-07-17,556.9400024414062,57119000,3.9000244140625,5.5,28.08,4.79,23286508.0,0.4145999908447265,313.131
2024-07-18,552.6599731445312,56270400,9.09002685546875,5.5,28.08,4.79,23286508.0,0.4189000129699707,313.131
2024-07-19,548.989990234375,65509100,6.1700439453125,5.5,28.08,4.79,23286508.0,0.4238999843597412,313.131
2024-07-22,554.6500244140625,43346700,4.25,5.5,28.08,4.79,23286508.0,0.4260000228881836,313.131
2024-07-23,553.780029296875,34439600,3.4599609375,5.5,28.08,4.79,23286508.0,0.4238999843597412,313.131
2024-07-24,541.22998046875,74515300,8.8800048828125,5.5,28.08,4.79,23286508.0,0.4285999774932861,313.131
2024-07-25,538.4099731445312,61158300,10.010009765625,5.5,28.08,4.79,23286508.0,0.425600004196167,313.131
2024-07-26,544.4400024414062,53763800,5.70001220703125,5.5,28.08,4.79,23286508.0,0.4199999809265137,313.131
2024-07-29,544.760009765625,39515800,4.33001708984375,5.5,28.08,4.79,23286508.0,0.4177999973297119,313.131
2024-07-30,542.0,46853600,8.82000732421875,5.5,28.08,4.79,23286508.0,0.4143000125885009,313.131
2024-07-31,550.8099975585938,65663400,5.91998291015625,5.5,28.08,4.79,23286508.0,0.4109000205993652,313.131
2024-08-01,543.010009765625,76428700,15.44000244140625,5.5,27.67,4.79,23286508.0,0.3976000070571899,313.131
2024-08-02,532.9000244140625,82789100,8.3900146484375,5.5,27.67,4.79,23286508.0,0.379200005531311,313.131
2024-08-05,517.3800048828125,146267400,13.310028076171877,5.5,27.67,4.79,23286508.0,0.3785000085830688,313.131
2024-08-06,522.1500244140625,84826300,11.8800048828125,5.5,27.67,4.79,23286508.0,0.3888000011444091,313.131
2024-08-07,518.6599731445312,70698300,13.5400390625,5.5,27.67,4.79,23286508.0,0.3967999935150146,313.131
2024-08-08,530.6500244140625,63276600,9.449951171875,5.5,27.67,4.79,23286508.0,0.3996999979019165,313.131
2024-08-09,532.989990234375,45619600,5.95001220703125,5.5,27.67,4.79,23286508.0,0.3941999912261963,313.131
2024-08-12,533.27001953125,42542100,4.77996826171875,5.5,27.67,4.79,23286508.0,0.3908999919891357,313.566
2024-08-13,542.0399780273438,52333100,6.0,5.5,27.67,4.79,23286508.0,0.3851999998092651,313.566
2024-08-14,543.75,42446900,4.84002685546875,5.5,27.67,4.79,23286508.0,0.3819999933242798,313.566
2024-08-15,553.0700073242188,60846800,4.47998046875,5.5,27.67,4.79,23286508.0,0.3926000118255615,313.566
2024-08-16,554.3099975585938,44430700,3.760009765625,5.5,27.67,4.79,23286508.0,0.3891999959945679,313.566
2024-08-19,559.6099853515625,39121800,5.75,5.5,27.67,4.79,23286508.0,0.3867000102996826,313.566
2024-08-20,558.7000122070312,33732300,3.510009765625,5.5,27.67,4.79,23286508.0,0.3818000078201294,313.566
2024-08-21,560.6199951171875,41514600,7.3800048828125,5.5,27.67,4.79,23286508.0,0.3778000116348267,313.566
2024-08-22,556.219970703125,56121500,8.20001220703125,5.5,27.67,4.79,23286508.0,0.3861999988555908,313.566
2024-08-23,562.1300048828125,50639400,5.800048828125,5.5,27.67,4.79,23286508.0,0.3806999921798706,313.566
2024-08-26,560.7899780273438,35788600,4.8599853515625,5.5,27.67,4.79,23286508.0,0.3818000078201294,313.566
2024-08-27,561.5599975585938,32693900,3.739990234375,5.5,27.67,4.79,23286508.0,0.3832999944686889,313.566
2024-08-28,558.2999877929688,41066000,6.61004638671875,5.5,27.67,4.79,23286508.0,0.3841000080108642,313.566
2024-08-29,558.3499755859375,38715200,6.5,5.5,27.67,4.79,23286508.0,0.3867000102996826,313.566
2024-08-30,563.6799926757812,62700100,7.05999755859375,5.5,27.67,4.79,23286508.0,0.391100001335144,313.566
2024-09-03,552.0800170898438,60600100,11.29998779296875,5.5,28.09,4.79,23286508.0,0.3844000101089477,313.566
2024-09-04,550.9500122070312,47224900,4.969970703125,5.5,28.09,4.79,23286508.0,0.376799988746643,313.566
2024-09-05,549.6099853515625,44264300,6.70001220703125,5.5,28.09,4.79,23286508.0,0.3730999946594238,313.566
2024-09-06,540.3599853515625,68493800,12.15997314453125,5.5,28.09,4.79,23286508.0,0.3710000038146973,313.566
2024-09-09,546.4099731445312,40445800,5.030029296875,5.5,28.09,4.79,23286508.0,0.3697000026702881,313.566
2024-09-10,548.7899780273438,36394600,5.77001953125,5.5,28.09,4.79,23286508.0,0.3645999908447265,313.566
2024-09-11,554.4199829101562,75248600,15.39996337890625,5.5,28.09,4.79,23286508.0,0.3653000116348266,314.131
2024-09-12,559.0900268554688,51819600,6.6600341796875,5.5,28.09,4.79,23286508.0,0.3680000066757202,314.131
2024-09-13,562.010009765625,39310500,3.58001708984375,5.5,28.09,4.79,23286508.0,0.3650000095367431,314.131
2024-09-16,562.8400268554688,36656100,3.2099609375,5.5,28.09,4.79,23286508.0,0.3621000051498413,314.131
2024-09-17,563.0700073242188,49321000,5.7900390625,5.5,28.09,4.79,23286508.0,0.3641999959945678,314.131
2024-09-18,561.4000244140625,59044900,7.8599853515625,5.5,28.09,4.79,23286508.0,0.3684999942779541,314.131
2024-09-19,570.97998046875,75315500,4.79998779296875,5.0,28.09,4.79,23286508.0,0.3740000009536743,314.131
2024-09-20,568.25,77503100,4.1400146484375,5.0,28.09,4.79,23286508.0,0.3727999925613403,314.131
2024-09-23,569.6699829101562,44116900,2.23004150390625,5.0,28.09,4.79,23286508.0,0.3739000082015991,314.131
2024-09-24,571.2999877929688,46805700,3.760009765625,5.0,28.09,4.79,23286508.0,0.3736000061035156,314.131
2024-09-25,570.0399780273438,38428600,2.98004150390625,5.0,28.09,4.79,23286508.0,0.3780999898910522,314.131
2024-09-26,572.2999877929688,48336000,4.80999755859375,5.0,28.09,4.79,23286508.0,0.3790999889373779,314.131
2024-09-27,571.469970703125,42100900,3.79998779296875,5.0,28.09,4.79,23286508.0,0.3749000072479248,314.131
2024-09-30,573.760009765625,63557400,6.29998779296875,5.0,28.09,4.94,23478570.0,0.3802000045776367,314.131
2024-10-01,568.6199951171875,72668800,8.05999755859375,5.0,28.45,4.94,23478570.0,0.3743000030517578,314.131
2024-10-02,568.8599853515625,38097800,4.6300048828125,5.0,28.45,4.94,23478570.0,0.3785000085830688,314.131
2024-10-03,567.8200073242188,40846500,4.30999755859375,5.0,28.45,4.94,23478570.0,0.3849999904632568,314.131
2024-10-04,572.97998046875,42939100,5.260009765625,5.0,28.45,4.94,23478570.0,0.3980999946594238,314.131
2024-10-07,567.7999877929688,49964700,5.33001708984375,5.0,28.45,4.94,23478570.0,0.4026000022888183,314.131
2024-10-08,573.1699829101562,37398700,4.25,5.0,28.45,4.94,23478570.0,0.4032999992370605,314.131
2024-10-09,577.1400146484375,37912200,5.1600341796875,5.0,28.45,4.94,23478570.0,0.4066999912261962,314.131
2024-10-10,576.1300048828125,44138100,3.09002685546875,5.0,28.45,4.94,23478570.0,0.409600019454956,314.131
2024-10-11,579.5800170898438,42268000,4.4200439453125,5.0,28.45,4.94,23478570.0,0.4072999954223633,314.851
2024-10-14,584.3200073242188,36217200,4.5400390625,5.0,28.45,4.94,23478570.0,0.4098000049591064,314.851
2024-10-15,579.780029296875,54203600,6.36004638671875,5.0,28.45,4.94,23478570.0,0.4038000106811523,314.851
2024-10-16,582.2999877929688,30725400,3.8699951171875,5.0,28.45,4.94,23478570.0,0.4015999794006347,314.851
2024-10-17,582.3499755859375,34393700,3.96002197265625,5.0,28.45,4.94,23478570.0,0.409600019454956,314.851
2024-10-18,584.5900268554688,37416800,2.80999755859375,5.0,28.45,4.94,23478570.0,0.4072999954223633,314.851
2024-10-21,583.6300048828125,36439000,4.25,5.0,28.45,4.94,23478570.0,0.4182000160217285,314.851
2024-10-22,583.3200073242188,34183800,4.1199951171875,5.0,28.45,4.94,23478570.0,0.4203999996185302,314.851
2024-10-23,577.989990234375,49314600,7.2900390625,5.0,28.45,4.94,23478570.0,0.4242000102996826,314.851
2024-10-24,579.239990234375,34979900,3.489990234375,5.0,28.45,4.94,23478570.0,0.4199999809265137,314.851
2024-10-25,579.0399780273438,47268200,6.3800048828125,5.0,28.45,4.94,23478570.0,0.423199987411499,314.851
2024-10-28,580.8300170898438,30174700,2.19000244140625,5.0,28.45,4.94,23478570.0,0.4277999877929687,314.851
2024-10-29,581.77001953125,42899700,4.47998046875,5.0,28.45,4.94,23478570.0,0.427400016784668,314.851
2024-10-30,580.010009765625,41435800,4.030029296875,5.0,28.45,4.94,23478570.0,0.4265999794006347,314.851
2024-10-31,568.6400146484375,60182500,7.19000244140625,5.0,28.45,4.94,23478570.0,0.4283999919891357,314.851
2024-11-01,571.0399780273438,45667500,4.92999267578125,5.0,28.66,4.94,23478570.0,0.4361000061035156,314.851
2024-11-04,569.8099975585938,38217000,4.6099853515625,5.0,28.66,4.94,23478570.0,0.4309000015258789,314.851
2024-11-05,576.7000122070312,39478300,6.219970703125,5.0,28.66,4.94,23478570.0,0.4289000034332275,314.851
2024-11-06,591.0399780273438,68182000,6.53997802734375,5.0,28.66,4.94,23478570.0,0.4426000118255615,314.851
2024-11-07,595.6099853515625,47233200,3.6500244140625,5.0,28.66,4.94,23478570.0,0.4341000080108642,314.851
2024-11-08,598.1900024414062,46444900,3.47003173828125,4.75,28.66,4.94,23478570.0,0.4306000232696533,314.851
2024-11-11,598.760009765625,37586800,3.16998291015625,4.75,28.66,4.94,23478570.0,0.4308000087738037,314.851
2024-11-12,596.9000244140625,43006100,4.91998291015625,4.75,28.66,4.94,23478570.0,0.4432000160217285,314.851
2024-11-13,597.1900024414062,47388600,4.26995849609375,4.75,28.66,4.94,23478570.0,0.4451000213623047,315.564
2024-11-14,593.3499755859375,38904100,5.15997314453125,4.75,28.66,4.94,23478570.0,0.4418000221252441,315.564
2024-11-15,585.75,75988800,6.34002685546875,4.75,28.66,4.94,23478570.0,0.4427999973297119,315.564
2024-11-18,588.1500244140625,37001700,4.14996337890625,4.75,28.66,4.94,23478570.0,0.4414000034332275,315.564
2024-11-19,590.2999877929688,49412000,7.00994873046875,4.75,28.66,4.94,23478570.0,0.4379000186920166,315.564
2024-11-20,590.5,50032600,6.15997314453125,4.75,28.66,4.94,23478570.0,0.4406000137329101,315.564
2024-11-21,593.6699829101562,46750300,7.66998291015625,4.75,28.66,4.94,23478570.0,0.4432000160217285,315.564
2024-11-22,595.510009765625,38226400,3.0,4.75,28.66,4.94,23478570.0,0.4409999847412109,315.564
2024-11-25,597.530029296875,42441400,5.65997314453125,4.75,28.66,4.94,23478570.0,0.4264999866485596,315.564
2024-11-26,600.6500244140625,45621300,3.260009765625,4.75,28.66,4.94,23478570.0,0.4302000045776367,315.564
2024-11-27,598.8300170898438,34000200,3.5699462890625,4.75,28.66,4.94,23478570.0,0.4242000102996826,315.564
2024-11-29,602.5499877929688,30177400,3.969970703125,4.75,28.66,4.94,23478570.0,0.4177999973297119,315.564
2024-12-02,603.6300048828125,31746000,1.85003662109375,4.75,28.6,4.94,23478570.0,0.4196000099182129,315.564
2024-12-03,603.9099731445312,26906600,1.8199462890625,4.75,28.6,4.94,23478570.0,0.4223000049591064,315.564
2024-12-04,607.6599731445312,42787600,2.9599609375,4.75,28.6,4.94,23478570.0,0.4179999828338623,315.564
2024-12-05,606.6599731445312,28762200,2.17999267578125,4.75,28.6,4.94,23478570.0,0.4179999828338623,315.564
2024-12-06,607.8099975585938,31241500,2.04998779296875,4.75,28.6,4.94,23478570.0,0.4151000022888184,315.564
2024-12-09,604.6799926757812,34742700,3.77996826171875,4.75,28.6,4.94,23478570.0,0.4198999881744384,315.564
2024-12-10,602.7999877929688,37234500,3.66998291015625,4.75,28.6,4.94,23478570.0,0.422100019454956,315.564
2024-12-11,607.4600219726562,28677700,2.92999267578125,4.75,28.6,4.94,23478570.0,0.4270999908447265,316.449
2024-12-12,604.3300170898438,31543800,2.8299560546875,4.75,28.6,4.94,23478570.0,0.4323999881744385,316.449
2024-12-13,604.2100219726562,35904700,4.32000732421875,4.75,28.6,4.94,23478570.0,0.4399000167846679,316.449
2024-12-16,606.7899780273438,43695200,2.57000732421875,4.75,28.6,4.94,23478570.0,0.4396999835968017,316.449
2024-12-17,604.2899780273438,55773500,2.27996826171875,4.75,28.6,4.94,23478570.0,0.4385000228881835,316.449
2024-12-18,586.280029296875,108248700,20.51995849609375,4.75,28.6,4.94,23478570.0,0.449399995803833,316.449
2024-12-19,586.0999755859375,85919500,7.1500244140625,4.5,28.6,4.94,23478570.0,0.4570000171661377,316.449
2024-12-20,591.1500244140625,125716700,14.84002685546875,4.5,28.6,4.94,23478570.0,0.4524000167846679,316.449
2024-12-23,594.6900024414062,57635800,7.6400146484375,4.5,28.6,4.94,23478570.0,0.4598999977111816,316.449
2024-12-24,601.2999877929688,33160100,5.87005615234375,4.5,28.6,4.94,23478570.0,0.4591000080108642,316.449
2024-12-26,601.3400268554688,41219100,4.39996337890625,4.5,28.6,4.94,23478570.0,0.4578999996185303,316.449
2024-12-27,595.010009765625,64969300,7.02001953125,4.5,28.6,4.94,23478570.0,0.461899995803833,316.449
2024-12-30,588.219970703125,56578800,7.33001708984375,4.5,28.6,4.94,23478570.0,0.4545000076293945,316.449
2024-12-31,586.0800170898438,57052700,6.22003173828125,4.5,28.6,4.99,23586542.0,0.4572999954223632,316.449
2025-01-02,584.6400146484375,50204000,10.6300048828125,4.5,28.16,4.99,23586542.0,0.4574999809265136,316.449
2025-01-03,591.9500122070312,37888500,6.16998291015625,4.5,28.16,4.99,23586542.0,0.459600019454956,316.449
2025-01-06,595.3599853515625,47679400,6.10003662109375,4.5,28.16,4.99,23586542.0,0.4618000030517578,316.449
2025-01-07,588.6300048828125,60393100,10.969970703125,4.5,28.16,4.99,23586542.0,0.4683000087738037,316.449
2025-01-08,589.489990234375,47304700,5.3800048828125,4.5,28.16,4.99,23586542.0,0.4692999839782715,316.449
2025-01-10,580.489990234375,73105000,7.4000244140625,4.5,28.16,4.99,23586542.0,0.4776000022888184,316.449
2025-01-13,581.3900146484375,47910100,6.4000244140625,4.5,28.16,4.99,23586542.0,0.4802999973297119,316.449
2025-01-14,582.1900024414062,48420600,6.6500244140625,4.5,28.16,4.99,23586542.0,0.4788000106811523,316.449
2025-01-15,592.780029296875,56900200,4.739990234375,4.5,28.16,4.99,23586542.0,0.4652999877929687,317.603
2025-01-16,591.6400146484375,43319700,3.41998291015625,4.5,28.16,4.99,23586542.0,0.4605999946594238,317.603
2025-01-17,597.5800170898438,58070600,3.75,4.5,28.16,4.99,23586542.0,0.4609000205993652,317.603
2025-01-21,603.0499877929688,42532900,4.3900146484375,4.5,28.16,4.99,23586542.0,0.4573999881744385,317.603
2025-01-22,606.4400024414062,48196000,2.46002197265625,4.5,28.16,4.99,23586542.0,0.4598999977111816,317.603
2025-01-23,609.75,41152100,4.22998046875,4.5,28.16,4.99,23586542.0,0.4638000011444091,317.603
2025-01-24,607.969970703125,34604700,3.98004150390625,4.5,28.16,4.99,23586542.0,0.4625999927520752,317.603
2025-01-27,599.3699951171875,70361100,5.04998779296875,4.5,28.16,4.99,23586542.0,0.4527999877929687,317.603
2025-01-28,604.52001953125,44433300,8.1199951171875,4.5,28.16,4.99,23586542.0,0.4551000118255615,317.603
2025-01-29,601.8099975585938,37177400,4.9100341796875,4.5,28.16,4.99,23586542.0,0.4554999828338623,317.603
2025-01-30,605.0399780273438,39281300,5.8800048828125,4.5,28.16,4.99,23586542.0,0.451200008392334,317.603
2025-01-31,601.8200073242188,66566900,8.9100341796875,4.5,28.16,4.99,23586542.0,0.4568999767303466,317.603
2025-02-03,597.77001953125,65857200,9.79998779296875,4.5,28.15,4.99,23586542.0,0.4543000221252441,317.603
2025-02-04,601.780029296875,33457800,5.01995849609375,4.5,28.15,4.99,23586542.0,0.4513000011444091,317.603
2025-02-05,604.219970703125,30653100,5.78997802734375,4.5,28.15,4.99,23586542.0,0.4421999931335449,317.603
2025-02-06,606.3200073242188,35771500,3.82000732421875,4.5,28.15,4.99,23586542.0,0.4440000057220459,317.603
2025-02-07,600.77001953125,50788500,8.08001708984375,4.5,28.15,4.99,23586542.0,0.4486999988555908,317.603
2025-02-10,604.8499755859375,26048700,2.760009765625,4.5,28.15,4.99,23586542.0,0.4493000030517578,317.603
2025-02-11,605.3099975585938,30056700,3.42999267578125,4.5,28.15,4.99,23586542.0,0.4537000179290771,317.603
2025-02-12,603.3599853515625,45076100,6.03997802734375,4.5,28.15,4.99,23586542.0,0.463700008392334,319.086
2025-02-13,609.72998046875,40921300,6.739990234375,4.5,28.15,4.99,23586542.0,0.4525000095367432,319.086
2025-02-14,609.7000122070312,26910400,1.91998291015625,4.5,28.15,4.99,23586542.0,0.4472000122070312,319.086
2025-02-18,611.489990234375,26749000,3.1099853515625,4.5,28.15,4.99,23586542.0,0.4544000148773193,319.086
2025-02-19,612.9299926757812,31011100,3.66998291015625,4.5,28.15,4.99,23586542.0,0.4534999847412109,319.086
2025-02-20,610.3800048828125,36554000,4.65997314453125,4.5,28.15,4.99,23586542.0,0.45,319.086
2025-02-21,599.9400024414062,76519800,10.83001708984375,4.5,28.15,4.99,23586542.0,0.4420000076293945,319.086
2025-02-24,597.2100219726562,50737200,6.5400390625,4.5,28.15,4.99,23586542.0,0.439300012588501,319.086
2025-02-25,594.239990234375,58266500,8.33001708984375,4.5,28.15,4.99,23586542.0,0.4297999858856201,319.086
2025-02-26,594.5399780273438,43321600,7.72003173828125,4.5,28.15,4.99,23586542.0,0.4249000072479248,319.086
2025-02-27,585.0499877929688,74196700,13.3699951171875,4.5,28.15,4.99,23586542.0,0.4284999847412109,319.086
2025-02-28,594.1799926757812,88744100,12.27996826171875,4.5,28.15,4.99,23586542.0,0.4230999946594238,319.086
2025-03-03,583.77001953125,74249200,17.44000244140625,4.5,26.23,4.99,23586542.0,0.4179999828338623,319.086
2025-03-04,576.8599853515625,109648200,13.1400146484375,4.5,26.23,4.99,23586542.0,0.4210000038146972,319.086
2025-03-05,583.0599975585938,71230500,11.79998779296875,4.5,26.23,4.99,23586542.0,0.4264999866485596,319.086
2025-03-06,572.7100219726562,80094900,10.04998779296875,4.5,26.23,4.99,23586542.0,0.4285999774932861,319.086
2025-03-07,575.9199829101562,81158800,11.760009765625,4.5,26.23,4.99,23586542.0,0.4316999912261963,319.086
2025-03-10,560.5800170898438,99326600,13.949951171875,4.5,26.23,4.99,23586542.0,0.4212999820709228,319.086
2025-03-11,555.9199829101562,88102100,12.0,4.5,26.23,4.99,23586542.0,0.4288000106811523,319.086
2025-03-12,558.8699951171875,69588200,9.41998291015625,4.5,26.23,4.99,23586542.0,0.4317999839782714,319.775
2025-03-13,551.4199829101562,74079400,9.42999267578125,4.5,26.23,4.99,23586542.0,0.427400016784668,319.775
2025-03-14,562.8099975585938,62660300,12.34002685546875,4.5,26.23,4.99,23586542.0,0.4308000087738037,319.775
2025-03-17,567.1500244140625,49008700,7.36004638671875,4.5,26.23,4.99,23586542.0,0.4306000232696533,319.775
2025-03-18,561.02001953125,66041400,5.96002197265625,4.5,26.23,4.99,23586542.0,0.4281000137329102,319.775
2025-03-19,567.1300048828125,66556000,9.32000732421875,4.5,26.23,4.99,23586542.0,0.425600004196167,319.775
2025-03-20,565.489990234375,62958200,7.97003173828125,4.5,26.23,4.99,23586542.0,0.4232999801635742,319.775
2025-03-21,563.97998046875,83763000,6.8599853515625,4.5,26.23,4.99,23586542.0,0.4251999855041504,319.775
2025-03-24,574.0800170898438,58766800,4.95001220703125,4.5,26.23,4.99,23586542.0,0.4330999851226806,319.775
2025-03-25,575.4600219726562,38355700,2.719970703125,4.5,26.23,4.99,23586542.0,0.4307000160217285,319.775
2025-03-26,568.5900268554688,51848300,9.1400146484375,4.5,26.23,4.99,23586542.0,0.4337999820709228,319.775
2025-03-27,567.0800170898438,42164200,5.96002197265625,4.5,26.23,4.99,23586542.0,0.436899995803833,319.775
2025-03-28,555.6599731445312,71662700,11.20001220703125,4.5,26.23,4.99,23586542.0,0.4255000114440918,319.775
2025-03-31,559.3900146484375,95328200,13.84002685546875,4.5,26.23,4.69,23548210.0,0.4245999813079834,319.775
2025-04-01,560.969970703125,54609600,9.260009765625,4.5,24.56,4.69,23548210.0,0.4156000137329101,319.775
2025-04-02,564.52001953125,76014500,12.6099853515625,4.5,24.56,4.69,23548210.0,0.4196000099182129,319.775
2025-04-03,536.7000122070312,125986000,11.26995849609375,4.5,24.56,4.69,23548210.0,0.4054999828338623,319.775
2025-04-04,505.2799987792969,217965100,20.80999755859375,4.5,24.56,4.69,23548210.0,0.3984999895095825,319.775
2025-04-07,504.3800048828125,256611400,41.3699951171875,4.5,24.56,4.69,23548210.0,0.4155000209808349,319.775
2025-04-08,496.4800109863281,165816600,35.819976806640625,4.5,24.56,4.69,23548210.0,0.4262000083923339,319.775
2025-04-09,548.6199951171875,241867300,55.57000732421875,4.5,24.56,4.69,23548210.0,0.4400000095367432,319.775
2025-04-10,524.5800170898438,162331200,24.17999267578125,4.5,24.56,4.69,23548210.0,0.4394000053405761,319.615
2025-04-11,533.9400024414062,97866300,16.3599853515625,4.5,24.56,4.69,23548210.0,0.4493000030517578,319.615
2025-04-14,539.1199951171875,68034000,10.4200439453125,4.5,24.56,4.69,23548210.0,0.4363999843597412,319.615
2025-04-15,537.6099853515625,56892900,6.41998291015625,4.5,24.56,4.69,23548210.0,0.4322999954223633,319.615
2025-04-16,525.6599731445312,83484800,17.60003662109375,4.5,24.56,4.69,23548210.0,0.4278999805450439,319.615
2025-04-17,526.4099731445312,79868100,7.260009765625,4.5,24.56,4.69,23548210.0,0.4333000183105469,319.615
2025-04-21,513.8800048828125,69368100,13.240020751953123,4.5,24.56,4.69,23548210.0,0.4405000209808349,319.615
2025-04-22,527.25,75948100,10.1099853515625,4.5,24.56,4.69,23548210.0,0.4388999938964844,319.615
2025-04-23,535.4199829101562,90590700,11.54998779296875,4.5,24.56,4.69,23548210.0,0.438700008392334,319.615
2025-04-24,546.6900024414062,64150400,11.97998046875,4.5,24.56,4.69,23548210.0,0.4304999828338623,319.615
2025-04-25,550.6400146484375,61119600,7.3599853515625,4.5,24.56,4.69,23548210.0,0.4265999794006347,319.615
2025-04-28,550.8499755859375,47613800,8.52996826171875,4.5,24.56,4.69,23548210.0,0.4216000080108643,319.615
2025-04-29,554.3200073242188,47775100,6.9000244140625,4.5,24.56,4.69,23548210.0,0.4172999858856201,319.615
2025-04-30,554.5399780273438,93101500,15.0,4.5,24.56,4.69,23548210.0,0.4177000045776367,319.615
2025-05-01,558.469970703125,63186100,6.21002197265625,4.5,26.34,4.69,23548210.0,0.4230999946594238,319.615
2025-05-02,566.760009765625,60717300,6.0,4.5,26.34,4.69,23548210.0,0.4322000026702881,319.615
2025-05-05,563.510009765625,38659200,4.95001220703125,4.5,26.34,4.69,23548210.0,0.4342999935150146,319.615
2025-05-06,558.7999877929688,48264700,6.38995361328125,4.5,26.34,4.69,23548210.0,0.4308000087738037,319.615
2025-05-07,561.1500244140625,55588000,7.780029296875,4.5,26.34,4.69,23548210.0,0.4275000095367431,319.615
2025-05-08,565.0599975585938,65130800,8.6099853515625,4.5,26.34,4.69,23548210.0,0.4373000144958496,319.615
2025-05-09,564.3400268554688,37603400,4.739990234375,4.5,26.34,4.69,23548210.0,0.4375,319.615
2025-05-12,582.989990234375,78993600,5.96002197265625,4.5,26.34,4.69,23548210.0,0.4456999778747558,319.615
2025-05-13,586.8400268554688,67947200,6.239990234375,4.5,26.34,4.69,23548210.0,0.4499000072479248,320.321
2025-05-14,587.5900268554688,66283500,3.44000244140625,4.5,26.34,4.69,23548210.0,0.4527999877929687,320.321
2025-05-15,590.4600219726562,71268100,5.8699951171875,4.5,26.34,4.69,23548210.0,0.4454999923706054,320.321
2025-05-16,594.2000122070312,76052100,5.219970703125,4.5,26.34,4.69,23548210.0,0.444099998474121,320.321
2025-05-19,594.8499755859375,68168500,7.44000244140625,4.5,26.34,4.69,23548210.0,0.4474999904632568,320.321
2025-05-20,592.8499755859375,60614500,4.45001220703125,4.5,26.34,4.69,23548210.0,0.4480999946594238,320.321
2025-05-21,582.8599853515625,95197700,10.760009765625,4.5,26.34,4.69,23548210.0,0.459600019454956,320.321
2025-05-22,583.0900268554688,70860400,5.21002197265625,4.5,26.34,4.69,23548210.0,0.4552999973297119,320.321
2025-05-23,579.1099853515625,76029000,6.21002197265625,4.5,26.34,4.69,23548210.0,0.4508999824523926,320.321
2025-05-27,591.1500244140625,72588500,12.8800048828125,4.5,26.34,4.69,23548210.0,0.4434000015258789,320.321
2025-05-28,587.72998046875,68445500,5.780029296875,4.5,26.34,4.69,23548210.0,0.447700023651123,320.321
2025-05-29,590.0499877929688,69973300,7.1300048828125,4.5,26.34,4.69,23548210.0,0.4423999786376953,320.321
2025-05-30,589.3900146484375,90601200,7.8900146484375,4.5,26.34,4.69,23548210.0,0.4415999889373779,320.321
2025-06-02,592.7100219726562,61630500,7.72998046875,4.5,27.1,4.69,23548210.0,0.4461999893188476,320.321
2025-06-03,596.0900268554688,63606200,5.23004150390625,4.5,27.1,4.69,23548210.0,0.4460000038146973,320.321
2025-06-04,595.9299926757812,57314200,2.46002197265625,4.5,27.1,4.69,23548210.0,0.4364999771118164,320.321
2025-06-05,593.0499877929688,92278700,7.95001220703125,4.5,27.1,4.69,23548210.0,0.4394000053405761,320.321
2025-06-06,599.1400146484375,66588700,3.97003173828125,4.5,27.1,4.69,23548210.0,0.4510000228881836,320.321
2025-06-09,599.6799926757812,53016400,2.760009765625,4.5,27.1,4.69,23548210.0,0.448199987411499,320.321
2025-06-10,603.0800170898438,66247000,4.37994384765625,4.5,27.1,4.69,23548210.0,0.4473999977111816,320.321
2025-06-11,601.3599853515625,73658200,5.78997802734375,4.5,27.1,4.69,23548210.0,0.4412000179290771,320.58
2025-06-12,603.75,64129000,4.22998046875,4.5,27.1,4.69,23548210.0,0.435699987411499,320.58
2025-06-13,597.0,89506000,6.3699951171875,4.5,27.1,4.69,23548210.0,0.4423999786376953,320.58
2025-06-16,602.6799926757812,79984100,4.23004150390625,4.5,27.1,4.69,23548210.0,0.4452000141143798,320.58
2025-06-17,597.530029296875,82209400,4.989990234375,4.5,27.1,4.69,23548210.0,0.439300012588501,320.58
2025-06-18,597.4400024414062,76605000,4.75,4.5,27.1,4.69,23548210.0,0.4396999835968017,320.58
2025-06-20,594.280029296875,94051400,6.60003662109375,4.5,27.1,4.69,23548210.0,0.4375,320.58
2025-06-23,600.1500244140625,87426000,8.64996337890625,4.5,27.1,4.69,23548210.0,0.4320000171661377,320.58
2025-06-24,606.780029296875,67735300,4.44000244140625,4.5,27.1,4.69,23548210.0,0.4293000221252441,320.58
2025-06-25,607.1199951171875,62114800,3.07000732421875,4.5,27.1,4.69,23548210.0,0.4293000221252441,320.58
2025-06-26,611.8699951171875,78548400,3.94000244140625,4.5,27.1,4.69,23548210.0,0.4252999782562255,320.58
2025-06-27,614.9099731445312,86258400,5.55999755859375,4.5,27.1,4.69,23548210.0,0.4282999992370605,320.58
2025-06-30,617.8499755859375,92502500,4.17999267578125,4.5,27.1,5.01,23770976.0,0.4230000019073486,320.58
2025-07-01,617.6500244140625,70030100,3.30999755859375,4.5,27.1,5.01,23770976.0,0.4250999927520752,320.58
2025-07-02,620.4500122070312,66510400,3.8800048828125,4.5,27.1,5.01,23770976.0,0.4293000221252441,320.58
2025-07-03,625.3400268554688,51065800,3.85003662109375,4.5,27.1,5.01,23770976.0,0.4348000049591064,320.58
2025-07-07,620.6799926757812,74814500,6.1600341796875,4.5,27.1,5.01,23770976.0,0.4394999980926514,320.58
2025-07-08,620.3400268554688,59024600,2.5899658203125,4.5,27.1,5.01,23770976.0,0.4414999961853027,320.58
2025-07-09,624.0599975585938,66113300,3.80999755859375,4.5,27.1,5.01,23770976.0,0.4342000007629394,320.58
2025-07-10,625.8200073242188,57529000,3.8599853515625,4.5,27.1,5.01,23770976.0,0.4346000194549561,320.58
2025-07-11,623.6199951171875,63670200,3.3299560546875,4.5,27.1,5.01,23770976.0,0.4422999858856201,320.58
2025-07-14,624.8099975585938,51898500,3.3599853515625,4.5,27.1,5.01,23770976.0,0.4427000045776367,320.58
2025-07-15,622.1400146484375,74317300,5.79998779296875,4.5,27.1,5.01,23770976.0,0.4488999843597412,321.5
2025-07-16,624.219970703125,88987500,6.67999267578125,4.5,27.1,5.01,23770976.0,0.4454999923706054,321.5
2025-07-17,628.0399780273438,68885700,4.22003173828125,4.5,27.1,5.01,23770976.0,0.4462999820709228,321.5
2025-07-18,627.5800170898438,65621600,3.00994873046875,4.5,27.1,5.01,23770976.0,0.4432000160217285,321.5
2025-07-21,628.77001953125,63375000,3.199951171875,4.5,27.1,5.01,23770976.0,0.4372000217437744,321.5
2025-07-22,628.8599853515625,60046300,3.53997802734375,4.5,27.1,5.01,23770976.0,0.4335999965667724,321.5
2025-07-23,634.2100219726562,70511000,4.48004150390625,4.5,27.1,5.01,23770976.0,0.4388000011444092,321.5
2025-07-24,634.4199829101562,71307100,2.1600341796875,4.5,27.1,5.01,23770976.0,0.4407999992370605,321.5
2025-07-25,637.0999755859375,56865400,2.739990234375,4.5,27.1,5.01,23770976.0,0.4386000156402588,321.5
2025-07-28,636.9400024414062,54917100,2.5,4.5,27.1,5.01,23770976.0,0.4420000076293945,321.5
2025-07-29,635.260009765625,60556300,4.3299560546875,4.5,27.1,5.01,23770976.0,0.4329999923706055,321.5
2025-07-30,634.4600219726562,80418900,6.1400146484375,4.5,27.1,5.01,23770976.0,0.4375999927520752,321.5
2025-07-31,632.0800170898438,103385200,9.0799560546875,4.5,27.1,5.01,23770976.0,0.4360000133514404,321.5
2025-08-01,621.719970703125,140103600,7.050048828125,4.5,27.1,5.01,23770976.0,0.421999979019165,321.5
2025-08-04,631.1699829101562,73218000,5.63995361328125,4.5,27.1,5.01,23770976.0,0.4199999809265137,321.5
2025-08-05,627.969970703125,68051400,5.57000732421875,4.5,27.1,5.01,23770976.0,0.4196000099182129,321.5
2025-08-06,632.780029296875,64357500,5.30999755859375,4.5,27.1,5.01,23770976.0,0.421999979019165,321.5
2025-08-07,632.25,74205800,7.8699951171875,4.5,27.1,5.01,23770976.0,0.424399995803833,321.5
2025-08-08,637.1799926757812,64051600,3.9100341796875,4.5,27.1,5.01,23770976.0,0.4284999847412109,321.5
2025-08-11,635.9199829101562,58742300,4.2900390625,4.5,27.1,5.01,23770976.0,0.4272999763488769,321.5
2025-08-12,642.6900024414062,64730800,6.05999755859375,4.5,27.1,5.01,23770976.0,0.4293000221252441,322.132
2025-08-13,644.8900146484375,60092800,3.510009765625,4.5,27.1,5.01,23770976.0,0.423799991607666,322.132
2025-08-14,644.9500122070312,59327500,3.27996826171875,4.5,27.1,5.01,23770976.0,0.4293000221252441,322.132
2025-08-15,643.4400024414062,68592500,3.57000732421875,4.5,27.1,5.01,23770976.0,0.4328000068664551,322.132
2025-08-18,643.2999877929688,43804900,1.82000732421875,4.5,27.1,5.01,23770976.0,0.4341000080108642,322.132
2025-08-19,639.8099975585938,69750700,5.6300048828125,4.5,27.1,5.01,23770976.0,0.4302000045776367,322.132
2025-08-20,638.1099853515625,88890300,6.7099609375,4.5,27.1,5.01,23770976.0,0.4296000003814697,322.132
2025-08-21,635.5499877929688,54805800,4.15997314453125,4.5,27.1,5.01,23770976.0,0.4329999923706055,322.132
2025-08-22,645.3099975585938,84083200,9.25,4.5,27.1,5.01,23770976.0,0.4260000228881836,322.132
2025-08-25,642.469970703125,51274300,2.94000244140625,4.5,27.1,5.01,23770976.0,0.4275000095367431,322.132
2025-08-26,645.1599731445312,51581600,3.94000244140625,4.5,27.1,5.01,23770976.0,0.4257999897003174,322.132
2025-08-27,646.6300048828125,48341100,2.95001220703125,4.5,27.1,5.01,23770976.0,0.423799991607666,322.132
2025-08-28,648.9199829101562,61519500,4.13995361328125,4.5,27.1,5.01,23770976.0,0.4206999778747559,322.132
2025-08-29,645.0499877929688,74522200,4.70001220703125,4.5,27.1,5.01,23770976.0,0.422700023651123,322.132
2025-09-02,640.27001953125,81983500,5.57000732421875,4.5,27.1,5.01,23770976.0,0.4276999950408935,322.132
2025-09-03,643.739990234375,70820900,3.75,4.5,27.1,5.01,23770976.0,0.4210999965667724,322.132
2025-09-04,649.1199951171875,65219200,5.6400146484375,4.5,27.1,5.01,23770976.0,0.4176000118255615,322.132
2025-09-05,647.239990234375,85178900,8.8800048828125,4.5,27.1,5.01,23770976.0,0.4085999965667725,322.132
2025-09-08,648.8300170898438,63133100,2.61004638671875,4.5,27.1,5.01,23770976.0,0.4046000003814697,322.132
2025-09-09,650.3300170898438,66133900,3.6400146484375,4.5,27.1,5.01,23770976.0,0.4073999881744384,322.132
2025-09-10,652.2100219726562,78034500,3.91998291015625,4.5,27.1,5.01,23770976.0,0.4032000064849853,322.132
2025-09-11,657.6300048828125,69934400,4.739990234375,4.5,27.1,5.01,23770976.0,0.4011000156402587,323.364
2025-09-12,657.4099731445312,72780100,2.2099609375,4.5,27.1,5.01,23770976.0,0.4060999870300293,323.364
2025-09-15,660.9099731445312,63772400,1.699951171875,4.5,27.1,5.01,23770976.0,0.4033999919891357,323.364
2025-09-16,660.0,61169000,2.57000732421875,4.5,27.1,5.01,23770976.0,0.4026000022888183,323.364
2025-09-17,659.1799926757812,101952200,7.41998291015625,4.5,27.1,5.01,23770976.0,0.4076000213623046,323.364
2025-09-18,662.260009765625,90459200,4.6199951171875,4.25,27.1,5.01,23770976.0,0.4104000091552734,323.364
2025-09-19,663.7000122070312,97945600,4.17999267578125,4.25,27.1,5.01,23770976.0,0.4138999938964843,323.364
2025-09-22,666.8400268554688,69452200,5.1199951171875,4.25,27.1,5.01,23770976.0,0.4143000125885009,323.364
2025-09-23,663.2100219726562,81708900,5.36004638671875,4.25,27.1,5.01,23770976.0,0.4119999885559082,323.364
2025-09-24,661.0999755859375,68082200,4.94000244140625,4.25,27.1,5.01,23770976.0,0.4146999835968017,323.364
2025-09-25,658.0499877929688,89622100,5.0,4.25,27.1,5.01,23770976.0,0.4171999931335449,323.364
2025-09-26,661.8200073242188,69179200,4.489990234375,4.25,27.1,5.01,23770976.0,0.4186999797821045,323.364
2025-09-29,663.6799926757812,73499000,3.4200439453125,4.25,27.1,5.01,23770976.0,0.4140999794006347,323.364
2025-09-30,666.1799926757812,86288000,5.0400390625,4.25,27.1,5.01,23770976.0,0.4147999763488769,323.364
2025-10-01,668.4500122070312,72545400,6.30999755859375,4.25,27.1,5.01,23770976.0,0.4105999946594238,323.364
2025-10-02,669.219970703125,56896000,3.78997802734375,4.25,27.1,5.01,23770976.0,0.4087999820709228,323.364
2025-10-03,669.2100219726562,70494400,4.52001953125,4.25,27.1,5.01,23770976.0,0.411899995803833,323.364
2025-10-06,671.6099853515625,54623300,3.04998779296875,4.25,27.1,5.01,23770976.0,0.4162000179290771,323.364
2025-10-07,669.1199951171875,72020100,5.32000732421875,4.25,27.1,5.01,23770976.0,0.4126999855041504,323.364
2025-10-08,673.1099853515625,60702200,3.7900390625,4.25,27.1,5.01,23770976.0,0.4129000186920166,323.364
2025-10-09,671.1599731445312,66501900,4.72998046875,4.25,27.1,5.01,23770976.0,0.4147999763488769,323.364
2025-10-10,653.02001953125,159422600,21.1099853515625,4.25,27.1,5.01,23770976.0,0.4051000118255615,323.364
2025-10-13,663.0399780273438,79560500,5.3599853515625,4.25,27.1,5.01,23770976.0,0.4051000118255615,323.364
2025-10-14,662.22998046875,88779600,12.6600341796875,4.25,27.1,5.01,23770976.0,0.4021999835968017,323.364
2025-10-15,665.1699829101562,81702600,11.29998779296875,4.25,27.1,5.01,23770976.0,0.4046000003814697,324.368
2025-10-16,660.6400146484375,110563300,11.60003662109375,4.25,27.1,5.01,23770976.0,0.3976000070571899,324.368
2025-10-17,664.3900146484375,96500900,7.6199951171875,4.25,27.1,5.01,23770976.0,0.4006999969482422,324.368
2025-10-20,671.2999877929688,60493400,4.94000244140625,4.25,27.1,5.01,23770976.0,0.3986000061035156,324.368
2025-10-21,671.2899780273438,56249000,3.010009765625,4.25,27.1,5.01,23770976.0,0.3963000059127807,324.368
2025-10-22,667.7999877929688,80564000,8.70001220703125,4.25,27.1,5.01,23770976.0,0.395300006866455,324.368
2025-10-23,671.760009765625,65604500,4.9100341796875,4.25,27.1,5.01,23770976.0,0.3990999937057495,324.368
2025-10-24,677.25,74356500,2.8199462890625,4.25,27.1,5.01,23770976.0,0.3996999979019165,324.368
2025-10-27,685.239990234375,63339800,3.41998291015625,4.25,27.1,5.01,23770976.0,0.3996999979019165,324.368
2025-10-28,687.0599975585938,61738100,4.0799560546875,4.25,27.1,5.01,23770976.0,0.3983000040054321,324.368
2025-10-29,687.3900146484375,85657100,6.83001708984375,4.25,27.1,5.01,23770976.0,0.4058000087738037,324.368
2025-10-30,679.8300170898438,76335800,6.1099853515625,4.0,27.1,5.01,23770976.0,0.4092999935150146,324.368
2025-10-31,682.0599975585938,87164100,5.84002685546875,4.0,27.1,5.01,23770976.0,0.410099983215332,324.368
2025-11-03,683.3400268554688,57315000,5.8599853515625,4.0,27.1,5.01,23770976.0,0.4105999946594238,324.368
2025-11-04,675.239990234375,78427000,5.3800048828125,4.0,27.1,5.01,23770976.0,0.4089000225067138,324.368
2025-11-05,677.5800170898438,74402400,6.69000244140625,4.0,27.1,5.01,23770976.0,0.4157000064849853,324.368
2025-11-06,670.3099975585938,85035300,8.6600341796875,4.0,27.1,5.01,23770976.0,0.4092999935150146,324.368
2025-11-07,670.969970703125,100592400,9.8699951171875,4.0,27.1,5.01,23770976.0,0.4092999935150146,324.368
