Date,High,Low,Volume,Close,Volatility
2022-11-07,159.26687252521515,155.4167434136073,24225107.966666665,158.28867205778758,3.8501291116078695
2022-11-08,161.18350127538045,157.01245606740315,27744161.266666666,159.38965107599896,4.171045207977295
2022-11-09,159.72994261582693,155.75529028574627,26006890.716666665,156.14301273822784,3.974652330080668
2022-11-10,165.47525204817455,159.96400271256763,36907760.06666667,164.65324170589446,5.511249335606893
2022-11-11,168.21393610636395,162.34035278956097,32213356.883333333,165.93445472717286,5.8735833168029785
2022-11-14,167.72178462346395,163.30547974904377,27104064.45,164.8515086332957,4.416304874420166
2022-11-15,169.46097979545593,164.6707126935323,29680526.8,166.71514002482095,4.790267101923624
2022-11-16,167.58659240404765,163.97672182718912,26442653.8,165.36608595848082,3.6098705768585204
2022-11-17,165.60754578908285,161.9213082710902,26798708.516666666,164.49077790578207,3.6862375179926556
2022-11-18,167.1881983280182,163.34461681842805,22635420.35,165.16828599770864,3.843581509590149
2022-11-21,166.19616399606068,162.81489319006602,21617343.183333334,164.2050049384435,3.3812708059946694
2022-11-22,167.2511607170105,163.87709561189016,20933539.483333334,166.76396305561065,3.374065105120341
2022-11-23,168.9758650779724,166.00484687487284,19456800.633333333,167.95190218289693,2.9710182030995687
2022-11-25,169.07050232092539,167.08425894578298,9041696.783333333,168.1067005077998,1.9862433751424153
2022-11-28,168.64750163555146,165.03981330394745,18887634.3,165.81450484593708,3.607688331604004
2022-11-29,166.5820537408193,163.77221031188964,17524594.366666667,165.1710099697113,2.809843428929647
2022-11-30,170.99709661801657,163.61699627240498,33093870.983333334,170.64618940353392,7.380100345611572
2022-12-01,172.18769696553548,167.94506310621898,23705531.966666665,170.25809536774952,4.242633859316508
2022-12-02,170.4937057654063,167.05041937828065,20212830.983333334,169.66306719779968,3.443286387125651
2022-12-05,169.50129379431408,165.45681291421255,21396904.266666666,166.54481076399486,4.0444808801015215
2022-12-06,167.13894137541453,162.8296645005544,22286505.116666667,164.27837096850078,4.309276874860128
2022-12-07,165.86314307053883,162.80700027942657,21049940.25,164.283628932635,3.056142791112264
2022-12-08,166.72818041642506,163.33635394573213,23221347.183333334,165.6717208703359,3.3918264706929526
2022-12-09,167.28749595483143,163.81155927181243,22428728.616666667,164.62973964214325,3.475936683019002
2022-12-12,167.4780504465103,163.88281869888306,22915212.566666666,166.87148675918579,3.5952317476272584
2022-12-13,172.78308068116505,166.73091802597045,33276470.3,168.2176500161489,6.052162655194601
2022-12-14,170.41228646437327,165.8133426427841,25647213.316666666,167.3769863208135,4.598943821589152
2022-12-15,165.79603040218353,161.1703571796417,26301403.233333334,162.45235452651977,4.625673222541809
2022-12-16,162.7878061612447,159.17720829645793,38285662.333333336,160.80107657909394,3.610597864786784
2022-12-19,161.67431233723957,158.35603811740876,22509477.083333332,159.50430920124055,3.318274219830831
2022-12-20,160.9297019481659,157.84912618001303,22483615.783333335,159.70077696641286,3.080575768152873
2022-12-21,162.81842733224232,159.54913835525514,20286159.016666666,161.96703775723776,3.269288976987203
2022-12-22,161.2689905166626,157.1791806459427,27594364.566666666,159.73466252485912,4.089809870719909
2022-12-23,161.03886176745098,158.20451894601186,17970793.55,160.56601384480794,2.8343428214391073
2022-12-27,161.57864207426707,158.74910100301108,21346409.866666667,159.98064014116923,2.829541071256002
2022-12-28,161.31600637435912,157.90582070350646,19697258.45,158.40667224725087,3.410185670852661
2022-12-29,162.1559279044469,159.03548967838287,20031583.883333333,161.22593246301014,3.120438226064046
2022-12-30,161.30025335947673,158.71496611436208,18420079.033333335,160.86121459007262,2.5852872451146443
2023-01-03,162.86598106225333,158.3939517100652,24412431.35,160.30522746245066,4.472029352188111
2023-01-04,163.39188776016235,159.5789974530538,25112418.4,161.73640955289204,3.812890307108561
2023-01-05,161.7363715012868,158.12571439743041,21833847.683333334,159.45641856988271,3.6106571038564046
2023-01-06,163.82629709243776,158.35449250539145,25606877.4,162.58683084646862,5.4718045870463055
2023-01-09,166.10876863797506,161.75343124866487,26064664.066666666,162.84739122390747,4.355337389310201
2023-01-10,165.02359891732533,161.31314406394958,21497679.033333335,164.19535853068035,3.7104548533757526
2023-01-11,166.75558018684387,163.08139421145123,22192201.716666665,166.053302804629,3.6741859753926596
2023-01-12,168.1094829559326,164.2578657388687,25851581.183333334,166.8479328473409,3.851617217063904
2023-01-13,168.2029050985972,164.64978249073027,24091813.25,167.38003985087076,3.553122607866923
2023-01-17,168.81007551352184,165.3158144235611,26033835.45,166.74315818945567,3.4942610899607343
2023-01-18,168.5511803150177,163.82138493855794,24711331.3,164.26476423740388,4.729795376459758
2023-01-19,165.34859626293184,161.55490835507712,24033841.0,163.23255727291107,3.793687907854716
2023-01-20,166.92126127084097,162.68059424559274,27877876.816666666,166.42564656734467,4.24066702524821
2023-01-23,169.89567826588947,165.48988038698832,29671059.133333333,168.5532317320506,4.405797878901164
2023-01-24,170.56351803143818,165.6546270529429,23118459.916666668,168.44227802753448,4.90889097849528
2023-01-25,169.12322475910187,165.00715800126395,25349139.666666668,168.55858183701832,4.116066757837931
2023-01-26,171.47574089368183,167.64491370519002,26011583.9,170.28891566594442,3.8308271884918215
2023-01-27,172.36359639962515,168.50943280061085,30339924.066666666,170.46038740475973,3.8541635990142824
2023-01-30,170.9269803126653,167.62530635992687,25391921.766666666,168.4065410296122,3.301673952738444
2023-01-31,171.00605226357777,167.41304658253986,26683627.1,170.56740930080414,3.5930056810379027
2023-02-01,174.33166182835896,168.7044409195582,32371931.533333335,172.79175936381023,5.627220908800761
2023-02-02,176.94137864112855,171.73499639829,35761997.15,174.60624222755433,5.206382242838542
2023-02-03,175.908456325531,170.8956277370453,30080644.75,172.83957816759747,5.012828588485718
2023-02-06,173.2764632066091,170.316717338562,23983138.566666666,171.70582582155865,2.9597458680470785
2023-02-07,174.51226994196574,169.6576114654541,30975764.7,173.7596019744873,4.854658476511637
2023-02-08,174.82623682022094,171.0416118621826,29151722.866666667,172.2544673124949,3.78462495803833
2023-02-09,175.12886832555134,170.47564225991567,29183740.566666666,171.15850942929586,4.653226065635681
2023-02-10,172.18020295302074,168.95205084482828,26352334.916666668,170.90138157208762,3.228152108192444
2023-02-13,173.36268082459767,170.17706189155578,24637955.75,172.7475220123927,3.1856189330418903
2023-02-14,174.3750965118408,170.2814448038737,30999648.85,172.67869319915772,4.093651707967123
2023-02-15,173.50415449142457,170.44344650904338,23933991.95,172.8372061252594,3.0607079823811847
2023-02-16,172.67002288500467,169.18754943211874,24624479.883333333,170.03580066363017,3.482473452885946
2023-02-17,170.87116853396097,167.34604236284892,24721633.716666665,169.69615451494852,3.5251261711120607
2023-02-21,169.2986488501231,165.74521015485126,24547169.416666668,166.55530678431194,3.5534386952718098
2023-02-22,168.42155725161234,165.36035733222963,25425130.883333333,166.67162919044495,3.061199919382731
2023-02-23,168.6363929271698,164.85607453982036,34487900.53333333,167.14780807495117,3.7803183873494466
2023-02-24,167.02682415644327,163.630659977595,24468860.666666668,165.8318656126658,3.3961641788482666
2023-02-27,168.25006782213848,165.42476348876954,21069014.95,166.0519186814626,2.8253043333689374
2023-02-28,167.29711488087972,164.44304164250693,23280012.383333333,165.41880747477214,2.854073238372803
2023-03-01,166.5549474398295,163.33910343647003,21915906.466666665,164.69441007773082,3.215844003359477
2023-03-02,166.81193555196126,163.12395330270132,22357175.616666667,166.01736884911855,3.6879822492599486
2023-03-03,168.87819383939106,165.58081453641256,23073959.666666668,168.40482522646587,3.2973793029785154
2023-03-06,170.75200179417928,167.5615288257599,22343503.416666668,168.82970895767212,3.190472968419393
2023-03-07,169.9424650510152,165.82094108263652,24293502.416666668,166.38420394261678,4.121523968378702
2023-03-08,167.7814702351888,164.8928202788035,22652841.116666667,166.6872961997986,2.8886499563852945
2023-03-09,168.649595673879,163.10176649888356,26674084.2,163.67686673005423,5.547829174995423
2023-03-10,164.96628143787385,159.97020831902822,30188959.716666665,161.22487224737804,4.996073118845621
2023-03-13,163.87368043263754,158.3135782321294,31410255.033333335,160.97964227994282,5.560102200508117
2023-03-14,165.4661954720815,161.43603155612945,29060908.633333333,164.18152876694998,4.030163915952047
2023-03-15,164.05110659599305,160.0134731610616,31100286.616666667,163.09216264883676,4.037633434931437
2023-03-16,166.76101053555806,161.23695635000865,32301834.716666665,165.92422060171762,5.524054185549418
2023-03-17,166.50434629122415,162.75915330251058,44929293.15,164.15122946103415,3.7451929887135824
2023-03-20,166.59473284085593,163.1020686864853,25328519.05,165.52234058380128,3.4926641543706256
2023-03-21,168.6733637491862,165.33737808863322,27906718.0,167.60640136400858,3.3359856605529785
2023-03-22,169.67583243052164,165.1160352389018,31131763.05,165.25978418986003,4.559797191619873
2023-03-23,169.24807100296022,164.85605476697285,27835151.516666666,166.74688150087994,4.392016235987345
2023-03-24,167.9976010163625,164.37179423967999,24134681.25,167.2994944413503,3.625806776682536
2023-03-27,169.69648787180583,166.5070327202479,21548066.933333334,167.74763229688008,3.1894551515579224
2023-03-28,168.48693579037985,165.57678372859954,18838864.2,166.7735254764557,2.910152061780294
2023-03-29,169.65616939862568,167.06452085177105,22326109.233333334,168.82755878766378,2.591648546854655
2023-03-30,170.9562341372172,168.58219674428304,20794526.783333335,169.8460083325704,2.3740373929341634
2023-03-31,172.97454492251077,169.85842847824097,24527109.85,172.58516414960226,3.116116444269816
2023-04-03,174.1581726551056,170.99284903208414,22152441.133333333,173.27727885246276,3.1653236230214437
2023-04-04,174.99666972160338,171.70812304814658,20283326.383333333,172.86579303741456,3.288546673456828
2023-04-05,174.1981072107951,170.89213768641153,23665442.166666668,172.7816572745641,3.3059695243835447
2023-04-06,173.93178199132282,170.50155892372132,20562250.666666668,172.99628987312317,3.430223067601522
2023-04-10,173.84883933067323,170.544366812706,19965847.2,173.39268770217896,3.3044725179672243
2023-04-11,174.9565570672353,172.3655092875163,18837217.966666665,173.50980723698933,2.5910477797190348
2023-04-12,175.74428373972574,172.20296082496642,21372658.633333333,172.89719454447427,3.541322914759318
2023-04-13,176.04401059150695,172.7871171315511,19962881.566666666,175.60052267710367,3.2568934599558514
2023-04-14,176.54715293248495,173.43469462394714,20830266.116666667,175.05947642326356,3.1124583085378013
2023-04-17,176.19637627601622,173.53560134569804,19311136.716666665,175.30207705497742,2.6607749303181967
2023-04-18,176.77691043217976,174.02453106244405,24013175.533333335,175.41972354253133,2.752379369735718
2023-04-19,176.3936789035797,173.51019783020018,19848961.683333334,175.34134391148885,2.8834810733795164
2023-04-20,176.31204862594603,172.88883213996888,25145118.95,174.8136374791463,3.4232164859771728
2023-04-21,176.37483309110004,173.7220245997111,21239397.35,175.39786825180053,2.652808491388957
2023-04-24,176.78158973058063,174.03452042738596,19228970.083333332,175.52470246950784,2.747069303194682
2023-04-25,175.9061766465505,171.9067580620448,21933036.133333333,172.49652978579203,3.999418584505717
2023-04-26,173.73692401250204,170.0509711186091,23688697.616666667,171.3495342095693,3.685952893892924
2023-04-27,175.15225976308187,170.47758249441782,25065320.55,174.29993751049042,4.674677268664042
2023-04-28,177.2913553873698,173.17537592252094,22509657.65,176.1739468574524,4.115979464848836
2023-05-01,177.63562123775483,174.43126045862834,23763152.283333335,175.77797005176544,3.204360779126485
2023-05-02,176.42308807373047,172.31770083904266,24227625.766666666,174.01498142878214,4.1053872346878055
2023-05-03,176.22758009433747,172.54461515744526,22884967.383333333,173.36557773749033,3.6829649368921915
2023-05-04,174.14650166034698,170.61123999754588,22414938.85,171.99874097506205,3.5352616628011067
2023-05-05,175.53506773312887,172.33052019278207,21668952.35,174.447216351827,3.2045475403467814
2023-05-08,175.98321142991384,173.0934407869975,20243443.8,174.8310897509257,2.8897706429163614
2023-05-09,175.76952980359394,173.0475660800934,20856315.616666667,174.2643143494924,2.72196372350057
2023-05-10,176.84802088737487,172.93795692125957,24213955.4,174.97205554644268,3.910063966115316
2023-05-11,175.89210866292316,172.8735724290212,21927277.133333333,174.80400751431782,3.0185362339019775
2023-05-12,176.38791885375977,173.32950367927552,18733142.9,174.72581876118977,3.058415174484253
2023-05-15,176.25050678253174,173.24017257690429,18164111.933333334,175.24202130635578,3.0103342056274416
2023-05-16,176.32147024472553,173.26240612665814,21989249.183333334,174.39928142229715,3.0590641180674236
2023-05-17,177.70023237864177,173.87124177614848,24240896.716666665,176.83478600184122,3.828990602493286
2023-05-18,179.64817020098369,175.7938747882843,32526493.666666668,179.01334641774494,3.8542954126993814
2023-05-19,180.5238516171773,177.60427519480388,26337329.783333335,178.76572057406108,2.9195764223734537
2023-05-22,180.72828070322672,177.0462939421336,22469796.45,178.44349610010784,3.68198676109314
2023-05-23,179.18077675501505,175.27019527753194,24308023.983333334,176.14831417401632,3.9105814774831136
2023-05-24,176.27078275680543,173.20177076657612,28132035.0,174.816810019811,3.069011990229289
2023-05-25,177.74718499183655,173.80554536183675,46290566.766666666,176.24452664057415,3.9416396299997967
2023-05-26,180.8616820494334,175.946391805013,33330362.05,179.08076553344728,4.91529024442037
2023-05-30,181.79810387293497,177.45605948766072,35869272.833333336,179.04085766474407,4.342044385274251
2023-05-31,180.1065715154012,176.08912838300068,45220805.56666667,178.6276033560435,4.017443132400513
2023-06-01,181.33052530288697,176.94311784108478,29801750.716666665,180.1385529836019,4.387407461802165
2023-06-02,183.62019295692443,179.77130066553752,27499377.966666665,182.25979984601338,3.8488922913869223
2023-06-05,184.31414958635966,180.7307099978129,23750153.866666667,182.43893313407898,3.583439588546753
2023-06-06,184.7021686553955,180.59479915301006,22413328.933333334,182.78527779579161,4.107369502385457
2023-06-07,185.05642442703248,179.59531056086223,30817981.466666665,181.09653188387554,5.461113866170248
2023-06-08,183.46857741673787,179.82741072972615,23535279.933333334,182.48283696174622,3.6411666870117188
2023-06-09,184.98863054911297,181.77803535461425,23140167.933333334,183.34379099210102,3.210595194498698
2023-06-12,185.97584377924602,182.66598793665568,23828902.483333334,185.22946844100952,3.309855842590332
2023-06-13,187.85535610516865,184.40850063959758,28757974.7,186.26470359166464,3.4468554655710855
2023-06-14,188.0645793914795,183.9204641501109,30536269.466666665,186.25295763015748,4.1441152413686115
2023-06-15,189.57153231302897,185.0791744073232,28709115.983333334,188.5056445121765,4.49235790570577
2023-06-16,190.2626359621684,186.64186908404034,38533089.2,187.38932752609253,3.6207668781280518
2023-06-20,188.67627048492432,184.66507094701132,24645757.383333333,186.748708152771,4.011199537913004
2023-06-21,187.80579385757446,184.0256100177765,27257987.933333334,185.40194114049277,3.7801838397979735
2023-06-22,187.08660011291505,183.66509828567504,23742852.433333334,186.10394673347474,3.4215018272399904
2023-06-23,186.4233966668447,183.28943072954814,25877360.183333334,185.05325419108073,3.1339659372965496
2023-06-26,186.89030491511028,182.7761013666789,25848782.966666665,184.06618776321412,4.114203548431396
2023-06-27,186.92199120521545,183.22967411677044,22968955.45,185.86122838656107,3.692317088445028
2023-06-28,187.3307779312134,184.1202110449473,24855591.866666667,186.03001057306926,3.2105668862660726
2023-06-29,188.1182471593221,184.89762578010559,21615342.433333334,187.03862226804097,3.220621379216512
2023-06-30,190.3551797389984,187.54817345937093,24348814.133333333,189.22156535784404,2.807006279627482
2023-07-03,190.31324885686237,187.59277397791544,12203788.6,189.25209840138754,2.72047487894694
2023-07-05,190.5484697977702,187.28680413564047,19034768.916666668,189.16660332679749,3.26166566212972
2023-07-06,188.58090580304463,185.40747157732645,19778366.25,187.17005666097006,3.1734342257181805
2023-07-07,188.62338673273723,185.30547043482463,19095965.783333335,186.03811500867207,3.3179162979125976
2023-07-10,188.49602084159852,185.0525067170461,21466126.666666668,187.3259305636088,3.443514124552409
2023-07-11,189.1249008178711,185.72185867627462,19121326.883333333,187.9734169324239,3.4030421415964764
2023-07-12,191.40898157755535,187.96737168629963,23593660.633333333,189.61773352622987,3.4416098912556965
2023-07-13,192.1667583147685,189.06492958068847,23373899.583333332,190.9035096327464,3.1018287340799966
2023-07-14,193.7612603664398,189.95107531547546,30157477.15,191.75165144602457,3.8101850509643556
2023-07-17,193.94525237083434,190.54153865178426,26059138.533333335,192.78264753023782,3.4037137190500895
2023-07-18,195.72550795873005,191.12548262278239,28965278.633333333,194.39649306933086,4.600025335947673
2023-07-19,197.3049177010854,193.2802088737488,26565783.666666668,194.90244105656942,4.024708827336629
2023-07-20,196.26847496032715,191.33198040326437,27804770.866666667,193.27480478286742,4.936494557062785
2023-07-21,195.76120581626893,191.56912768681843,41002873.43333333,193.43299395243326,4.19207812945048
2023-07-24,195.83822425206503,192.07533650398256,21124554.35,194.13137933413188,3.7628877480824787
2023-07-25,195.99390632311503,192.73098912239075,21231954.45,194.50570432345071,3.2629172007242837
2023-07-26,195.6940750281016,191.78386130332947,22528297.5,194.26151490211487,3.9102137247721354
2023-07-27,197.73206637700397,192.32673689524333,25933718.516666666,193.23943862915038,5.405329481760661
2023-07-28,196.5670801480611,193.02850454648336,22808599.75,195.42151935895285,3.538575601577759
2023-07-31,196.9787474632263,193.9619351387024,20396914.2,195.85104722976683,3.016812324523926
2023-08-01,197.3650936762492,193.84847656885782,19264130.666666668,195.88838089307148,3.5166171073913572
2023-08-02,195.8370715936025,191.80851515134177,26406221.25,193.09536390304567,4.028556442260742
2023-08-03,194.21979859670003,190.9656336625417,20102398.483333334,192.78314170837402,3.254164934158325
2023-08-04,195.22419130007427,191.15787032445272,23178149.566666666,191.87220815022786,4.066320975621541
2023-08-07,194.9077218691508,191.74540212949117,20885881.9,194.07116355895997,3.1623197396596274
2023-08-08,195.30820819536845,191.19580543835957,21485191.05,193.93504155476887,4.11240275700887
2023-08-09,195.1504863103231,191.51884225209554,25358116.883333333,192.4453311284383,3.631644058227539
2023-08-10,195.99678908983867,191.97554992039997,23261813.583333332,192.900759379069,4.02123916943868
2023-08-11,193.88902190526326,191.06202305157979,22015878.95,192.77319827079774,2.8269988536834716
2023-08-14,194.70428624153138,191.3903362751007,25134663.666666668,193.96258387565612,3.313949966430664
2023-08-15,194.52060015996298,191.16453305880228,24645795.233333334,192.03778228759765,3.356067101160685
2023-08-16,193.2355459054311,189.96774315834045,23045308.733333334,190.39248506228128,3.2678027470906574
2023-08-17,191.8471523920695,187.7849144935608,24980721.35,188.49503488540648,4.062237898508708
2023-08-18,189.6666825135549,186.11737027168274,25532721.35,188.4921367486318,3.5493122418721517
2023-08-21,190.61717049280801,187.26184981664022,27668362.916666668,189.57916380564373,3.355320676167806
2023-08-22,191.149950615565,188.1580112775167,25708922.016666666,189.13449722925822,2.991939338048299
2023-08-23,192.46223607063294,188.87732288042704,28021747.383333333,191.33336005210876,3.5849131902058917
2023-08-24,193.23433923721313,188.11304526329042,35431299.333333336,188.44263313611347,5.12129397392273
2023-08-25,191.64884495735168,187.60278255144755,28779103.266666666,190.55725421905518,4.046062405904134
2023-08-28,192.86878997484843,190.11382069587708,22583096.883333333,191.65668989817303,2.754969278971354
2023-08-29,195.19995676676433,190.73100129763284,25532661.516666666,194.61125119527182,4.46895546913147
2023-08-30,196.62049910227458,193.685089635849,25470112.883333333,195.38128887812297,2.9354094664255777
2023-08-31,197.3481477578481,193.9530732313792,26096678.666666668,195.1761022090912,3.3950745264689126
2023-09-01,197.52599759101867,194.265131966273,21206365.316666666,195.61977968215942,3.2608656247456866
2023-09-05,197.5099672317505,193.78510438601177,19968317.5,195.24421855608622,3.7248628457387287
2023-09-06,196.1654193719228,192.84284903208416,21636868.566666666,194.5852267583211,3.3225703398386637
2023-09-07,196.0748425801595,192.41369218826293,22841185.583333332,194.62519667943317,3.6611503918965655
2023-09-08,196.37707290649413,193.38555920918782,20832649.45,194.88744972546894,2.9915136973063152
2023-09-11,197.67569637298584,194.4095922787984,23043618.316666666,196.30515230496724,3.2661040941874186
2023-09-12,197.22466548283896,193.64612778027853,21225320.916666668,195.13252822558084,3.578537702560425
2023-09-13,197.1910239537557,193.4094880580902,20754309.183333334,195.1648295243581,3.7815358956654865
2023-09-14,197.66931931177774,194.22519006729127,21161912.8,196.33416380882264,3.444129244486491
2023-09-15,197.31473495165508,192.9754375298818,34751906.266666666,193.92216361363728,4.339297421773275
2023-09-18,195.41729555130004,192.36730807622274,20593003.0,193.83928513526917,3.049987475077311
2023-09-19,194.64613223075867,191.49278313318888,19221920.75,193.36300813357036,3.1533490975697833
2023-09-20,195.18174735705057,191.16128438313802,19988611.983333334,191.64747897783914,4.020462973912557
2023-09-21,191.66413942972818,187.57052324612934,24413506.533333335,188.30184966723124,4.0936161835988365
2023-09-22,190.3921696980794,187.15029328664144,22303746.05,188.10971120198568,3.241876411437988
2023-09-25,189.35077741940816,186.56199582417807,18621991.683333334,188.87447624206544,2.7887815952301027
2023-09-26,188.67189909617107,185.5568242232005,20577179.05,186.47000387509664,3.115074872970581
2023-09-27,188.2385976632436,184.42031760215758,22831292.6,186.6172889550527,3.818280061086019
2023-09-28,189.32645360628763,185.26260147094726,21860388.95,187.9559637069702,4.0638521353403725
2023-09-29,190.10841156641644,186.26243052482604,21731511.083333332,187.1600390434265,3.8459810415903726
2023-10-02,188.74068988164265,185.0007154782613,20413811.3,187.39392034212747,3.7399744033813476
2023-10-03,188.0477424621582,183.3751219113668,22010395.0,184.66754263242086,4.6726205507914225
2023-10-04,187.09563643137614,183.7286619345347,20426710.85,186.35463752746583,3.3669744968414306
2023-10-05,187.45508913993837,183.78914326032003,20040462.316666666,185.9863553841909,3.665945879618327
2023-10-06,189.49873984654744,183.45255325635273,23783797.1,188.36796847979227,6.0461865901947025
2023-10-09,189.79886763890585,186.18659790356955,19841932.883333333,189.14322366714478,3.612269735336304
2023-10-10,191.82221714655557,188.11457142829894,20763085.65,189.98717865943908,3.7076457182566327
2023-10-11,191.99190243085226,188.16809250513714,19977809.55,190.0179896990458,3.823809925715129
2023-10-12,191.72599089940388,187.38268024126688,22973844.1,188.95175143877665,4.343310658137003
2023-10-13,191.19591841697692,186.76642468770345,23011528.95,188.17653714815776,4.429493729273478
2023-10-16,191.35937016805013,188.00968510309855,19561541.633333333,189.90919618606569,3.349685064951579
2023-10-17,191.72448717753093,187.31707345644634,28342085.783333335,190.09058221181235,4.407413721084595
2023-10-18,190.62768483161926,186.4512266953786,25577100.55,187.36465934117635,4.176458136240641
2023-10-19,190.0905346552531,185.28772373199462,26510754.25,186.47706928253174,4.8028109232584635
2023-10-20,187.40195846557617,183.04207073847454,25641011.0,184.07109688123066,4.359887727101644
2023-10-23,186.01454866727192,181.7194309234619,24035830.483333334,183.69737750689188,4.295117743810018
2023-10-24,186.71835559209188,183.19706996281943,22692672.966666665,185.28185086250306,3.521285629272461
2023-10-25,185.58564484914143,180.71867996851603,24720643.183333334,182.08477263450624,4.866964880625407
2023-10-26,184.01622516314188,178.9651186466217,28570766.516666666,180.53214864730836,5.051106516520182
2023-10-27,182.4496439933777,178.1046350955963,24915988.95,179.4117938041687,4.345008897781372
2023-10-30,183.4439744313558,179.27319827079774,22050485.583333332,182.04972732861836,4.170776160558065
2023-10-31,184.09744683901468,180.45850561459858,23566769.2,183.1170812447866,3.638941224416097
2023-11-01,185.87828658421833,182.0886825879415,24615034.85,184.95827054977417,3.7896039962768553
2023-11-02,189.41477516492208,185.51049516995747,25551432.116666667,188.2194143931071,3.9042799949645994
2023-11-03,191.2185435295105,187.51577030817668,24076055.333333332,189.4907505194346,3.7027732213338216
2023-11-06,191.50919469197592,188.2369351228078,20906473.433333334,190.28448203404744,3.272259569168091
2023-11-07,192.3829738775889,189.35722756385803,20664760.25,191.25042476654053,3.0257463137308758
2023-11-08,193.38613669077554,190.12746839523317,19466708.683333334,191.9162265141805,3.258668295542399
2023-11-09,193.35535354614257,189.2443546772003,24943518.416666668,190.0686557928721,4.110998868942261
2023-11-10,193.8401782989502,189.39679245948793,23296236.966666665,193.35669821103414,4.44338583946228
2023-11-13,194.95813983281454,191.51675446828207,19596329.6,193.8342350959778,3.441385364532471
2023-11-14,198.60575195948283,195.15901231765747,24621517.233333334,197.31537899971008,3.446739641825358
2023-11-15,199.6933765252431,195.97076710065207,24587811.816666666,197.6751428604126,3.7226094245910644
2023-11-16,199.31756992340087,195.7334092140198,23821527.866666667,197.9697776635488,3.5841607093811034
2023-11-17,199.32098781267803,196.36133772532145,21416603.633333333,198.14504369099936,2.959650087356567
2023-11-20,200.60615145365398,197.30811506907145,22503189.633333333,199.72629356384277,3.2980363845825194
2023-11-21,200.95146706899007,198.14814494450886,24959653.65,199.64711262385052,2.803322124481201
2023-11-22,202.08308347066244,199.29965648651122,28061578.083333332,200.6083264350891,2.7834269841512045
2023-11-24,201.89439675013224,199.96968981424968,11635966.583333334,201.19015305836996,1.9247069358825684
2023-11-27,202.20406554539997,199.57639694213867,21239101.916666668,200.60006580352783,2.627668603261312
2023-11-28,201.61022125879924,198.92614822387696,20340856.783333335,200.51378933588663,2.684073034922282
2023-11-29,203.27276573181152,199.75658610661824,21529685.516666666,200.83365023930867,3.516179625193278
2023-11-30,203.250954469045,199.20509452819823,28538918.516666666,201.95263827641804,4.0458599408467615
2023-12-01,203.99563223520914,200.12535111109415,21734486.2,202.62875026067098,3.87028112411499
2023-12-04,202.8809308052063,199.4114716211955,24156548.6,201.4296264966329,3.4694591840108235
2023-12-05,202.55973320007325,199.01706380844115,22166458.433333334,201.2544288635254,3.54266939163208
2023-12-06,203.27440980275472,199.77477293014528,22328754.016666666,200.57181901931762,3.4996368726094564
2023-12-07,202.84712387720745,199.86078262329102,22471622.1,201.94100364049277,2.9863412539164225
2023-12-08,203.76295442581176,200.58651787439982,21920898.633333333,202.8756791114807,3.1764365514119466
2023-12-11,205.61651283899943,201.6888077100118,26664712.816666666,204.2289477666219,3.9277051289876304
2023-12-12,206.5277661005656,203.13164443969725,23533437.383333333,205.7494002978007,3.3961216608683267
2023-12-13,209.1282437324524,204.20299323399863,26717335.15,208.41839742660522,4.925250498453776
2023-12-14,211.14229729970296,205.03302898406983,30296364.25,207.62734855016072,6.109268315633138
2023-12-15,209.90854069391887,205.76121673583984,46382971.31666667,208.582422320048,4.14732395807902
2023-12-18,211.84174505869547,208.03304125467938,23032556.916666668,210.23617909749348,3.808703804016113
2023-12-19,212.548988087972,209.40825659434,22300575.633333333,211.7594514211019,3.1407314936319985
2023-12-20,212.70156488418579,208.26070976257324,23156030.35,208.43063853581745,4.4408551216125485
2023-12-21,211.29908968607586,208.4462577819824,18369769.416666668,210.62039709091187,2.8528319040934247
2023-12-22,212.3971684773763,209.803071975708,15236809.166666666,210.9253833134969,2.5940965016682944
2023-12-26,212.55283937454223,210.50243644714357,13902032.716666667,211.78945814768474,2.0504029273986815
2023-12-27,213.03896792729697,210.81837094624836,15405923.5,212.43080183664958,2.220596981048584
2023-12-28,213.67632093429566,211.58306980133057,14896403.233333332,212.32622604370118,2.093251132965088
2023-12-29,213.2226705869039,210.68140719731647,18468185.55,211.81704209645588,2.541263389587402
2024-01-02,212.78754110336303,207.6198296546936,23087930.416666668,210.39702514012654,5.167711448669434
2024-01-03,211.27230765024822,207.50327866872152,21025750.833333332,208.9721747080485,3.769028981526693
2024-01-04,211.34343570073446,207.71991445223492,20098524.983333334,208.91421372095743,3.6235212484995523
2024-01-05,211.00209976832073,207.73237902323405,20706240.95,209.30819578170775,3.26972074508667
2024-01-08,212.5487712542216,208.40583009719847,25302931.133333333,212.08453880945842,4.142941157023112
2024-01-09,213.3699096997579,209.73615754445393,26238225.466666665,211.98419265747071,3.633752155303955
2024-01-10,215.00524876912434,211.3161427815755,22068522.0,213.8526816368103,3.689105987548828
2024-01-11,216.0214485168457,211.86593627929688,24697108.416666668,214.3244778951009,4.1555122375488285
2024-01-12,216.39583409627278,212.87772534688312,20313236.333333332,214.52219457626342,3.5181087493896483
2024-01-16,215.900061416626,211.95370909372966,23830890.316666666,213.68627096811932,3.9463523228963218
2024-01-17,214.34393679300945,210.78076130549113,22037806.183333334,212.92818291982016,3.5631754875183104
2024-01-18,215.6505318959554,211.91385367711385,24502254.7,214.9063346862793,3.736678218841553
2024-01-19,218.19108715057374,213.88363730112712,28070115.183333334,217.31431770324707,4.3074498494466145
2024-01-22,220.07628962198893,216.34126427968343,25404830.716666665,217.86442804336548,3.735025342305501
2024-01-23,219.5820120493571,215.6907501856486,19282301.666666668,218.19434617360432,3.891261863708496
2024-01-24,222.44623041152954,218.05363025665284,27430861.633333333,219.41033465067545,4.392600154876709
2024-01-25,222.42807048161825,217.90628267923992,27816861.216666665,220.30853519439697,4.521787802378337
2024-01-26,222.7476845105489,218.7922890663147,22902764.916666668,220.85167315800985,3.9553954442342123
2024-01-29,223.572642993927,219.71260515848795,20935627.4,222.9399025599162,3.860037835439046
2024-01-30,224.7676470756531,221.07026265462238,23933497.433333334,223.06105054219563,3.6973844210306805
2024-01-31,224.43414754867553,218.81837743123373,26981757.866666667,220.02282756169637,5.615770117441813
2024-02-01,223.50632019042968,219.02478710810342,23394424.533333335,222.5361813545227,4.481533082326253
2024-02-02,226.82719682057697,221.8584272066752,27788981.066666666,225.29729668299356,4.968769613901774
2024-02-05,227.4450231552124,222.54512198766074,29613671.883333333,225.1449693997701,4.899901167551676
2024-02-06,228.08053175608316,223.12222916285197,31681749.633333333,225.60539757410686,4.958302593231201
2024-02-07,229.54124431610109,225.17827984491984,26260672.583333332,227.87439498901367,4.362964471181233
2024-02-08,230.01944506963093,226.47817125320435,24162483.5,228.5613891283671,3.541273816426595
2024-02-09,230.91334403355916,227.4069471359253,23611708.4,229.4768131573995,3.5063968976338704
2024-02-12,231.19613081614176,227.09333143234252,24872690.216666665,228.79736868540445,4.102799383799235
2024-02-13,228.44354597727457,223.24727341334025,26158475.5,226.00477186838785,5.196272563934326
2024-02-14,229.9419178644816,226.1067000389099,23486622.133333333,229.21869058609008,3.835217825571696
2024-02-15,232.47495800654093,228.11934881210328,23838147.2,231.21208229064942,4.355609194437663
2024-02-16,233.35689814885458,228.9929425239563,23309259.266666666,230.5963830312093,4.363955624898275
2024-02-20,231.6320336341858,226.52847973505655,28528908.866666667,228.51803859074911,5.103553899129232
2024-02-21,229.47946011225383,225.67862033843994,24952814.516666666,228.60267311731974,3.8008397738138835
2024-02-22,234.8545720418294,230.29661798477173,31437145.4,233.5261583328247,4.557954057057699
2024-02-23,236.0246010462443,232.2089111963908,27554559.466666665,233.65273726781209,3.8156898498535154
2024-02-26,236.3627784729004,232.46411542892457,21872269.15,233.9503424326579,3.89866304397583
2024-02-27,235.57430210113526,231.61028083165488,19389250.9,234.06506690979003,3.9640212694803876
2024-02-28,234.7787066777547,231.39014002482097,18885162.083333332,233.48519900639852,3.3885666529337564
2024-02-29,235.98013480504355,231.99988123575847,28103548.816666666,234.33729219436646,3.980253569285075
2024-03-01,237.89536536534627,233.19142497380574,23504081.683333334,236.95325317382813,4.703940391540527
2024-03-04,239.22520217895507,234.71993805567425,28025274.033333335,236.92057813008626,4.505264123280843
2024-03-05,237.32942333221436,231.60296891530353,25675531.05,233.570077196757,5.726454416910808
2024-03-06,237.38146098454794,232.93222519556682,28652404.25,235.0043409983317,4.449235788981119
2024-03-07,239.17844320933025,234.24437643686932,26887523.966666665,237.23496932983397,4.9340667724609375
2024-03-08,239.4236216545105,233.38177404403686,36453217.233333334,234.88168818155924,6.041847610473633
2024-03-11,235.86412309010822,230.92109689712524,25277518.483333334,233.62424901326497,4.943026192982992
2024-03-12,238.13192615509033,233.04881699879965,26185241.483333334,237.02552102406818,5.08310915629069
2024-03-13,238.7647567431132,234.4400498708089,25107246.45,236.12746871312459,4.32470687230428
2024-03-14,238.40628070831298,233.45454587936402,26787236.283333335,235.56565936406454,4.951734828948974
2024-03-15,236.32357422510782,231.3278354962667,39411954.28333333,233.45557591120402,4.995738728841146
2024-03-18,237.58034947713216,233.36038602193196,26972629.8,235.22982470194498,4.219963455200196
2024-03-19,237.04574689865112,232.95138813654583,24710346.45,236.28916292190553,4.094358762105306
2024-03-20,238.95600337982177,234.57074273427327,22727407.233333334,238.26334737141926,4.385260645548502
2024-03-21,242.50157963434856,237.8615914026896,25172973.216666665,239.7675944328308,4.639988231658935
2024-03-22,241.1848671913147,237.50132700602214,22258462.2,238.9416757583618,3.683540185292562
2024-03-25,239.92749614715575,236.11093492507933,21963516.35,237.9190974553426,3.816561222076416
2024-03-26,240.33546244303386,236.7898642539978,22162868.05,238.00384298960367,3.5455981890360513
2024-03-27,241.07025985717775,236.38140796025593,23169323.883333333,239.0990175565084,4.688851896921793
2024-03-28,240.7354208310445,237.52206735610963,21744114.566666666,239.08019790649413,3.213353474934896
2024-04-01,240.9508659998576,236.33119379679363,20013299.866666667,238.33066953023274,4.619672203063965
2024-04-02,237.6806833902995,233.89168418248494,21227056.666666668,236.2998507499695,3.7889992078145345
2024-04-03,239.24813375473022,234.6836992263794,20540341.666666668,237.277366065979,4.56443452835083
2024-04-04,241.0342658996582,233.82600084940592,23706215.0,234.38263448079428,7.208265050252279
2024-04-05,239.38203455607098,233.86190023422242,21117490.0,237.9610676129659,5.520134321848551
2024-04-08,239.77831745147705,236.2115327835083,16945341.666666668,237.87698237101236,3.56678466796875
2024-04-09,239.96096731821697,234.77554998397827,20971781.666666668,237.68593451182048,5.1854173342386884
2024-04-10,237.29416739145915,233.17378393809,19967555.0,235.5116671562195,4.120383453369141
2024-04-11,238.04683202107748,233.5765663464864,21245500.0,236.5281668027242,4.470265674591064
2024-04-12,236.18801644643148,231.9476992925008,22926103.333333332,233.4036174138387,4.240317153930664
2024-04-15,236.8158507347107,229.55146617889403,22441971.666666668,230.337451171875,7.26438455581665
2024-04-16,233.04484961827595,229.0112495581309,21224328.333333332,230.81606601079304,4.03360006014506
2024-04-17,233.38313223520916,228.41421845753987,21951805.0,229.8912353515625,4.968913777669271
2024-04-18,232.02146838506061,227.62861760457358,20964503.333333332,229.08236745198568,4.392850780487061
2024-04-19,230.64803415934244,224.59778423309325,32399021.666666668,226.82976570129395,6.050249926249186
2024-04-22,230.33586740493774,225.39353392918903,24596553.333333332,228.3978495279948,4.942333475748698
2024-04-23,233.27915070851643,228.4733511606852,21596135.0,232.16798292795818,4.805799547831217
2024-04-24,235.06266571680706,229.15818192164105,24635880.0,232.02280066808063,5.904483795166016
2024-04-25,231.204883035024,225.29713242848715,24707773.333333332,229.5995156288147,5.907750606536865
2024-04-26,233.1621166229248,228.46611563364664,25657945.0,231.39198274612426,4.696000989278158
2024-04-29,233.51755018234252,229.57984917958578,22458533.333333332,231.71849953333538,3.9377010027567545
2024-04-30,233.1099326133728,227.94079853693646,22319046.666666668,228.8660001118978,5.169134076436361
2024-05-01,231.94236698150635,226.1682497660319,25417020.0,228.09111687342326,5.774117215474447
2024-05-02,231.02501773834229,226.39924964904785,20464453.333333332,229.40953232447308,4.625768089294434
2024-05-03,233.3073350906372,228.97248357137045,21663380.0,231.58105154037474,4.334851519266764
2024-05-06,235.49086697896323,231.5508500099182,21202216.666666668,234.71725044250488,3.9400169690450033
2024-05-07,237.18216705322266,232.8238496462504,22697115.0,235.32476660410563,4.358317406972249
2024-05-08,236.70673119227092,233.11193482081094,18538130.0,235.1286162376404,3.594796371459961
2024-05-09,237.6320837020874,234.00211690266926,17930491.666666668,236.4159668604533,3.6299667994181317
2024-05-10,239.30035050710043,235.6188670794169,17130791.666666668,237.46900046666462,3.681483427683512
2024-05-13,239.0332820256551,235.2044184366862,16598118.333333334,236.74581797917685,3.828863588968913
2024-05-14,239.04088274637857,234.65043414433796,17593083.333333332,237.58971522649128,4.390448602040609
2024-05-15,242.37461570103963,237.4789004643758,21553486.666666668,241.3392011006673,4.895715236663818
2024-05-16,243.27876561482748,239.5782347679138,19525186.666666668,240.50936791102092,3.7005308469136557
2024-05-17,242.6043652534485,239.45809949239094,17971385.0,241.39591499964396,3.1462657610575357
2024-05-20,243.88490069707234,239.72373224894207,16707426.666666666,241.91994969050089,4.161168448130289
2024-05-21,244.4616989771525,240.2574825922648,18048503.333333332,243.05376663208008,4.204216384887696
2024-05-22,244.58416773478191,240.73693256378175,20552461.666666668,242.18501459757488,3.847235171000163
2024-05-23,244.5255155881246,238.76191641489666,27655926.666666668,239.8736854871114,5.763599173227946
2024-05-24,241.9866826057434,237.7560160636902,17292955.0,239.99383316040038,4.230666542053223
2024-05-28,241.15614789326986,236.78093344370524,22683418.333333332,239.18403304417927,4.3752144495646155
2024-05-29,239.72484877904256,235.6778828303019,20609218.333333332,237.54776646296185,4.046965948740641
2024-05-30,237.468416595459,232.18139797846476,21761218.333333332,234.10729866027833,5.287018616994222
2024-05-31,237.37065041859944,230.9456841468811,31573983.333333332,236.1646999359131,6.424966271718343
2024-06-03,238.76165005366008,232.9354016304016,19999406.666666668,235.99804951349896,5.8262484232584635
2024-06-04,238.016765499115,233.61153361002604,18562030.0,236.6408673286438,4.405231889088949
2024-06-05,240.5881660461426,235.59788297017414,21546613.333333332,239.6711843808492,4.990283075968424
2024-06-06,242.1147486368815,237.88883237838746,23080671.666666668,240.12756786346435,4.225916258494059
2024-06-07,242.21146615346274,238.09140046437582,17599600.0,239.93540048599243,4.120065689086914
2024-06-10,242.0600991566976,237.79191710154217,18182085.0,240.64606682459512,4.268182055155436
2024-06-11,241.995850276947,237.40563344955444,17707203.333333332,240.41730028788248,4.590216827392578
2024-06-12,245.18316710789998,239.53493258158366,22229825.0,242.0027329444885,5.648234526316325
2024-06-13,244.12174978256226,239.32226619720458,19052758.333333332,242.13548396428425,4.799483585357666
2024-06-14,243.9646821339925,239.9014494260152,16871350.0,242.81536757151287,4.063232707977295
2024-06-17,246.05630019505818,240.9449663480123,19914245.0,244.77528314590455,5.111333847045898
2024-06-18,247.4066343943278,243.31043456395466,19477031.666666668,245.80666456222534,4.096199830373128
2024-06-20,248.4069009145101,242.7501490910848,24675055.0,245.4974515279134,5.656751823425293
2024-06-21,247.68848234812418,243.1655487060547,39656036.666666664,245.51430031458537,4.522933642069499
2024-06-24,248.29218406677245,243.24486713409425,22556588.333333332,245.0190510749817,5.047316932678223
2024-06-25,247.71459992726645,243.079998588562,20243846.666666668,245.9008168856303,4.634601338704427
2024-06-26,247.61199967066446,243.7176007270813,20064081.666666668,246.1312660853068,3.8943989435831705
2024-06-27,248.5764682451884,244.18841578165691,17240661.666666668,246.54165048599242,4.388052463531494
2024-06-28,250.051416460673,244.67636683781942,26242468.333333332,246.84913361867268,5.375049622853597
2024-07-01,249.45228360493977,243.59220186869302,18278205.0,246.7053827603658,5.8600817362467446
2024-07-02,249.1178681373596,244.43906790415446,17888576.666666668,248.30166597366332,4.67880023320516
2024-07-03,250.65118500391642,246.62086604436237,13262971.666666666,248.94059953689575,4.0303189595540365
2024-07-05,252.8720338185628,247.32046632766725,17866598.333333332,251.5716823577881,5.551567490895589
2024-07-08,253.07468379338582,248.77890036900837,18385020.0,250.48428277969361,4.295783424377442
2024-07-09,253.05684906641642,248.25516656239827,19126028.333333332,250.30759830474852,4.801682504018148
2024-07-10,252.57931718826293,248.03451573053997,18216346.666666668,251.55031929016113,4.544801457722982
2024-07-11,253.85270039240518,246.5981669108073,23598723.333333332,248.93465124766033,7.254533481597901
2024-07-12,252.58868217468262,247.48271684646608,19312390.0,250.26365016301472,5.105965328216553
2024-07-15,254.76918217341105,249.2664986292521,17211536.666666668,251.79918301900227,5.502683544158936
2024-07-16,255.73656635284425,249.9180340131124,17654900.0,253.67031580607096,5.818532339731852
2024-07-17,253.92041765848796,247.86723244984944,24877866.666666668,250.4564677874247,6.053185208638509
2024-07-18,253.26863091786703,244.83909950256347,22420763.333333332,247.11616633733112,8.429531415303549
2024-07-19,250.63113384246827,244.56033344268798,17488866.666666668,246.30268357594807,6.070800399780273
2024-07-22,250.6613828976949,246.06338183085123,17680196.666666668,248.90943330128988,4.598001066843668
2024-07-23,251.90513277053833,247.28551568984986,15725235.0,248.80414991378785,4.619617080688476
2024-07-24,248.73190018335978,241.93098379770916,22994648.333333332,243.66078322728475,6.800916385650635
2024-07-25,249.95081656773885,240.68635190327961,24208530.0,244.42986669540406,9.26446466445923
2024-07-26,249.3972679456075,243.82923418680826,18005021.666666668,246.6755656560262,5.568033758799235
2024-07-29,249.5984658877055,244.25631783803303,16040435.0,246.2389001528422,5.342148049672445
2024-07-30,249.4787830988566,242.39851859410604,22527865.0,245.36060199737548,7.08026450475057
2024-07-31,251.68509969711303,245.6648341178894,24372885.0,248.94523210525512,6.020265579223633
2024-08-01,253.45766649246215,243.93724943796795,27481828.333333332,246.91921641031902,9.520417054494223
2024-08-02,246.54971675872804,238.25266679128012,33601496.666666664,242.5460002263387,8.297049967447917
2024-08-05,240.7962511698405,230.06683108011882,33232381.666666668,236.1238172531128,10.72942008972168
2024-08-06,243.23546810150145,235.49476737976073,25299428.333333332,239.07911631266276,7.740700721740723
2024-08-07,244.3546007792155,236.29460150400797,23336278.333333332,237.24158328374227,8.05999927520752
2024-08-08,245.46880054473877,239.03783330917358,21810750.0,243.98921531041464,6.430967235565186
2024-08-09,247.46106643676757,242.28260068893434,17442821.666666668,245.90233421325684,5.178465747833252
2024-08-12,248.03385041554768,243.44953473409018,17591425.0,245.64981629053753,4.58431568145752
2024-08-13,250.19323202768962,245.53040129343668,18112383.333333332,249.2807672182719,4.66283073425293
2024-08-14,252.11164903640747,247.20091565450033,18097066.666666668,250.55371704101563,4.9107333819071455
2024-08-15,255.64025297164918,251.1451177597046,20826620.0,254.16983318328857,4.49513521194458
2024-08-16,255.77351643244427,252.07408297856648,17476405.0,254.27623414993286,3.699433453877767
2024-08-19,257.00568335851034,253.1816505432129,16995121.666666668,256.2663832028707,3.8240328152974445
2024-08-20,259.0713178952535,254.8441003481547,17149323.333333332,256.8515984853109,4.227217547098795
2024-08-21,258.9829831759135,255.25923245747884,15341831.666666666,257.4358824412028,3.7237507184346517
2024-08-22,259.5849178314209,254.2446667353312,18579408.333333332,255.58419771194457,5.340251096089681
2024-08-23,258.9095337867737,253.4370175997416,17181065.0,256.6264494895935,5.472516187032064
2024-08-26,258.73616692225136,254.5232338587443,16072270.0,256.2011830965678,4.21293306350708
2024-08-27,259.0410006205241,254.40400091807047,14442041.666666666,257.2472324053446,4.636999702453613
2024-08-28,258.64258371988933,253.35171642303467,18056141.666666668,255.2771827061971,5.290867296854655
2024-08-29,259.8679330825806,254.29849898020427,18871598.333333332,256.2960325241089,5.569434102376302
2024-08-30,259.95543279647825,255.27181809743246,20902900.0,259.0658507347107,4.683614699045817
2024-09-03,260.27806793848674,252.81418431599934,23503838.333333332,254.4803663253784,7.463883622487386
2024-09-04,257.0362845102946,252.03800099690756,18985748.333333332,254.84040101369223,4.998283513387045
2024-09-05,256.5357490857442,250.56996536254883,17819531.666666668,253.22819976806642,5.965783723195394
2024-09-06,255.35890188217164,247.901366519928,23456190.0,249.37688363393147,7.457535362243652
2024-09-09,254.77193218866984,249.39354972839357,20659303.333333332,252.9360159556071,5.378382460276286
2024-09-10,256.17141710917156,250.1557502746582,20285903.333333332,253.51560084025064,6.015666834513346
2024-09-11,256.73283240000404,248.55068101882935,22389963.333333332,255.84825038909912,8.182151381174723
2024-09-12,258.96333510080973,253.82383413314818,19676755.0,257.8276326497396,5.139500967661539
2024-09-13,261.30958267847694,256.45949942270914,15739806.666666666,259.25919971466067,4.850083255767823
2024-09-16,262.08641554514566,257.5235006650289,18466111.666666668,260.2549517949422,4.5629148801167805
2024-09-17,262.7195823033651,258.1213341077169,18231843.333333332,259.845733833313,4.5982481956481935
2024-09-18,262.54833358128866,257.12516667048135,19270571.666666668,258.5994499842326,5.423166910807292
2024-09-19,265.520249970754,260.0329328219096,21575945.0,263.27794914245607,5.487317148844401
2024-09-20,265.02699855168663,260.28535178502403,46706573.333333336,263.2016477584839,4.741646766662598
2024-09-23,266.0095658302307,261.52666641871133,18373146.666666668,263.83979924519855,4.4828994115193685
2024-09-24,265.9318177541097,261.14250135421753,20513211.666666668,264.1429331143697,4.789316399892171
2024-09-25,265.9877150853475,261.60841801961266,18005686.666666668,263.27475080490115,4.379297065734863
2024-09-26,267.0023146947225,261.67033138275144,20074055.0,264.2773338953654,5.331983311971029
2024-09-27,266.15985078811644,261.48263390858966,16701968.333333334,263.0786986986796,4.677216879526774
2024-09-30,265.52576681772865,260.5806492169698,16650691.666666666,264.3104679107666,4.945117600758871
2024-10-01,265.7370501200358,259.8691159248352,18979025.0,262.1851336161296,5.867934195200602
2024-10-02,264.7179507255554,259.8533670107524,14486595.0,262.93981777826946,4.86458371480306
2024-10-03,263.99103260040283,259.9243335088094,15191640.0,262.17016611099245,4.066699091593424
2024-10-04,266.14866600036623,261.5195016225179,16190363.333333334,265.06649888356526,4.629164377848308
2024-10-07,266.28083321253456,261.16925083796184,17265188.333333332,262.62333431243894,5.1115823745727536
2024-10-08,266.93700024286903,262.1934167544047,15858068.333333334,265.19666582743326,4.743583488464355
2024-10-09,268.79166685740154,263.6209152539571,15663305.0,267.71566524505613,5.170751603444417
2024-10-10,268.86164948145546,264.6794006347656,15290915.0,266.7858331680298,4.18224884668986
2024-10-11,269.7479991912842,265.49726616541545,16383650.0,268.1823334376017,4.250733025868734
2024-10-14,271.2206668217977,266.98166615168253,14640960.0,269.52966690063477,4.239000670115153
2024-10-15,271.290168094635,264.8337506930033,21272436.666666668,266.5983337720235,6.456417401631673
2024-10-16,268.63100074132285,263.8417686780294,16309791.666666666,267.0618327140808,4.789232063293457
2024-10-17,270.09566396077474,265.6209979375204,16364355.0,266.89783341089884,4.474666023254395
2024-10-18,270.76050062179564,266.32866563796995,14277248.333333334,269.42399956385293,4.431834983825683
2024-10-21,270.5900000890096,266.126415348053,14424155.0,268.3928331375122,4.463584740956624
2024-10-22,269.6741503715515,265.5234993934631,15311888.333333334,268.12366717656454,4.150650978088379
2024-10-23,268.83383251825967,263.53696603775023,17540566.666666668,265.7433332761129,5.29686648050944
2024-10-24,269.3425019900004,264.5126670837402,15949563.333333334,266.99950046539306,4.829834906260173
2024-10-25,270.44299767812095,265.4322501818339,16313225.0,266.51716623306277,5.010747496287028
2024-10-28,269.44326842625935,265.7331669807434,14277440.0,267.29625012079873,3.7101014455159507
2024-10-29,270.15266602834066,265.1506672223409,15957468.333333334,268.19583559036255,5.001998805999756
2024-10-30,269.7450831413269,263.5637503306071,17600020.0,266.37983353932697,6.181332810719808
2024-10-31,266.9501677513123,260.786666170756,22370571.666666668,262.23983313242593,6.163501580556233
2024-11-01,266.26649853388466,261.09016844431557,19447951.666666668,263.5068304379781,5.176330089569092
2024-11-04,265.20049940745037,260.6434506734212,15297401.666666666,262.42833490371703,4.557048734029134
2024-11-05,266.5300340016683,262.00049985249836,15747636.666666666,265.4503328959147,4.529534149169922
2024-11-06,276.01733414332074,267.56184975306195,26755131.666666668,272.7286666870117,8.455484390258789
2024-11-07,279.01749919255576,272.2011684099833,20262203.333333332,276.33683522542316,6.816330782572428
2024-11-08,282.1810006459554,274.75991786321003,18506016.666666668,279.3550001780192,7.421082782745361
2024-11-11,283.694419670105,277.38633324305215,19461260.0,280.68966684341433,6.308086427052816
2024-11-12,282.8129152933756,277.03833122253417,17822130.0,279.4883329709371,5.774584070841471
2024-11-13,282.38106803894044,276.937331867218,17846460.0,279.2421676317851,5.443736171722412
2024-11-14,281.45325088500977,275.6944172859192,18209381.666666668,277.2686673164368,5.758833599090576
2024-11-15,277.38333180745445,271.00091851552327,23556500.0,273.42533413569134,6.382413291931153
2024-11-18,276.48250172932944,270.64466695785524,19868241.666666668,274.0340018908183,5.837834771474203
2024-11-19,276.09783411026,269.725515906016,16937468.333333332,274.7663328806559,6.372318204243978
2024-11-20,277.8951148033142,271.8238333702087,16903885.0,275.81399993896486,6.071281433105469
2024-11-21,281.2618351300558,273.75624856948855,21456388.333333332,278.7840004285177,7.50558656056722
2024-11-22,282.55341815948486,276.48716802597045,17134955.0,279.9236659367879,6.066250133514404
2024-11-25,284.04400005340574,277.50900049209594,25766348.333333332,279.89100042978924,6.534999561309815
2024-11-26,284.3319155057271,278.7116673151652,15471601.666666666,282.23382981618244,5.62024819056193
2024-11-27,284.15266536076865,278.55250040690106,14697638.333333334,280.9031669298808,5.600164953867594
2024-11-29,284.52016677856443,280.4331345240275,10290728.333333334,282.8844975153605,4.087032254536947
2024-12-02,285.9795000076294,280.77541538874306,17501891.666666668,283.59366868336997,5.204084618886312
2024-12-03,286.73116566340127,281.17283490498863,17625140.0,284.65266672770184,5.558330758412679
2024-12-04,290.0731697400411,283.8081659952799,18726905.0,287.73650210698446,6.265003744761149
2024-12-05,290.1359980583191,284.2479997952779,19029510.0,286.39766651789347,5.887998263041179
2024-12-06,291.00623242060345,284.76883503595985,17480730.0,288.1613317489624,6.237397384643555
2024-12-09,290.1928347269694,281.98016764322915,20370125.0,284.72633298238117,8.212667083740234
2024-12-10,288.44816773732504,281.6288678487142,19315401.666666668,284.2131667772929,6.81929988861084
2024-12-11,289.3545857747396,282.75966831843056,21718256.666666668,286.5818345069885,6.594917456309001
2024-12-12,288.2629181543986,282.99033314387003,16500688.333333334,284.54383357365924,5.272585010528564
2024-12-13,287.6894174257914,281.34383217493695,19440585.0,284.19849926630656,6.3455852508544925
2024-12-16,288.7691694259644,282.0311668395996,23374248.333333332,285.51833492914835,6.738002586364746
2024-12-17,287.299999109904,281.2333339373271,21882250.0,284.366499265035,6.066665172576904
2024-12-18,286.7366657892863,274.3823336919149,24782203.333333332,275.6653336207072,12.354332097371419
2024-12-19,280.4306650479635,273.4793341636658,22328161.666666668,275.02316522598267,6.951330884297689
2024-12-20,281.71608266830447,272.03033266067507,41537266.666666664,277.9300003051758,9.685750007629395
2024-12-23,280.7575011253357,275.24450085957847,16500126.666666666,279.6458339055379,5.513000265757243
2024-12-24,283.5364489237467,278.8854839642843,8926090.0,283.02833331425984,4.650964959462484
2024-12-26,284.17209866841637,280.5096659978231,10571038.333333334,282.6771662712097,3.6624326705932617
2024-12-27,282.43733297983806,276.83944746653236,13462311.666666666,279.47983271280924,5.597885513305664
2024-12-30,278.3579993247986,273.51416571935016,13185291.666666666,276.11916700998944,4.843833605448405
2024-12-31,277.79299710591636,273.43316580454507,12539736.666666666,274.817000134786,4.359831301371257
2025-01-02,278.71713329950967,271.79533335367836,16139208.333333334,274.5129992167155,6.921799945831299
2025-01-03,279.1965025901794,273.9793328603109,15637805.0,277.6884998321533,5.217169729868571
2025-01-06,282.36516799926756,275.85700066884357,20375435.0,278.5068339029948,6.508167330423991
2025-01-07,281.6298340161641,273.9261663754781,20590241.666666668,276.3099175453186,7.703667640686035
2025-01-08,278.9901661237081,273.29966691335045,17061708.333333332,276.90500027338663,5.690499210357666
2025-01-10,277.7948331832886,270.2113322893778,19072321.666666668,273.14899889628094,7.583500893910726
2025-01-13,275.31491731007895,269.34530038833617,16771121.666666666,273.60649995803834,5.969616921742757
2025-01-14,276.86366844177246,270.6483349164327,15922010.0,273.68683293660484,6.215333525339762
2025-01-15,281.59891649881996,274.8425811131795,18358388.333333332,279.30216550827026,6.756335385640463
2025-01-16,282.7486674308777,276.7220001538595,17132818.333333332,279.02833388646445,6.0266672770182295
2025-01-17,284.6376667022705,278.676833597819,21139025.0,281.6775003751119,5.960833104451497
2025-01-21,287.99468320210775,281.07785040537516,20870658.333333332,285.1114982922872,6.916832796732584
2025-01-22,291.7047314325968,285.3464993794759,19417430.0,288.07816677093507,6.358232053120931
2025-01-23,291.6700805664062,285.7751666386922,15503550.0,290.21349611282346,5.89491392771403
2025-01-24,292.4913330078125,286.86873620351156,17147028.333333332,289.6231669743856,5.622596804300944
2025-01-27,292.6224998474121,282.51099882125857,34740061.666666664,289.43933423360187,10.111501026153565
2025-01-28,294.34424975713097,286.26469771067303,25377478.333333332,290.73300040562947,8.079552046457927
2025-01-29,293.6661489168803,287.71799761454264,20982071.666666668,290.11866722106936,5.948151302337647
2025-01-30,294.8864992459615,287.13419949213664,22634733.333333332,291.4011668205261,7.75229975382487
2025-01-31,295.4339981396993,289.0205512046814,23512205.0,290.4170012791952,6.4134469350179035
2025-02-03,292.69233277638756,284.2959671020508,22962010.0,290.4526666323344,8.396365674336751
2025-02-04,295.1549968401591,288.0830007553101,21761121.666666668,292.1358326594035,7.071996084849039
2025-02-05,295.31483392715455,289.0368329048157,21730265.0,293.57300122578937,6.278001022338867
2025-02-06,297.6557499249776,291.135498269399,19561393.333333332,295.0409991900126,6.520251655578614
2025-02-07,297.9776648839315,291.15599927902224,20246245.0,292.67666578292847,6.821665604909261
2025-02-10,297.20341606140136,291.0118343989054,17873430.0,294.7270027160645,6.191581662495931
2025-02-11,296.41716521581014,290.80533402760824,18377103.333333332,293.7384987513224,5.611831188201904
2025-02-12,295.1054973602295,288.9597158114115,18504200.0,293.02616736094154,6.145781548817952
2025-02-13,299.33616727193197,292.6726659138997,20528471.666666668,297.0374988555908,6.663501358032226
2025-02-14,300.2376668612162,293.8206658999125,19179893.333333332,297.2106653849284,6.417000961303711
2025-02-18,299.9808318456014,292.73949886957803,22657116.666666668,296.7963339487712,7.241332976023356
2025-02-19,299.2143335342407,293.41083335876465,18062208.333333332,297.16116784413657,5.803500175476074
2025-02-20,298.14050070444745,290.40583321253456,19796291.666666668,293.70283365249634,7.734667491912842
2025-02-21,295.38150053024293,286.019585386912,22202680.0,288.0863313674927,9.361915143330892
2025-02-24,291.9956653277079,283.96466528574626,21904650.0,286.958167552948,8.03100004196167
2025-02-25,289.95883487065635,280.71033341089884,23659186.666666668,285.6093318303426,9.248501459757486
2025-02-26,290.54716571172077,282.67225042978924,20392156.666666668,286.1036666870117,7.8749152819315595
2025-02-27,290.36273504892984,280.56603450775145,23555231.666666668,281.9288338025411,9.796700541178385
2025-02-28,287.4018320083618,279.2839999516805,27615936.666666668,286.62733357747396,8.117832056681316
2025-03-03,290.9686672210693,280.4673347155253,25399196.666666668,283.2068318684896,10.501332505544026
2025-03-04,285.09824994405113,274.18610019683837,29662165.0,279.1118342081706,10.912149747212728
2025-03-05,284.1740644454956,276.6313329378764,21628488.333333332,282.74033269882204,7.542731507619222
2025-03-06,282.17300074895223,272.2694502194723,23049711.666666668,275.1610014597575,9.90355052947998
2025-03-07,277.8736654917399,266.7375000953674,24752008.333333332,273.93150027592975,11.136165396372478
2025-03-10,272.30883302688596,261.5977504412333,29876490.0,264.5701656023661,10.711082585652669
2025-03-11,268.6654984792074,259.8603345235189,27682658.333333332,264.1661682128906,8.805163955688476
2025-03-12,270.4878352165222,262.88300037384033,24623858.333333332,266.3963337262472,7.604834842681885
2025-03-13,267.63916680018104,259.24483331044513,24244586.666666668,261.57616640726724,8.39433348973592
2025-03-14,268.46300144195556,262.01400190989176,21236093.333333332,267.30333178838094,6.4489995320638025
2025-03-17,272.4738318443298,265.38941621780396,21721131.666666668,269.97000096639,7.084415626525879
2025-03-18,270.36841615041095,264.30983368555707,21046173.333333332,266.82466719945273,6.058582464853923
2025-03-19,272.4839664141337,265.5828335126241,21190080.0,270.1830011685689,6.901132901509603
2025-03-20,272.88363428115844,266.78575070699054,19407275.0,269.6698329925537,6.097883574167887
2025-03-21,271.70200106302894,265.07000061670936,31500873.333333332,270.38499841690066,6.63200044631958
2025-03-24,277.3325657526652,271.9629988670349,20766716.666666668,275.92916409174603,5.36956688563029
2025-03-25,279.34633283615113,273.9983337720235,16954231.666666668,277.05966634750365,5.347999064127604
2025-03-26,278.97483485539755,271.86043446858724,20348040.0,273.78533229827883,7.114400386810303
2025-03-27,275.9443342844645,269.4239989598592,18631155.0,271.96583185195925,6.520335324605306
2025-03-28,272.9143342336019,264.6659997940063,19604875.0,266.2926648457845,8.24833443959554
2025-03-31,270.16350037256876,259.7536682764689,24695758.333333332,268.02599891026813,10.409832096099853
2025-04-01,270.5458322207133,263.8019178708394,18483315.0,268.5788349151611,6.743914349873861
2025-04-02,272.9068321545919,264.5008332888285,19291478.333333332,270.8684990564982,8.405998865763346
2025-04-03,267.2320489883423,257.05028235117595,33101446.666666668,260.1573344230652,10.18176663716634
2025-04-04,256.5166513442993,241.30416746139525,42352930.0,243.22383292516074,15.212483882904053
2025-04-07,252.3112848599752,230.27533321380616,45094508.333333336,243.2563333829244,22.03595164616903
2025-04-08,255.32168296178182,237.1318339029948,36035376.666666664,240.9208332379659,18.18984905878703
2025-04-09,264.76633434295655,236.57411657969158,49313121.666666664,262.76566626230874,28.192217763264974
2025-04-10,260.81116552352904,246.33216638565062,34426736.666666664,254.0443310101827,14.478999137878418
2025-04-11,259.3511677106222,249.41591663360595,25932296.666666668,256.96233065923053,9.935251077016195
2025-04-14,263.7521666526794,255.83783356348673,22416058.333333332,259.0990014712016,7.914333089192708
2025-04-15,263.9198340733846,257.51108423868817,19587825.0,259.97233355840046,6.408749834696452
2025-04-16,260.5933331489563,252.28669980367025,24833090.0,254.98599955240886,8.306633345286052
2025-04-17,259.71966622670493,252.4315018971761,21324746.666666668,255.57333351771038,7.288164329528809
2025-04-21,255.39666500091553,246.34318052927654,20680551.666666668,249.7256672223409,9.053484471638997
2025-04-22,258.2265002886454,250.71000010172526,20783621.666666668,256.1964981396993,7.516500186920166
2025-04-23,266.8943340619405,258.1791685740153,23507781.666666668,260.36566756566367,8.715165487925212
2025-04-24,268.7871671994527,259.9026677131653,21618585.0,267.46416721343996,8.884499486287435
2025-04-25,271.0775177637736,264.5604161262512,22509463.333333332,269.2153344790141,6.517101637522379
2025-04-28,272.2733002026876,265.7836676279704,19112293.333333332,269.4771667480469,6.489632574717204
2025-04-29,272.5073357264201,267.0296660423279,16059183.333333334,271.1630002339681,5.477669684092204
2025-04-30,273.0103809992472,264.48508307139076,21902248.333333332,271.92733227411907,8.525297927856446
2025-05-01,275.6601676305135,268.439497534434,21031336.666666668,270.863165918986,7.220670096079508
2025-05-02,278.71703453063964,272.7564159393311,20237355.0,276.505331770579,5.960618591308593
2025-05-05,277.8914187113444,272.0315004666646,16689500.0,275.1945023536682,5.859918244679769
2025-05-06,276.0001661936442,269.9681846618652,17839095.0,272.3503326098124,6.031981531778971
2025-05-07,276.57883237202964,270.6171640396118,22031450.0,274.24200038909913,5.961668332417806
2025-05-08,279.6336663881938,273.0979998906453,20379890.0,275.52900145848594,6.535666497548421
2025-05-09,278.11961625417075,272.9965002695719,15304400.0,274.69266754786173,5.123115984598796
2025-05-12,284.5450833320618,276.7535015741984,23942440.0,282.086167494456,7.791581757863363
2025-05-13,286.6978329340617,279.0836672147115,25789571.666666668,283.2410013516744,7.614165719350179
2025-05-14,286.2648328145345,280.09431851704915,23757003.333333332,282.5243317604065,6.170514297485352
2025-05-15,286.0695514043172,278.70320008595786,22699538.333333332,284.12416683832805,7.366351318359375
2025-05-16,287.687833182017,282.42433331807456,20779073.333333332,286.48133484522504,5.263499863942465
2025-05-19,288.01374807357786,282.21191590627035,18193250.0,286.8493327140808,5.801832167307536
2025-05-20,287.88046668370566,283.4400654157003,16572123.333333334,285.79874868392943,4.440401268005371
2025-05-21,287.23766514460243,280.2983325958252,21452643.333333332,281.596333694458,6.939332548777262
2025-05-22,284.16533250808715,279.2743662834167,17558350.0,281.1558338801066,4.89096622467041
2025-05-23,282.5297485033671,277.4058327039083,17082471.666666668,280.44616689682005,5.123915799458822
2025-05-27,287.63191553751625,281.9585004170736,18826730.0,286.6873327255249,5.673415120442709
2025-05-28,288.8843345324198,284.4254160563151,17752228.333333332,285.70266644159955,4.458918476104737
2025-05-29,288.4037162144979,282.6925010999044,19708020.0,285.46049909591676,5.7112151145935055
2025-05-30,288.8401675860087,281.8007523854574,29037213.333333332,286.67116667429605,7.039415200551351
2025-06-02,289.18536777496337,283.1681678771973,16841288.333333332,288.2086646080017,6.017199897766114
2025-06-03,291.16033341089883,285.599667485555,19000356.666666668,289.0781646728516,5.560665925343831
2025-06-04,292.5421669324239,287.69191563924153,16796725.0,290.14516665140786,4.850251293182373
2025-06-05,292.98400049209596,286.26666787465416,23607781.666666668,288.58716716766355,6.717332617441813
2025-06-06,293.5263329823812,288.87116912206017,17887615.0,291.1220006306966,4.655163860321045
2025-06-09,292.8247488339742,286.7663325627645,19184611.666666668,290.02699991861977,6.058416271209717
2025-06-10,293.4254153251648,286.960915184021,20868980.0,291.088166364034,6.464500141143799
2025-06-11,294.41333634058634,288.31450173060097,19959605.0,291.13566602071126,6.098834609985351
2025-06-12,293.4638335227966,288.4819979031881,16937280.0,291.61666736602785,4.981835619608561
2025-06-13,292.07371695836383,285.5022339820862,19876806.666666668,288.0783338228861,6.571482976277669
2025-06-16,293.4315835316976,287.7883664131165,18789080.0,290.7606663386027,5.643217118581136
2025-06-17,291.8232481956482,286.8800004005432,17356615.0,288.18416630427043,4.9432477951049805
2025-06-18,291.07940196990967,284.70333366394044,18779405.0,286.7141688346863,6.3760683059692385
2025-06-20,289.7312489827474,283.45953464508057,31080380.0,285.6186654726664,6.27171433766683
2025-06-23,290.7630823453267,283.0131685892741,21478063.333333332,289.35250012079877,7.749913756052653
2025-06-24,295.2663329442342,289.4746668497721,21609563.333333332,293.4368355115255,5.791666094462077
2025-06-25,296.53311592737833,290.63001753489175,19465833.333333332,292.8546636899312,5.903098392486572
2025-06-26,297.2459154764811,291.6933351516724,19443815.0,295.71716651916506,5.552580324808757
2025-06-27,299.88866631189984,293.5283337275187,31784178.333333332,296.4915000915527,6.360332584381103
2025-06-30,301.33180042902626,295.9651661872864,22207320.0,299.04533354441327,5.366634241739908
2025-07-01,301.9888326327006,293.3388312339783,21794678.333333332,297.47149969736734,8.650001398722331
2025-07-02,300.15108187993366,294.17241719563805,19381943.333333332,297.79033374786377,5.978664684295654
2025-07-03,302.07999957402546,297.0258327484131,12263836.666666666,300.49633207321165,5.054166825612386
2025-07-07,301.22116696039836,295.50233488082887,17648021.666666668,298.0819995880127,5.7188320795694985
2025-07-08,300.9155827840169,294.6508317947388,18945450.0,297.22533486684165,6.264750989278157
2025-07-09,300.5894196828206,295.1111660321554,17970820.0,298.10816898345945,5.478253650665283
2025-07-10,301.21424776713053,294.00643361409504,16975866.666666668,297.1400002479553,7.207814153035482
2025-07-11,298.08874835968015,292.3935177167257,16314716.666666666,295.3138347943624,5.695230642954509
2025-07-14,298.8445833206177,293.20418208440145,16096231.666666666,297.0008322397868,5.640401236216227
2025-07-15,299.1420999526978,293.14066686630247,19741765.0,294.61433331171673,6.001433086395264
2025-07-16,297.67441809972127,291.8570651690165,18264911.666666668,295.59016739527385,5.817352930704753
2025-07-17,298.86311696370444,292.86683457692465,18111883.333333332,296.33033425013224,5.996282386779785
2025-07-18,298.34558436075844,292.7124185244242,18164731.666666668,295.1636666615804,5.6331658363342285
2025-07-21,298.9230002721151,293.42116559346516,15762443.333333334,295.81216564178465,5.501834678649902
2025-07-22,298.6870836575826,291.72861563364665,17778906.666666668,295.01916529337564,6.9584680239359535
2025-07-23,300.30399974187213,293.9312000274658,17878741.666666668,297.98016856511435,6.372799714406331
2025-07-24,302.0758341471354,295.71575190226235,20238810.0,298.31416556040443,6.3600822448730465
2025-07-25,301.57441625595095,296.72714977264405,19142485.0,299.3401653289795,4.847266483306885
2025-07-28,302.6645837148031,297.4110831896464,16584406.666666666,299.9686665534973,5.253500525156657
2025-07-29,302.6569991747538,296.38100007375084,18903410.0,298.7133352279663,6.275999101003011
2025-07-30,301.40974906285606,295.64174938201904,17146201.666666668,298.3701660792033,5.767999680836995
2025-07-31,302.91450147628785,294.12083361943564,23946650.0,296.0345008214315,8.793667856852213
2025-08-01,296.8465492248535,289.0566312472026,23116868.333333332,292.9795019467672,7.78991797765096
2025-08-04,298.52266562779744,292.62246592839557,18286886.666666668,296.9006670633952,5.900199699401855
2025-08-05,299.348250802358,292.694065507253,19302430.0,294.8231664975484,6.6541852951049805
2025-08-06,298.8926817893982,292.3896157900492,19863040.0,296.64549900690713,6.503065999348959
2025-08-07,300.10000104904174,290.62383260726926,19803953.333333332,294.4748326301575,9.476168441772462
2025-08-08,299.3263323465983,293.19413436253865,17764908.333333332,296.6840003649394,6.132197984059652
2025-08-11,300.07150014241535,293.3095171610514,18737583.333333332,295.9131679852804,6.761982981363932
2025-08-12,301.00441551208496,294.56450242996215,17897831.666666668,299.2701667467753,6.439913082122803
2025-08-13,303.0805011113485,295.7904993057251,18751025.0,299.531165822347,7.290001805623373
2025-08-14,302.52799854278567,296.4815016746521,18421798.333333332,300.1495018005371,6.046496868133545
2025-08-15,303.6971651077271,297.3342493375142,23096246.666666668,300.39049739837645,6.362915770212809
2025-08-18,302.85083433787025,298.06716712315875,17291563.333333332,300.9463334083557,4.783667214711508
2025-08-19,303.3192484855652,296.363499546051,21965031.666666668,298.6816688219706,6.9557489395141605
2025-08-20,301.14750051498413,294.1058346748352,22247826.666666668,298.7689986228943,7.041665840148926
2025-08-21,300.0315002123515,294.8034996986389,15737293.333333334,297.093665599823,5.228000513712565
2025-08-22,303.2976682980855,295.1758339881897,20663131.666666668,300.5568337122599,8.121834309895833
2025-08-25,302.59300031661985,297.1347491582235,16357081.666666666,298.9523324648539,5.458251158396403
2025-08-26,302.4583327929179,296.7593326886495,18739933.333333332,300.84783369700114,5.699000104268392
2025-08-27,303.49150104522704,298.89783414204913,16162226.666666666,301.5708324432373,4.593666903177897
2025-08-28,305.2576692581177,299.815833791097,17297875.0,303.68733167648315,5.44183546702067
2025-08-29,304.98563442230227,299.3898341178894,16999731.666666668,301.8608348528544,5.595800304412842
2025-09-02,302.010267384847,295.5965005238851,18033826.666666668,300.61633284886676,6.413766860961914
2025-09-03,303.75125188827514,297.7586682319641,18498843.333333332,301.44133536020917,5.9925836563110355
2025-09-04,305.6044154485067,299.1039652188619,16469826.666666666,304.0824995994568,6.500450229644775
2025-09-05,308.5631661732992,300.42050043741864,21259970.0,303.88966588974,8.142665735880534
2025-09-08,308.41033461888634,302.1556676864624,17509781.666666668,305.85416479110717,6.25466693242391
2025-09-09,310.0769993464152,303.8623824119568,16775500.0,307.9441668192546,6.214616934458415
2025-09-10,312.6861656188965,305.3753326416016,21402065.0,308.3108331680298,7.310832977294922
2025-09-11,314.06979789733884,306.3018337567647,18092613.333333332,310.794500764211,7.767964140574137
2025-09-12,313.33955198923746,307.4806667963664,17308060.0,310.0501665433248,5.858885192871094
2025-09-15,314.49966576894127,307.875115553538,17921326.666666668,311.56283400853476,6.6245502154032385
2025-09-16,314.7194991747538,309.0874166806539,16939263.333333332,312.1623340288798,5.632082494099935
2025-09-17,316.7040017445882,309.7024994532267,19293976.666666668,314.063498655955,7.001502291361491
2025-09-18,318.66101694107056,311.65049947102864,26627806.666666668,314.88916829427086,7.01051747004191
2025-09-19,319.43149655659994,313.12763293584186,36219086.666666664,316.9536661148071,6.303863620758056
2025-09-22,320.18616679509483,313.4324154218038,21677731.666666668,317.50766626993817,6.753751373291015
2025-09-23,320.71181751887,313.56858186721803,20002286.666666668,316.0949982961019,7.143235651652018
2025-09-24,319.3548159917196,312.6423325538635,18066906.666666668,315.04716431299846,6.712483437856038
2025-09-25,316.07265014648436,309.2700003941854,21785701.666666668,312.73499806722003,6.802649752298991
2025-09-26,316.63616574605305,310.8526654561361,18648798.333333332,314.38583250045775,5.783500289916992
2025-09-29,318.7181338628133,312.1125828742981,18398515.0,315.24349981943766,6.605550988515218
2025-09-30,318.93258269627887,310.96801573435465,19360866.666666668,316.1811671257019,7.964566961924235
2025-10-01,320.93741569519045,310.846265411377,20604086.666666668,317.43816769917805,10.091150283813477
2025-10-02,320.40308278401693,313.0605842272441,18387058.333333332,316.84716844558716,7.342498556772868
2025-10-03,321.15296557744347,314.01699755986533,18455043.333333332,317.2696654319763,7.135968017578125
2025-10-06,322.40758320490517,312.55249843597414,21712228.333333332,317.3781678835551,9.855084768931071
2025-10-07,321.53216546376547,313.4008341153463,17953671.666666668,317.01216716766356,8.13133134841919
2025-10-08,321.50983476638794,314.84833374023435,17498520.0,318.5044993718465,6.661501026153564
2025-10-09,321.55741799672444,314.277832476298,17349158.333333332,318.1251670519511,7.279585520426433
2025-10-10,321.40100049972534,309.85991719563805,24835216.666666668,310.77333199183147,11.541083304087321
2025-10-13,317.86983219782513,311.08166856765746,16747011.666666666,315.7435019810994,6.788163630167643
2025-10-14,318.96208499272666,309.7723001162211,19303111.666666668,315.88216632207235,9.189784876505534
2025-10-15,321.37083463668824,313.87133474349974,19138908.333333332,317.30149892171227,7.499499893188476
2025-10-16,321.93699938456217,312.45699933369957,18835416.666666668,315.1228330612183,9.48000005086263
2025-10-17,318.87383302052814,311.68950036366783,19160491.666666668,316.6936668395996,7.184332656860351
2025-10-20,322.23711614608766,315.5983324368795,16338470.0,319.7193327903748,6.6387837092081705
2025-10-21,323.458482615153,316.73598470687864,16880921.666666668,319.9798321406046,6.722497908274333
2025-10-22,323.0854477882385,314.43136806488036,19047036.666666668,318.1229990005493,8.654079723358155
2025-10-23,322.7288314183553,315.1984655062358,17202456.666666668,320.4864988644918,7.530365912119548
2025-10-24,326.10616699854535,319.4148356119792,19393843.333333332,322.6884990692139,6.691331386566162
2025-10-27,328.26383272806805,321.8014993349711,20390660.0,325.92983395258585,6.462333393096924
2025-10-28,329.34061683019,322.8021664619446,21036883.333333332,325.0116649627686,6.538450368245443
2025-10-29,328.82591711680095,320.8008320172628,22551201.666666668,324.1346690495809,8.025085099538167
2025-10-30,327.8491682052612,318.48366537094114,22294545.0,322.065998395284,9.365502834320068
2025-10-31,327.31324961980187,318.38588349024457,22751530.0,322.83166732788084,8.927366129557292
2025-11-03,327.1346694310506,318.05433416366577,19839438.333333332,322.87400204340616,9.080335267384847
2025-11-04,324.4855663617452,315.9814177831014,21542763.333333332,319.5686661720276,8.504148578643798
2025-11-05,325.3606683095296,316.15566501617434,18823751.666666668,321.91800057093303,9.205003293355306
2025-11-06,324.61349865595497,315.2411657969157,21386751.666666668,319.1163360277812,9.372332859039307
2025-11-07,321.40133295059206,312.17463200887045,21584993.333333332,318.9713318824768,9.226700941721598
